filename,name,dob,gender,aadhaar,label
img_1891.png,Sharon Lewis,16/09/2004,Female,3746 4001 3045,original
img_1932.png,April Lopez,11/03/2000,Female,3322 9312 8744,original
img_850.png,William Stevens,03/07/1965,Female,6275 2271 7452,tampered
img_1893.png,Jessica Diaz,11/04/1968,Male,9976 5850 9729,original
img_1544.png,Dakota Walter,29/08/1966,Male,3503 8863 3835,original
img_2795.png,Jim Morrison,12/06/1996,Female,1572 1630 6589,original
img_2358.png,Ricardo Gordon,17/12/1981,Female,9386 5380 9703,original
img_158.png,Megan Adams,09/04/1979,Female,6586 7006 2953,original
img_2161.png,Joshua Mcclure,27/01/2003,Female,8696 3679 8735,original
img_2297.png,Gloria Harper,02/03/1979,Male,5571 4514 2176,tampered
img_22.png,Marcia Cardenas,29/09/1982,Male,5999 8492 5915,original
img_2851.png,John Adkins,29/08/1984,Female,3465 8581 8348,original
img_2575.png,Jennifer Andrade,31/10/2005,Female,9983 6906 5698,tampered
img_2150.png,Patricia Garrison,17/01/2006,Female,9508 9788 9657,original
img_2886.png,Joshua Williams,30/08/1999,Female,9105 1317 1746,original
img_1582.png,Wendy Collins,19/03/1981,Female,4049 8781 8214,tampered
img_2270.png,Gregory Roberts,25/02/1993,Female,5782 7110 5777,original
img_1124.png,Brian Peters,19/06/2005,Male,3579 3363 2291,original
img_2474.png,Angel Parsons,06/09/1994,Male,3600 4977 5289,tampered
img_2562.png,David Benson,20/12/1967,Male,8498 5718 9111,original
img_662.png,Betty Williams,16/07/1998,Male,6318 4077 7765,tampered
img_1743.png,Kimberly Mendoza,29/01/2000,Female,1915 5205 5466,original
img_2257.png,Kim Thomas,23/08/1988,Female,1384 6826 5442,original
img_45.png,Courtney Payne,05/09/1970,Female,8424 3732 2965,original
img_27.png,Thomas Martinez,12/08/1985,Female,5055 8778 9173,tampered
img_375.png,Claudia Mueller,08/01/1987,Female,4505 5746 3509,tampered
img_2165.png,Mrs. Crystal Benton,27/05/1982,Male,4996 1010 9228,tampered
img_1116.png,Robert Ross,20/08/2003,Female,9151 9817 4573,tampered
img_904.png,Rebecca Harris,15/02/1973,Male,1188 9241 4681,original
img_2117.png,Eddie Wilson,09/12/1998,Male,8358 1815 2379,original
img_1194.png,William Mullen,06/04/1969,Male,9631 9852 2485,tampered
img_1786.png,Daniel Alvarado,31/07/1996,Female,9673 6946 9292,tampered
img_708.png,Craig Gross,24/04/1985,Female,3437 3264 7164,original
img_2502.png,Christian Goodman,21/12/1984,Male,9906 5046 7418,tampered
img_896.png,Ethan West,03/09/1969,Male,4580 3329 5016,tampered
img_962.png,Kristine Martinez,14/01/1993,Female,6214 6911 9372,tampered
img_2577.png,Renee Johnson,12/01/2004,Female,7130 8264 5972,tampered
img_2576.png,Denise Price,01/03/1992,Male,2594 6975 7909,tampered
img_2399.png,Nicole Bradshaw,23/02/1993,Female,3077 2533 6554,original
img_820.png,Jasmine Jenkins,16/10/2007,Female,7709 5810 3712,original
img_882.png,Brenda Andrade,20/07/1987,Female,5348 3649 8196,original
img_1991.png,James Smith,18/05/1997,Male,8407 7756 1861,tampered
img_32.png,Christine Winters,02/04/1989,Male,4152 7759 2942,tampered
img_1672.png,John Davis,10/06/1999,Female,6333 7365 5273,original
img_1266.png,Marcus Kennedy,31/12/1979,Male,1041 5002 9850,tampered
img_781.png,Brandi Coleman,18/10/1983,Male,4201 7877 9184,original
img_539.png,Glenn Graves,15/02/1975,Male,4820 8922 8854,tampered
img_2364.png,Shane Thomas,11/08/1967,Female,2369 4171 3071,tampered
img_1560.png,Miranda Andrews,16/05/1991,Female,1644 2838 6941,tampered
img_2656.png,Ronnie Stein,07/04/1991,Female,8422 4887 4510,tampered
img_68.png,Michael Thomas,08/12/1989,Female,3723 8719 2599,tampered
img_2555.png,Jesse Simpson,09/12/1996,Male,1518 2355 3206,original
img_1611.png,Carlos Garcia,21/07/2002,Male,6314 6554 1650,tampered
img_1632.png,Kristopher Nelson,26/10/2003,Male,2066 9572 7262,original
img_2662.png,Christopher Torres,22/10/2003,Female,7178 5754 8257,original
img_2439.png,Richard Hawkins,01/09/1974,Male,3861 8989 2335,original
img_993.png,Craig Patterson,26/08/2001,Male,1314 1218 3163,original
img_1072.png,Morgan Blackwell,02/09/2006,Female,2155 9694 5025,tampered
img_155.png,Blake Austin,18/12/1971,Male,9455 9980 4844,original
img_782.png,Amanda Grimes,24/11/1982,Female,3401 5622 9347,tampered
img_2792.png,David Jimenez,22/10/1981,Female,2547 5667 2054,tampered
img_2355.png,Katrina Campbell,08/07/1973,Male,4744 7569 6230,original
img_672.png,Jennifer Beltran,07/09/1984,Male,8311 7793 3808,original
img_2291.png,William Cervantes,06/07/1985,Male,8205 6497 4185,tampered
img_1534.png,Dylan Lynn,19/08/2004,Male,4255 5247 3459,tampered
img_2033.png,Timothy Paul,23/06/1991,Male,9943 2573 2286,original
img_525.png,Megan Martin,07/04/1976,Female,1383 8389 4936,original
img_1050.png,Austin Gilmore,15/01/1996,Male,5718 9092 4788,original
img_1972.png,Amy Gates,10/10/1974,Male,5395 2000 5206,original
img_1169.png,Tammy Drake,06/10/1991,Male,9073 2569 6970,original
img_537.png,Todd Brown,04/11/1991,Male,2033 2020 4292,tampered
img_2260.png,Robert Barnes,13/04/1992,Female,4857 2609 3355,tampered
img_1908.png,James Howard,31/08/1993,Male,8932 4897 4029,tampered
img_380.png,Javier Miller,11/12/1979,Male,3762 5415 9524,original
img_2216.png,Justin Small,27/09/1996,Female,4827 8233 4858,original
img_875.png,Traci Merritt,28/11/1967,Male,8120 8996 8683,original
img_371.png,David Nguyen,02/10/1994,Female,1354 2668 5490,tampered
img_238.png,Thomas Jefferson,08/04/2003,Male,7418 5018 7990,original
img_2295.png,Megan King,07/09/1977,Male,3620 8181 1402,original
img_2034.png,Richard Fuller,28/06/1995,Male,5053 3490 9088,original
img_1596.png,Stacy Wiggins,29/05/1991,Male,1649 6839 2173,original
img_1593.png,Jordan Lin,10/05/1993,Female,2234 4422 5649,tampered
img_1342.png,Cynthia Gonzales,16/06/1993,Male,3306 5514 2161,original
img_494.png,Cory George,05/05/1982,Male,7432 6327 5050,original
img_1652.png,Matthew Smith,26/09/1997,Female,8765 4811 3208,tampered
img_2421.png,Margaret Orozco,23/08/2005,Male,6484 1530 8347,original
img_1246.png,Dr. Samuel Welch,04/09/1976,Male,2660 5402 3067,tampered
img_1135.png,Lindsey Harris,22/12/2006,Female,2726 6103 9959,original
img_1351.png,Andrew Morales,17/03/1974,Female,2227 7762 8240,original
img_731.png,John Williams,04/11/2001,Male,8097 5688 4722,tampered
img_416.png,Michael Hartman,23/06/2002,Male,5303 5756 3711,original
img_607.png,Diana Mccullough,20/04/1988,Female,5274 7353 8214,tampered
img_628.png,Amanda Daniel,24/10/1972,Female,9290 4737 6919,original
img_2417.png,Eric Peterson,24/07/1980,Male,9506 5518 6817,original
img_124.png,Lisa Mckay,08/02/1975,Male,6988 7224 1051,original
img_1392.png,Angela Warner,17/04/1996,Female,3067 2942 2335,tampered
img_252.png,Nathaniel Ortiz,14/05/1991,Male,6239 2611 3085,tampered
img_2484.png,Michelle Hamilton MD,26/12/1988,Male,3674 2858 5043,original
img_68.png,Michael Thomas,08/12/1989,Female,3723 8719 2599,original
img_477.png,Carl Herman DVM,22/12/2004,Female,6788 2172 3596,original
img_945.png,Omar Fisher,01/01/2008,Female,6975 8410 1797,original
img_1638.png,Kent Frazier,07/11/1967,Female,7347 2441 9334,tampered
img_269.png,Travis Kim,24/07/1983,Male,6631 4843 1350,original
img_1840.png,Joyce Zhang,07/02/2008,Female,4288 3093 4162,original
img_1743.png,Kimberly Mendoza,29/01/2000,Female,1915 5205 5466,tampered
img_2709.png,Hayley Rogers,30/03/1996,Male,4612 2759 8227,original
img_1913.png,Paula Wade,07/05/1972,Male,2878 1273 2415,tampered
img_2262.png,Austin Clark,25/04/1980,Female,1681 8296 9389,tampered
img_2005.png,Erika Melton,14/03/1985,Female,8453 5567 8397,original
img_1080.png,Sabrina Torres,05/08/1996,Male,5468 9989 7768,original
img_1557.png,Caroline Carter,26/04/1993,Female,9862 6900 7123,tampered
img_331.png,Ethan Ochoa,04/02/2001,Male,9013 1587 5400,original
img_2699.png,Elizabeth Perez,23/01/2001,Male,9814 2666 8413,original
img_978.png,Anne Hill,27/05/1998,Female,2603 3533 8656,original
img_1230.png,Mary Reynolds,13/12/1970,Male,4891 4087 5961,tampered
img_1886.png,Peter Graham,30/09/1984,Male,3015 4694 9768,tampered
img_1232.png,Gary Tucker,12/06/1976,Male,2173 9409 2393,tampered
img_363.png,Jerry Holder,12/06/1995,Male,4687 6783 3626,tampered
img_454.png,Danielle Anderson,11/12/1980,Female,2106 6349 8458,original
img_518.png,Crystal Graham,18/02/2003,Male,6086 2854 3965,original
img_2403.png,James Rose,11/04/1968,Female,8799 8816 4933,original
img_1822.png,Donald Costa,07/02/1998,Female,6349 3327 2264,tampered
img_1413.png,Brianna Hall,30/03/1994,Female,5881 1862 1606,original
img_2894.png,Jacqueline Saunders,17/09/1980,Male,8219 6682 9750,original
img_240.png,Lisa Rangel,19/05/2004,Male,2296 7667 8114,tampered
img_1708.png,Jeffrey Thompson,08/12/1976,Male,6100 1512 2347,original
img_1700.png,Elizabeth Lang,03/05/1989,Male,2876 8403 1038,original
img_1139.png,Robert Jones,30/05/2003,Male,4379 7946 5497,tampered
img_1483.png,Jennifer Bonilla,28/03/1986,Female,7000 8066 6985,original
img_54.png,Paula Davis,21/02/2003,Female,3947 2403 8803,original
img_2411.png,Grant Sanchez,18/12/1974,Male,6058 9833 1416,original
img_2817.png,Isaac Trevino,07/07/2005,Female,7623 8498 2260,original
img_2789.png,Justin Becker,21/01/1981,Male,1318 2054 7796,tampered
img_2588.png,Matthew Mckenzie,09/07/1967,Male,6756 3352 1642,tampered
img_2210.png,Timothy Berger,05/08/1968,Female,6628 2405 3336,tampered
img_2786.png,Lucas Johnson,20/08/1991,Female,6548 9748 3467,tampered
img_829.png,Michael Hensley,19/04/1975,Female,3846 9935 1939,tampered
img_754.png,William Baker,08/02/1981,Male,6461 7440 1737,tampered
img_1730.png,Mr. Jeffrey Monroe,26/11/1968,Male,6694 2002 5856,original
img_2791.png,Shannon Carpenter,13/01/1980,Female,8442 5746 9633,original
img_752.png,Mr. Brandon Rodriguez Jr.,10/07/1997,Female,3750 4274 4467,tampered
img_1636.png,Madison Bullock,26/04/1983,Male,5498 1157 3961,tampered
img_1013.png,Hannah Sosa,26/10/1980,Male,8360 7298 9281,original
img_2826.png,Shawn Lambert,14/11/1990,Female,6732 1119 5899,original
img_247.png,Howard Lane,09/02/1967,Female,9461 1446 3818,original
img_2108.png,Holly Smith,07/10/1994,Male,7740 8282 9786,tampered
img_2996.png,Derek Robinson,26/11/1966,Male,8265 1755 7936,original
img_2149.png,Jeremy Reed,11/02/2007,Female,4189 7588 9883,tampered
img_806.png,Toni Kerr,08/09/2003,Female,3797 8240 5400,tampered
img_242.png,Robert Perez,25/03/1966,Male,9570 5216 7913,tampered
img_2481.png,Jessica Martin,09/09/1986,Male,5977 4643 2142,tampered
img_567.png,Dennis Barrett,10/12/1984,Male,5696 7066 8448,tampered
img_2438.png,Amy Donovan,23/10/1973,Male,5406 1877 3757,original
img_1256.png,Robert Welch,02/04/1992,Female,8225 3870 4511,original
img_1954.png,Christopher Moore,24/03/1994,Male,2131 2954 6613,original
img_55.png,Stanley Frederick,18/01/1999,Male,3774 9386 4121,original
img_2337.png,George Williams,07/11/1987,Male,6900 2250 3155,tampered
img_388.png,Aaron Thompson,06/02/2001,Male,6028 6901 7609,tampered
img_2596.png,Daniel Anderson,06/05/1981,Female,5703 1918 6334,tampered
img_2866.png,Michelle Santiago,23/01/1988,Female,4932 6751 8076,tampered
img_446.png,Paige Kent,20/03/2004,Female,4152 9455 2945,original
img_1299.png,Andrew Wilson,03/11/1990,Male,4701 7029 7952,original
img_2492.png,Brittany Lopez,29/02/1992,Female,8865 7144 6111,original
img_1620.png,Maria Ross,25/11/1977,Male,7100 8715 9545,original
img_2554.png,Anna Juarez,24/09/1983,Female,3897 2555 4907,tampered
img_2398.png,Daniel White,25/09/1967,Female,9674 6112 3517,tampered
img_1889.png,Michael Mcdonald,20/10/1995,Male,9847 9219 1070,original
img_2730.png,Joy Young,10/03/1991,Male,8871 5292 3496,original
img_2103.png,Michael Koch,02/09/1973,Male,7227 6950 9914,tampered
img_2741.png,Timothy Singh,28/08/1965,Female,2969 8416 2927,original
img_761.png,Gary Bell,16/10/2000,Female,8452 7441 8347,original
img_696.png,Scott Newman,22/05/1986,Male,4946 1516 4432,tampered
img_1461.png,Ryan Harper,09/07/1987,Male,5559 8945 7762,original
img_730.png,Alexander Campbell,16/05/1981,Male,3880 4629 9437,original
img_217.png,Jennifer Morris DVM,31/05/1973,Male,2252 3912 1061,tampered
img_921.png,Joel Myers,24/01/1986,Male,5256 8872 9832,tampered
img_1916.png,Angela Massey,20/06/1974,Female,7081 7705 1932,original
img_1335.png,Todd Beltran,30/04/1987,Female,9589 9036 8965,original
img_1371.png,Dawn Esparza,26/07/1969,Female,4441 3646 9460,tampered
img_1657.png,Kelsey Solis,14/09/1997,Male,4718 3582 1110,original
img_2453.png,Stacy Stewart,24/07/1984,Male,3368 3820 9310,tampered
img_1835.png,Evan Davis,03/10/1976,Female,9281 3738 9439,tampered
img_1318.png,Allison King,11/09/1979,Female,5524 4177 5398,original
img_1876.png,Austin Cooper,07/05/1975,Male,8520 8301 5381,tampered
img_1414.png,Mary Adams,07/08/1983,Male,4070 7110 1602,tampered
img_1777.png,Dr. Christina Camacho,15/01/1999,Male,7615 3461 2166,original
img_2522.png,Kelly Phelps,18/08/1984,Female,9895 6637 4526,original
img_1536.png,Margaret Smith,31/03/2005,Female,6363 9685 5938,original
img_491.png,Zachary Adams,29/04/1981,Female,9023 7717 1573,tampered
img_1488.png,Jose Rodriguez,27/10/1987,Male,2522 6059 4500,tampered
img_2157.png,Alexis Moore,27/01/1996,Male,6133 6831 6098,tampered
img_711.png,Scott Torres,06/05/1984,Male,7686 2335 1458,tampered
img_774.png,Teresa English,30/01/1998,Male,7320 1122 6560,tampered
img_411.png,Phillip Lee,25/03/1975,Male,1724 8781 5055,tampered
img_2925.png,Nancy Jones,19/04/2003,Female,8035 6315 1941,original
img_1795.png,Sonya Leon,12/12/1971,Female,5100 6528 2854,tampered
img_1190.png,Susan Gonzalez,03/07/1967,Male,1944 3403 8033,tampered
img_1249.png,Madison Hawkins,18/08/2000,Male,2265 5678 3684,tampered
img_2635.png,Scott Johnston,12/08/2002,Female,8095 8187 8856,original
img_177.png,Alison Young,21/07/1992,Male,4128 1087 8671,original
img_344.png,Jessica Bailey,16/07/1970,Female,3841 7703 7052,tampered
img_1975.png,Victoria Smith,21/07/1980,Female,3838 1293 4176,tampered
img_2841.png,Sandra Mcdonald,29/03/2001,Female,8141 6692 3750,original
img_2868.png,Steven Olson,06/11/1997,Male,7426 9887 9593,tampered
img_2009.png,John Thompson,19/09/1973,Female,1314 4700 9179,original
img_429.png,Summer Ellis,30/07/1997,Male,4826 4022 7485,tampered
img_435.png,Amy Johnson,03/08/1984,Female,8878 9840 7432,original
img_1653.png,Linda Kemp,22/07/1992,Female,2756 3119 6072,original
img_2825.png,Zachary Aguilar,07/10/1977,Male,8760 8814 6531,original
img_1288.png,Joshua Jackson,26/10/1968,Male,6347 9107 4961,tampered
img_319.png,Suzanne Heath,06/03/2003,Male,6895 6866 5495,original
img_1717.png,Donald Todd,21/03/1965,Female,1795 1238 7831,original
img_2236.png,Kenneth Olson MD,29/07/1971,Female,2355 4803 5855,tampered
img_1736.png,Deborah Wade,03/10/2001,Female,1776 7004 9569,original
img_2084.png,Kenneth Roberts,17/02/1973,Female,7067 8637 3345,tampered
img_1909.png,Yolanda Burns,28/06/2001,Male,2695 9086 7940,original
img_1298.png,Jason Navarro,20/04/1995,Female,9182 2097 8040,original
img_270.png,Yolanda Norman MD,03/10/1979,Male,2812 2123 2107,tampered
img_1366.png,Rebecca Higgins,25/11/1965,Female,2890 9621 2445,original
img_2285.png,Charles Stewart,29/12/1987,Female,5433 9711 7970,tampered
img_2323.png,Amy Craig,14/08/1994,Female,6453 4148 7428,tampered
img_321.png,Jennifer Gilbert,16/08/1984,Female,5411 1695 5279,tampered
img_1113.png,Robert Zavala,20/05/1984,Male,5251 3704 2903,original
img_1983.png,Jordan Martin,13/11/1973,Male,8651 4672 9438,tampered
img_645.png,William Berg,14/11/1988,Male,5920 9425 3367,tampered
img_2380.png,Shelley Robertson,27/07/2006,Male,5417 6369 3936,tampered
img_507.png,Daniel Novak,20/12/2001,Male,8163 5092 2133,tampered
img_1465.png,Ashley Martin,06/06/1997,Female,8362 2751 2914,original
img_147.png,Diana Gibbs,10/09/2007,Male,7834 1719 3852,tampered
img_1854.png,Kenneth Armstrong,01/11/1971,Male,1496 1371 4101,original
img_630.png,Courtney Harper,06/01/1970,Male,4369 3872 9195,original
img_868.png,Derrick Scott,17/04/1976,Female,4659 5620 5938,original
img_2960.png,Lisa Baker,18/05/2000,Female,3714 8392 4782,original
img_259.png,Randy Short,21/08/1993,Female,3705 9155 2902,original
img_829.png,Michael Hensley,19/04/1975,Female,3846 9935 1939,original
img_2655.png,Zachary Williams,08/11/1966,Female,2519 4669 1934,original
img_1470.png,Kelsey Jones,08/11/2003,Female,8475 9141 6113,tampered
img_1362.png,Gerald Daniels,16/08/1991,Female,6478 4019 4775,original
img_1984.png,Justin Fisher,22/04/1989,Female,9396 7758 9268,tampered
img_469.png,Johnny Shah,07/09/1967,Male,7460 6601 7733,tampered
img_636.png,Sydney Padilla,04/10/1974,Male,3696 2870 7679,tampered
img_2182.png,Maria Parsons,04/09/2006,Female,4554 1935 8558,tampered
img_2872.png,Maria Trevino,09/03/2002,Female,9692 4205 8748,original
img_350.png,Ashley Gillespie,16/09/1965,Male,7456 3863 5522,original
img_2746.png,Robert Bailey,25/09/2005,Female,8455 6653 9142,tampered
img_2832.png,Dr. Michael Holder II,02/08/1983,Male,8610 2092 5971,tampered
img_415.png,Robin Atkinson,20/05/1982,Female,7778 2433 1693,original
img_2752.png,Nicole Flores,16/05/1967,Male,6731 8789 1951,original
img_634.png,Kathleen Jimenez,28/07/1979,Female,9913 9093 3860,tampered
img_1993.png,Keith Ward,10/01/1984,Female,3153 9879 7240,original
img_811.png,Christopher Parker,15/02/1968,Female,5957 8709 5577,tampered
img_410.png,Brian Walker,21/01/1990,Female,4474 9751 2833,tampered
img_258.png,Sandra Alexander,09/11/1968,Female,5961 3891 4768,original
img_1588.png,Johnathan Johnson,22/11/1987,Male,4407 7660 7957,original
img_292.png,Elizabeth Alexander,08/07/1972,Female,3281 7352 4355,tampered
img_1026.png,Paul Cooley,21/12/1995,Female,5817 8719 2465,tampered
img_2439.png,Richard Hawkins,01/09/1974,Male,3861 8989 2335,tampered
img_1254.png,Jessica Lopez,12/05/2006,Female,9884 9409 2576,original
img_2273.png,Courtney Dillon,23/04/1983,Female,4109 2671 1355,tampered
img_2233.png,Garrett Hamilton,23/05/1990,Female,4189 5238 2626,tampered
img_60.png,Cathy Bowman,19/06/1990,Female,6518 4455 9416,original
img_1437.png,Troy Freeman,05/02/1979,Female,4216 1402 5742,tampered
img_1598.png,James Rush DDS,17/06/1973,Male,9756 3813 9332,tampered
img_9.png,Megan Reese,24/06/2003,Female,6928 5170 2755,tampered
img_777.png,Crystal Brown,06/05/1966,Female,5086 3177 2286,original
img_1193.png,Judy Taylor,29/11/1982,Male,4618 1737 1372,tampered
img_2127.png,Melissa Lee,10/04/2006,Male,3275 8307 8770,tampered
img_1685.png,William Cortez,26/09/1969,Male,9400 5571 8946,tampered
img_1331.png,Michelle Hunter,13/12/1979,Female,1541 4174 2241,original
img_2213.png,Kyle Wilson,18/11/1991,Female,6781 5445 8151,original
img_1458.png,Ashley Carpenter,04/10/2000,Female,6319 2448 2826,tampered
img_1262.png,Christopher Gardner,22/09/1999,Female,2851 8639 8027,tampered
img_1395.png,Monica Baird,26/09/1989,Male,6424 1288 8260,original
img_2776.png,Dakota Park,30/05/1987,Female,2380 6880 6682,original
img_1806.png,William Davis,18/12/1999,Male,3627 4897 8614,tampered
img_2411.png,Grant Sanchez,18/12/1974,Male,6058 9833 1416,tampered
img_1951.png,Steven Jackson,16/08/1990,Female,6615 4019 1604,tampered
img_120.png,Christina Sandoval,20/09/1990,Female,3722 3307 8736,tampered
img_2260.png,Robert Barnes,13/04/1992,Female,4857 2609 3355,original
img_2575.png,Jennifer Andrade,31/10/2005,Female,9983 6906 5698,original
img_2213.png,Kyle Wilson,18/11/1991,Female,6781 5445 8151,tampered
img_1487.png,Heather Phillips,02/06/1965,Male,4878 7992 6088,original
img_1418.png,Ashley Lucas,03/08/1972,Female,8446 2637 2444,tampered
img_1259.png,Joan Young,16/09/1991,Male,3511 4842 8881,original
img_1349.png,Crystal Carroll,11/12/1977,Male,6921 9085 3475,original
img_302.png,Emily Parker,30/04/1975,Female,6835 2150 2630,tampered
img_2275.png,Hannah Moore,08/07/1992,Female,5171 9005 5793,original
img_346.png,Erik Perry,14/09/1986,Male,6360 6553 4070,tampered
img_90.png,Vincent Andrews,16/04/1995,Female,9840 7289 2338,tampered
img_526.png,Tammy Riggs,19/05/1973,Male,1721 5148 5984,original
img_15.png,Ashley Haley,18/06/1977,Female,2014 2199 8003,tampered
img_2190.png,Scott Lopez,18/01/1968,Male,4907 1608 9960,original
img_2587.png,Nicholas Miller,18/03/2006,Female,4291 4236 1714,original
img_2568.png,David Hopkins,14/09/1979,Male,4166 9425 9706,tampered
img_210.png,Patricia Jones,13/05/1991,Male,9817 3814 3500,tampered
img_2165.png,Mrs. Crystal Benton,27/05/1982,Male,4996 1010 9228,original
img_948.png,Ashley Evans,04/05/1999,Male,4061 3611 4345,original
img_185.png,Katelyn Dalton,05/11/2004,Male,7839 2136 6548,tampered
img_2885.png,Amber White,28/12/1969,Female,2648 1092 2676,original
img_870.png,Keith Davis,31/08/2002,Female,8903 9800 9771,tampered
img_2769.png,Donald Duran,15/06/1970,Male,4555 4398 6056,original
img_964.png,Rita Wright,29/05/1983,Male,6282 1858 1339,original
img_814.png,Michael Gallegos,25/12/1978,Female,7530 9424 6912,original
img_598.png,David Fields DDS,24/09/1985,Female,7011 7089 1673,tampered
img_10.png,Margaret Dunn,14/10/2003,Female,8563 5593 7470,tampered
img_2519.png,James Miller,01/07/1970,Female,6888 1602 9912,original
img_1170.png,Emily Simon,30/10/2001,Female,2722 5434 6123,original
img_1647.png,Michael Harris,22/11/1974,Female,4401 6203 3391,original
img_1060.png,Stephanie Walters,01/07/1978,Male,3305 9813 7769,tampered
img_1481.png,Micheal Gonzalez,14/02/2003,Male,8996 5721 8717,original
img_759.png,Brett Wood,07/08/1986,Male,8938 3128 6108,original
img_2783.png,Daniel Day,14/08/1996,Female,9062 8054 8424,tampered
img_1490.png,Wendy Stewart,17/04/1996,Female,3106 9190 1500,original
img_2686.png,Kim Dalton,26/03/1998,Male,1140 3938 5789,original
img_1164.png,Jacob Mullen Jr.,13/07/1991,Male,1471 6428 5351,tampered
img_1562.png,Patricia Lyons,12/10/1975,Female,2112 7887 5248,tampered
img_1131.png,Phyllis Hernandez,23/10/1985,Male,1610 1187 1700,original
img_1222.png,Kenneth Watson,21/09/1970,Male,7416 1548 2774,original
img_97.png,Karen Brooks,12/01/1979,Male,7059 1112 2558,original
img_2625.png,Amber Williams,06/01/1969,Male,4397 6329 8961,tampered
img_1390.png,Tony Watson,02/03/1989,Male,7013 1262 6220,tampered
img_421.png,Elizabeth Taylor,11/02/1990,Female,7579 2077 4970,tampered
img_2744.png,Rebecca Reyes,24/02/1982,Male,7666 8000 5739,tampered
img_950.png,Timothy Turner,27/12/1988,Female,5045 7525 1343,tampered
img_2865.png,Miss Mary Montoya,01/10/2005,Female,2648 8892 4807,original
img_1615.png,Carmen Kelly,26/06/1966,Male,2729 2125 6962,original
img_1446.png,Gloria Thomas,09/03/1975,Female,2537 8160 4240,tampered
img_286.png,John Richards,14/10/1970,Male,1455 6455 1257,tampered
img_2291.png,William Cervantes,06/07/1985,Male,8205 6497 4185,original
img_1087.png,Derrick Kaiser,09/11/1979,Female,3582 2924 6927,tampered
img_2327.png,Ryan Lawson,29/09/1999,Female,5822 4969 4344,tampered
img_1175.png,Cole Robinson,21/02/2001,Male,9443 9220 9761,tampered
img_2418.png,Anthony Wilcox,06/09/1965,Male,4857 6606 6667,original
img_100.png,Karen Washington,26/09/1996,Male,3020 3514 5562,tampered
img_514.png,Taylor Rodriguez,02/11/1967,Male,2140 7158 2146,original
img_2276.png,Jennifer Cole,01/06/1979,Male,4991 5782 2699,original
img_1187.png,Nicole Johnson,14/06/1980,Female,5376 6806 9003,tampered
img_1420.png,Samuel Torres,14/04/2003,Male,8608 7939 2654,tampered
img_1928.png,Monica Benton,15/08/1979,Male,1285 9843 1861,original
img_1646.png,Jonathan Moses,12/05/2004,Female,5785 5761 2647,tampered
img_171.png,Steven Hawkins,02/10/1989,Male,1243 1186 3270,original
img_843.png,Jenny Obrien,07/04/1986,Male,4796 6979 1895,original
img_1281.png,Ronnie Quinn,11/09/1995,Female,1359 2032 6325,original
img_2847.png,Kendra Thomas,27/11/1975,Female,6078 3998 8296,tampered
img_1041.png,Justin Harrison,19/03/1982,Male,7402 9672 2731,original
img_745.png,Amy Gray MD,08/08/1997,Male,2411 5858 9025,tampered
img_2273.png,Courtney Dillon,23/04/1983,Female,4109 2671 1355,original
img_944.png,Samuel Herman,17/03/1969,Female,8660 2183 9116,original
img_2172.png,Kenneth Meyers,23/10/2004,Female,7646 7698 7685,original
img_2069.png,Douglas Garrett,29/11/1997,Male,9497 5330 2039,original
img_327.png,Dana Strickland,25/11/1978,Male,5717 3146 2341,tampered
img_1600.png,Christine Herrera,10/05/1970,Male,1903 2357 3487,original
img_1359.png,Lauren Jennings,10/09/2000,Male,6290 4890 6204,tampered
img_2263.png,Jason Acosta,08/07/1982,Female,3039 9833 3059,original
img_2097.png,Don Gonzalez,24/04/1987,Female,9033 9480 6527,tampered
img_521.png,Robert Shelton,27/07/1970,Female,8657 7120 5531,tampered
img_2711.png,Tina Morales,08/09/1990,Female,2361 8034 9848,tampered
img_1633.png,Stephanie Nixon,07/06/1972,Female,3550 5627 3086,original
img_2137.png,Lisa Vargas,07/07/1986,Male,7231 6073 7541,original
img_2470.png,Andrea Benson,30/10/1978,Male,2546 5818 4370,tampered
img_1552.png,Bill Clayton,13/12/1991,Female,7159 4966 7907,original
img_2786.png,Lucas Johnson,20/08/1991,Female,6548 9748 3467,original
img_767.png,Dr. Christopher Harris,23/04/1977,Female,1840 1396 4163,tampered
img_2703.png,Michael Orr,26/05/1972,Female,1639 8719 6365,original
img_2839.png,Sue Lynch,07/05/2005,Male,3071 1053 4109,original
img_1524.png,Billy Walters,02/04/1992,Male,8560 6199 4513,original
img_1114.png,Lisa Jackson,04/08/1965,Female,8364 9742 3014,original
img_449.png,Emma Rodriguez,01/10/1970,Female,2535 6101 5888,original
img_988.png,Cassandra Greene,25/08/2000,Male,3015 8054 5041,tampered
img_1445.png,Richard Perez,27/01/2006,Female,4102 5958 6564,tampered
img_2098.png,Kendra Jones,04/12/2005,Female,1692 2574 3515,tampered
img_2062.png,Judith Hill,14/10/1982,Male,3541 3802 9542,tampered
img_572.png,Paul Thomas,28/03/2003,Male,6253 1988 8559,tampered
img_1357.png,Jeffrey Davis,19/12/1994,Female,5369 8026 5162,original
img_1911.png,Angela Watson,30/04/2003,Female,5245 7312 1518,tampered
img_1345.png,Larry Brock,26/10/1984,Female,6039 7463 4748,original
img_1818.png,Sarah Hernandez,10/02/2003,Male,2792 3581 9569,original
img_869.png,Michael Smith II,15/09/1982,Female,2976 7648 9786,tampered
img_325.png,Jody Diaz,19/02/1982,Male,7405 7535 8734,original
img_313.png,Ashley Davis,12/09/1976,Male,6432 9308 4006,tampered
img_399.png,Matthew Thomas,07/06/1978,Female,3276 5397 6341,tampered
img_1070.png,Paul Marshall,05/02/1976,Male,8983 3760 6879,original
img_53.png,Craig Prince,16/02/1974,Female,6690 1235 3677,tampered
img_645.png,William Berg,14/11/1988,Male,5920 9425 3367,original
img_884.png,Tyler Jenkins,28/11/1987,Female,5575 7283 6898,tampered
img_1219.png,Jose Chapman,09/11/1998,Female,4309 7642 7356,tampered
img_2685.png,Amy Jones,27/02/1983,Female,6874 2357 2242,original
img_1763.png,Jeffrey Bell,16/07/1966,Male,3755 2461 6204,tampered
img_1760.png,Dawn Mitchell,01/01/1982,Female,3060 7035 6778,original
img_1233.png,Kari Gonzales,28/06/1999,Female,2466 4796 2238,original
img_577.png,Pam Glass,15/11/2003,Male,5153 5510 4487,original
img_380.png,Javier Miller,11/12/1979,Male,3762 5415 9524,tampered
img_2860.png,Natalie Haas,17/07/2002,Female,9837 2369 8159,tampered
img_2895.png,Thomas Chavez,20/04/2004,Male,1331 8222 6021,tampered
img_2196.png,Hannah Evans DVM,14/12/2001,Male,6608 3582 3406,original
img_167.png,Patrick Pena,23/04/1996,Male,7979 8884 4336,tampered
img_2947.png,Terry Cole,27/01/1974,Female,3930 3155 8420,tampered
img_436.png,Sarah Duran,20/10/2004,Male,6523 6845 1305,original
img_643.png,Danielle Mason,27/05/1973,Male,7969 8383 7721,original
img_1104.png,Shannon Rodriguez,28/10/1978,Female,5407 9247 2177,original
img_2212.png,Christopher Boone,23/10/1975,Male,9698 1613 2363,original
img_2948.png,Tara Clarke,17/11/1977,Male,2557 6528 9146,original
img_91.png,Regina Richard,19/01/1996,Male,8336 5477 3046,original
img_46.png,Kathleen Haynes,13/03/1971,Female,6420 9507 5219,tampered
img_1167.png,Lisa Bradford,06/04/1998,Female,1168 3368 4384,tampered
img_1436.png,Mario Anderson,26/07/1975,Male,6513 8969 7808,tampered
img_2015.png,Cody Bates,23/01/1999,Female,2498 3512 9663,original
img_2267.png,Jacqueline Woods,02/08/1973,Female,2210 4928 4942,tampered
img_3.png,Daniel Brown,29/06/1996,Female,9098 3528 3592,tampered
img_1312.png,Carrie Howell,12/07/1991,Female,2919 2648 1239,tampered
img_2396.png,Holly Campbell,27/02/2001,Female,9699 4715 7995,original
img_1670.png,Anthony Griffith,02/08/1965,Female,4254 4799 3716,tampered
img_2296.png,Glenda Clark,14/01/1998,Female,4424 6198 9375,original
img_28.png,Lisa Harris,13/09/2006,Male,2669 4943 2903,tampered
img_2113.png,Christine Mills,28/11/1998,Female,6769 2581 4705,original
img_2202.png,Suzanne Romero,03/11/1987,Male,8495 6429 1244,tampered
img_193.png,Shannon Bailey,12/02/2006,Male,8918 9084 5703,original
img_13.png,Roger Brown,30/01/1999,Female,3578 2813 5190,tampered
img_2452.png,Victor Green,06/04/2005,Female,8751 6614 4873,tampered
img_1493.png,Laura Jones,14/11/1991,Male,8271 4268 5321,original
img_2349.png,Corey Patton,11/10/1974,Female,8972 3160 9787,original
img_1795.png,Sonya Leon,12/12/1971,Female,5100 6528 2854,original
img_1033.png,Terry Jensen,27/06/1988,Male,9350 1764 2390,tampered
img_2201.png,Jill Lane,21/03/1967,Female,3167 3552 9838,original
img_903.png,Timothy Gomez,10/01/1984,Male,7490 8292 4421,tampered
img_2914.png,Randy Cobb,06/03/1993,Male,7141 9742 9611,original
img_1966.png,Samantha Ashley,11/02/2004,Female,6011 2329 1026,tampered
img_2676.png,Julia Davies,12/05/1982,Female,8717 8848 7991,original
img_401.png,Tracey Rose,27/02/1968,Male,7091 4606 4990,original
img_1691.png,Cassidy Barnes,30/07/1990,Male,4271 3856 1113,original
img_1016.png,Shane Henderson,15/10/1989,Female,5039 1829 6158,tampered
img_1068.png,Scott Jones,26/01/1996,Female,7596 7422 1319,tampered
img_1505.png,Charles Smith,22/08/1978,Female,5639 3056 6257,original
img_1011.png,Jamie Sullivan,10/10/1975,Female,5146 7092 1376,original
img_533.png,Christopher Green,30/07/1968,Male,4731 1214 5209,tampered
img_1912.png,Raymond Duncan,18/10/1970,Female,6737 7900 5565,tampered
img_2788.png,Jessica Wilson,27/11/1995,Male,8487 6428 5577,original
img_284.png,Daniel Garcia,19/03/1974,Male,9031 6278 9871,tampered
img_2149.png,Jeremy Reed,11/02/2007,Female,4189 7588 9883,original
img_963.png,Anthony Parker,31/07/1989,Female,2847 4833 6703,tampered
img_2890.png,Cheryl Fry,22/09/1965,Male,3945 8349 6693,tampered
img_170.png,Stephen King,30/03/1966,Male,2278 4572 2315,tampered
img_2706.png,Carlos Sawyer,30/12/1998,Female,7611 6516 4919,tampered
img_426.png,Kelly Johnson,13/09/1976,Male,6911 5481 8217,original
img_2078.png,William Rollins,02/01/1979,Male,1677 7005 2611,original
img_2654.png,Andrew Johnson,21/05/1995,Male,2370 1889 2127,original
img_619.png,Angel Bradshaw,03/11/1989,Female,5973 6578 3802,tampered
img_2052.png,Lisa Rogers,11/05/1983,Male,4769 4816 4623,tampered
img_2446.png,Sherri Hunter,09/11/1969,Female,1749 4508 3433,original
img_1913.png,Paula Wade,07/05/1972,Male,2878 1273 2415,original
img_2959.png,Keith Parker,13/04/2000,Male,6834 1931 5123,tampered
img_2875.png,Linda Carter,05/08/1988,Female,1785 8048 6452,original
img_2404.png,Matthew Randolph,23/12/1966,Male,3877 9603 1690,tampered
img_1425.png,Jerry Bowen,15/04/1993,Female,8258 8471 9725,tampered
img_1376.png,Kathryn Rogers,07/01/1998,Female,6390 4427 2157,original
img_1926.png,Joshua Roach,31/08/1989,Male,1009 1708 5601,tampered
img_2554.png,Anna Juarez,24/09/1983,Female,3897 2555 4907,original
img_2184.png,David Williams,04/05/1974,Female,1250 6295 7190,original
img_251.png,Brian Munoz,22/04/2002,Male,2677 2372 5632,original
img_2206.png,Brooke Brown,09/04/1993,Female,8942 4488 1398,tampered
img_185.png,Katelyn Dalton,05/11/2004,Male,7839 2136 6548,original
img_1593.png,Jordan Lin,10/05/1993,Female,2234 4422 5649,original
img_2139.png,Laura Duncan,23/08/1969,Male,9514 5382 5317,tampered
img_973.png,Kevin Carlson,29/01/1986,Female,9304 1437 8535,original
img_1322.png,Bryan Patterson,06/09/1966,Male,2061 9830 3995,original
img_591.png,Curtis Harris,10/01/1997,Male,8454 5330 1045,original
img_428.png,Wendy Lopez,20/09/1976,Male,4687 8082 5775,original
img_783.png,Desiree Thomas,15/10/1975,Male,5892 9440 5137,tampered
img_930.png,James Lee,01/05/2003,Male,4462 3252 3374,original
img_2952.png,Mary Brown,21/05/1973,Female,9077 4964 5937,tampered
img_2643.png,Debra Cameron,05/08/1979,Female,7822 4290 2746,original
img_2230.png,Jose Flores,13/07/1989,Female,1796 5410 3575,tampered
img_2339.png,Heather Baker,23/11/1980,Female,9327 1151 6080,original
img_35.png,Theresa Simmons,05/10/2003,Male,1355 4829 6304,tampered
img_2218.png,Ronald Byrd,12/07/1985,Male,4056 9596 5896,original
img_2533.png,Jeremy Delacruz,16/05/2006,Male,3639 7914 4737,original
img_395.png,Christine Barnett,19/11/2005,Male,5010 8882 7877,tampered
img_655.png,Sarah Knight,22/09/1987,Male,6851 6754 8862,tampered
img_418.png,Shane Craig,29/05/1980,Female,5345 5055 6611,tampered
img_962.png,Kristine Martinez,14/01/1993,Female,6214 6911 9372,original
img_925.png,Kim Jackson,17/07/1989,Male,1617 8036 2135,tampered
img_1163.png,Shawn Osborne,29/03/2006,Female,8286 2468 6860,original
img_1022.png,Ronald Curtis,06/09/2000,Male,4939 4747 8877,original
img_1970.png,Tyler Ponce,30/04/1977,Male,5196 4341 6340,original
img_2373.png,Samantha Jones,19/08/1990,Female,5816 3626 9890,original
img_795.png,Katherine Horne,20/09/2004,Female,6766 3548 6906,tampered
img_2465.png,John Barr,02/08/1993,Female,4977 2425 5675,tampered
img_1272.png,Ryan Lloyd,04/10/1967,Female,2236 6913 4077,tampered
img_2121.png,Leroy Harrison,24/10/1993,Male,9700 7086 6025,original
img_2956.png,Melissa Carpenter,04/06/1988,Female,2729 9737 6950,original
img_902.png,Anthony Ward,20/02/1971,Female,9924 6287 8284,original
img_2392.png,Timothy Reynolds,20/08/1971,Male,8289 3856 4291,original
img_2636.png,Steven Warner,13/05/1969,Male,4790 3241 9977,original
img_1133.png,Brenda Rodriguez,17/03/1997,Male,9284 4034 3401,tampered
img_468.png,Kathleen Rogers,29/01/2003,Female,1432 8521 7573,original
img_1404.png,Daniel Owens,26/08/2004,Female,7948 7983 6891,original
img_957.png,Jesus Pollard,27/10/2007,Male,3105 2191 9324,tampered
img_2426.png,Justin Herrera,16/11/2005,Male,1488 5041 3961,tampered
img_1548.png,Joy Chen,14/08/2007,Male,7787 8881 7262,tampered
img_4.png,Patricia Gomez,06/03/1978,Male,3929 6988 5916,tampered
img_2490.png,Daniel Jackson,25/12/1971,Male,8093 8239 9437,original
img_1985.png,Katie Boyd,14/10/1992,Male,4698 9753 6354,tampered
img_1340.png,Nathaniel Quinn,21/02/1975,Male,1952 7340 7284,tampered
img_1764.png,Scott Thomas,24/12/2002,Male,8318 5059 5604,tampered
img_1418.png,Ashley Lucas,03/08/1972,Female,8446 2637 2444,original
img_368.png,Melinda Carter,17/06/1988,Male,7288 8940 1252,tampered
img_1252.png,Alexis Ryan,02/08/1975,Male,2237 3547 7627,original
img_2086.png,Tracy Ellis MD,21/12/1965,Female,3777 7797 6181,tampered
img_2775.png,Savannah Lopez,03/04/1994,Male,6030 1515 9642,tampered
img_1864.png,Rebecca Gibson,26/02/1973,Female,3899 2148 3003,tampered
img_1535.png,Tyrone Moore,07/04/1976,Male,3311 9133 5035,original
img_2978.png,Veronica Carr,03/08/1999,Male,6049 4003 2307,tampered
img_2722.png,Brian Dennis,09/01/1974,Female,9597 8069 9696,tampered
img_2659.png,Jennifer Stewart,18/08/1999,Male,2914 8559 8685,original
img_1547.png,Rita White,30/11/1972,Female,6959 9570 3692,tampered
img_2406.png,Craig Black,03/11/1991,Female,3194 6963 8856,original
img_365.png,Mr. Shannon Mckinney,01/07/1993,Male,5251 7514 9069,original
img_2018.png,Jeremy Haas,29/12/2003,Female,3776 3896 8501,original
img_2610.png,Daniel Evans,03/03/2001,Male,8539 7420 5355,tampered
img_1100.png,Jordan Hubbard,09/01/1969,Male,8811 7244 1464,original
img_2560.png,Michelle Johnson,07/03/1966,Female,3473 1441 8122,tampered
img_879.png,Adam Green,18/11/2007,Male,4553 2995 8584,tampered
img_1514.png,Caitlin Weber,14/08/1989,Male,3399 2007 5446,original
img_843.png,Jenny Obrien,07/04/1986,Male,4796 6979 1895,tampered
img_2057.png,Erin Smith,12/08/1984,Male,1914 2479 8126,tampered
img_2766.png,Jason Chavez,31/03/2004,Male,3459 6515 4096,tampered
img_2059.png,Lee Moore,19/11/1976,Male,5313 2520 6751,tampered
img_205.png,Kristen Vega,05/01/1971,Male,5331 9576 3750,tampered
img_3.png,Daniel Brown,29/06/1996,Female,9098 3528 3592,original
img_2403.png,James Rose,11/04/1968,Female,8799 8816 4933,tampered
img_2536.png,Christina Watson,21/04/1989,Male,4097 6959 6280,original
img_2232.png,Sarah Lambert,10/10/1985,Female,4587 3836 2507,tampered
img_1781.png,Karen Morgan,19/03/1987,Female,4219 8312 5959,tampered
img_956.png,Richard Brown,02/08/2005,Male,7533 3868 5663,tampered
img_2621.png,Ms. Abigail Ortiz,10/04/1978,Female,8974 7699 3237,tampered
img_677.png,James Jackson,27/05/1978,Male,4726 3803 2127,tampered
img_2573.png,Joe Mejia,31/07/1967,Male,6665 5252 7547,tampered
img_1129.png,Ashley Murphy,03/05/1973,Male,4066 9966 1019,tampered
img_2966.png,Patrick Morris,05/01/1995,Male,5306 1167 7775,original
img_1361.png,Joann Wolf,23/08/1976,Female,1552 2518 3258,tampered
img_402.png,Donna Wolf MD,03/09/2005,Male,3483 4034 7207,tampered
img_1374.png,Eduardo Johnson,13/12/1976,Female,4957 5183 8513,original
img_2322.png,Caitlin Perry,22/02/1994,Female,8456 2038 5704,original
img_2227.png,Richard Clayton,29/12/2005,Male,5481 7150 8924,tampered
img_1918.png,Ashley Larson,19/01/1976,Female,1933 2365 2322,tampered
img_2631.png,Kristie Solomon,14/02/2002,Male,6358 5338 6368,original
img_2631.png,Kristie Solomon,14/02/2002,Male,6358 5338 6368,tampered
img_1392.png,Angela Warner,17/04/1996,Female,3067 2942 2335,original
img_1702.png,Scott Hernandez,19/05/1973,Female,7153 6175 7769,tampered
img_1581.png,Gary Case,30/04/1988,Female,9685 5164 9534,tampered
img_2458.png,Carl Walton,11/02/1982,Female,5142 5879 6476,original
img_2727.png,Frank Wright,17/06/2002,Male,3617 5976 8420,original
img_506.png,Robert Porter,06/06/1972,Male,2207 2063 1780,tampered
img_1941.png,Andrew Smith,06/03/1987,Female,9352 5293 9545,original
img_1370.png,Joseph Anderson,03/03/1978,Male,6700 4268 1987,tampered
img_2228.png,Nicholas Green,26/01/2005,Male,2384 5780 5408,original
img_1953.png,Amanda Anderson,20/11/1967,Female,6070 9746 7253,original
img_2502.png,Christian Goodman,21/12/1984,Male,9906 5046 7418,original
img_2623.png,Anthony Hayes,23/10/1980,Male,8435 9057 1774,original
img_615.png,Mrs. Andrea Wade,23/05/1990,Female,7882 2063 9456,tampered
img_398.png,Timothy Nguyen,02/05/1989,Male,9532 9730 8109,original
img_2949.png,April Elliott,23/12/1971,Male,9601 5880 8126,original
img_2116.png,Jacqueline Phillips,17/05/1966,Female,1615 2304 2405,tampered
img_859.png,Karen Williams,01/08/1967,Male,3517 7353 5221,original
img_1063.png,Connie Romero,25/10/1984,Male,7710 1075 6134,original
img_1651.png,Cynthia Walters,27/11/1990,Female,1071 3172 1239,original
img_263.png,Nicholas Moss,16/06/2003,Female,8178 1314 6775,tampered
img_2335.png,Mary Morton,29/05/2004,Male,7462 8384 8490,tampered
img_940.png,Mrs. Christina Grimes,01/10/1981,Female,4615 4524 3570,original
img_338.png,Sarah Perez,25/10/1975,Female,7552 4540 3621,original
img_2133.png,David Baldwin,10/08/1968,Male,7128 1331 4971,tampered
img_1578.png,Donna Mcclain,25/03/1980,Female,2547 1812 5530,tampered
img_1117.png,Richard Woods,03/05/1967,Male,1487 1426 8724,tampered
img_2951.png,Jennifer Nicholson MD,15/07/1990,Female,4824 1429 1169,tampered
img_977.png,Michael Chapman,05/03/1983,Male,6140 7541 7613,tampered
img_816.png,Shane Randall,23/11/2001,Female,1124 6404 4021,original
img_1352.png,Kevin Montgomery,12/10/1997,Male,7919 5101 4062,original
img_2807.png,Sue Young,11/10/1984,Male,3802 2572 2403,tampered
img_1087.png,Derrick Kaiser,09/11/1979,Female,3582 2924 6927,original
img_1328.png,David Conrad,14/08/2003,Male,4528 6609 8661,original
img_1978.png,Debra Noble,09/06/1983,Female,4694 9603 1178,original
img_2685.png,Amy Jones,27/02/1983,Female,6874 2357 2242,tampered
img_855.png,Kenneth James,13/04/1970,Male,9881 7379 3365,original
img_44.png,Michael Perkins,30/06/1973,Male,3686 5807 1750,tampered
img_2968.png,Janice Smith,14/09/1972,Female,5946 7591 3051,original
img_824.png,Lisa Johnston,03/10/1981,Male,6926 7436 7661,tampered
img_720.png,Javier Dixon,03/07/1985,Female,8556 4679 6010,tampered
img_1586.png,Marvin Curtis,25/04/1971,Male,6461 7377 9972,original
img_981.png,Jessica Taylor,31/10/2000,Male,5886 7122 6354,tampered
img_115.png,Barbara Williams,18/06/1986,Female,4024 8959 4405,original
img_2681.png,Diane Copeland,02/01/1993,Female,2407 7364 7860,tampered
img_2806.png,Daniel Yoder,18/12/2005,Male,5527 6326 1667,tampered
img_277.png,Aaron Ramirez,26/05/1967,Male,9091 6103 8662,tampered
img_1674.png,Christopher Stevens,27/06/2006,Male,9071 5844 7218,original
img_1872.png,Dennis Lopez,07/04/1980,Male,9502 4255 5271,tampered
img_1569.png,Pamela Smith,10/11/2004,Male,6638 3602 9104,tampered
img_1047.png,John Kim,12/03/2007,Male,2266 6872 9286,original
img_2487.png,Christopher Burns,19/07/1966,Male,6759 2851 2680,original
img_2192.png,Eric Mcgee,27/03/1970,Female,3504 7810 3122,original
img_31.png,Kenneth Lara,01/07/1969,Female,8810 8497 4394,original
img_26.png,Ariana Hurst,31/03/1988,Female,9339 5095 9587,original
img_993.png,Craig Patterson,26/08/2001,Male,1314 1218 3163,tampered
img_2093.png,Tyler Johnson,06/01/1985,Female,3458 8393 9564,tampered
img_2164.png,Eddie Foster,14/06/1999,Male,3595 8394 5323,tampered
img_390.png,Ronald Le,12/03/2000,Male,1328 5091 7726,tampered
img_279.png,Jennifer Davis,21/03/1980,Female,4861 8722 7894,tampered
img_723.png,Kristin Salas,16/10/1966,Male,3496 5568 7845,tampered
img_2586.png,Victoria Bernard,08/06/1965,Female,5952 9354 2705,tampered
img_998.png,Jenna Lowe,05/08/1967,Female,7919 4659 2409,original
img_1401.png,Stephen Watts,21/01/1992,Female,2370 8738 2042,original
img_2634.png,Matthew Hernandez,24/04/1992,Female,3137 5187 2318,original
img_2435.png,Willie Jones,20/12/1991,Female,8531 3083 3486,tampered
img_2450.png,Kevin Young,14/08/2003,Female,5558 1308 4089,tampered
img_2318.png,David Gill,07/04/1970,Male,3899 1789 4031,original
img_1959.png,Kim Martinez,06/01/2005,Female,5749 1472 7383,tampered
img_2793.png,James Torres,24/02/2001,Male,1878 9960 5912,tampered
img_1744.png,Jacob Ortega,14/11/1979,Female,3102 9517 7869,original
img_2271.png,Joseph Chan,27/10/1998,Female,3215 9737 5575,tampered
img_231.png,Natalie Campbell,04/10/2005,Female,6518 8550 5169,tampered
img_2702.png,Lisa Friedman,21/11/2005,Female,3700 7862 1624,original
img_1241.png,Kathleen Schmidt,16/06/1979,Female,4376 2115 6975,tampered
img_2954.png,Stephanie Hayes,07/01/1982,Female,5782 2893 9000,tampered
img_12.png,Rebecca Wilson,09/08/2000,Male,8715 6705 5562,original
img_2697.png,Taylor Bautista,25/03/1972,Female,9028 9385 1032,tampered
img_2155.png,Tammy Jones,28/07/1988,Female,6569 4483 2458,original
img_1455.png,Phyllis Farley,05/09/2003,Female,2755 6799 1068,original
img_215.png,Samantha Rodriguez,07/10/1968,Female,4863 6875 8725,tampered
img_1747.png,Rachel Mclean,16/10/1999,Male,1905 5167 5533,tampered
img_2529.png,Susan Aguirre,07/12/1983,Male,2062 4808 8167,tampered
img_931.png,Michael Martin,12/09/1992,Female,1535 4379 2557,tampered
img_402.png,Donna Wolf MD,03/09/2005,Male,3483 4034 7207,original
img_1581.png,Gary Case,30/04/1988,Female,9685 5164 9534,original
img_854.png,Amanda Fitzpatrick,23/10/1966,Male,8506 2809 6072,tampered
img_2012.png,Jeffrey Bell,30/12/1988,Male,3278 4527 9626,tampered
img_1208.png,Mary Wood,14/01/2004,Male,7298 1158 3340,tampered
img_845.png,Melissa Price,27/06/1980,Female,3588 3489 6968,tampered
img_2104.png,Brad Robbins,09/04/2001,Male,6246 3973 1486,original
img_228.png,Amy Simon MD,10/06/1981,Female,6088 4155 3441,tampered
img_1332.png,Jeffrey Wilson,19/11/1965,Male,3403 6129 1755,tampered
img_2167.png,Patrick Meyer,25/10/1994,Male,5370 1806 1165,tampered
img_11.png,Amy Henry,06/09/2001,Male,4846 1621 3182,tampered
img_2351.png,Jennifer Norris,10/04/1991,Female,1003 2736 6359,tampered
img_151.png,Lee Johnson,23/08/1981,Female,6973 2040 6380,tampered
img_1101.png,Christopher Price,12/01/1975,Female,7057 3075 3854,original
img_1745.png,Matthew Harmon,26/10/1983,Male,4606 1840 7930,tampered
img_1266.png,Marcus Kennedy,31/12/1979,Male,1041 5002 9850,original
img_1321.png,Stephen Ruiz,10/01/1996,Male,2189 1317 9800,tampered
img_2762.png,Madison Erickson,18/10/1973,Female,8927 8032 2207,tampered
img_802.png,Timothy Guerra,17/02/1998,Female,5055 5186 3386,original
img_1091.png,Kevin Fisher,12/01/1982,Female,8075 5992 9755,tampered
img_776.png,Dawn Warren,30/05/1994,Male,6582 7603 3968,original
img_2104.png,Brad Robbins,09/04/2001,Male,6246 3973 1486,tampered
img_893.png,Matthew Buchanan,09/01/2004,Male,5720 5126 7535,tampered
img_2809.png,Anna Glenn,14/07/1981,Female,2148 4399 4503,original
img_456.png,Amy Price,30/12/1991,Male,1032 5256 7402,tampered
img_2896.png,Dr. Thomas Phillips,24/11/1986,Female,8511 6738 8997,original
img_1343.png,Stanley Watkins,30/01/1982,Female,7101 5611 3510,original
img_1305.png,Alejandro Vasquez,23/04/2007,Female,9203 1663 8177,original
img_294.png,Jennifer Boyer,09/05/1969,Female,7411 4885 9210,original
img_1221.png,Sara Davis,24/02/1968,Female,7686 7028 1706,tampered
img_2988.png,Cheyenne Collins,14/07/1982,Male,3574 3510 1462,original
img_818.png,Sarah Hunt,25/02/1985,Female,8162 1569 4147,original
img_2297.png,Gloria Harper,02/03/1979,Male,5571 4514 2176,original
img_1988.png,Anthony Branch,23/02/1980,Female,9430 2274 4858,tampered
img_1356.png,Alejandro Lee,01/10/1999,Male,5209 9913 1031,original
img_1147.png,Phillip Shaffer,19/06/1994,Male,6437 5491 3471,tampered
img_558.png,Erik Swanson,05/07/1972,Male,3395 7824 5340,original
img_1111.png,Kenneth Paul,13/07/1984,Male,9616 7585 3081,original
img_939.png,Sierra Ramirez,08/02/1990,Female,1412 3344 2356,original
img_1835.png,Evan Davis,03/10/1976,Female,9281 3738 9439,original
img_86.png,Randall Hernandez,29/10/1981,Female,1165 6477 8241,tampered
img_119.png,Christopher Rios,17/06/1982,Female,9562 8601 1351,tampered
img_2816.png,Timothy Rollins,03/02/1993,Male,3451 7734 3922,tampered
img_1240.png,Elizabeth Mejia,23/08/1992,Female,7244 7057 2925,original
img_965.png,Michael Lynch,06/07/1995,Male,3424 5170 6816,tampered
img_1920.png,Debra Perez DVM,14/06/1999,Male,7409 1380 2307,original
img_1411.png,Jack Little,13/02/1976,Female,9590 8908 6726,original
img_760.png,Barbara Gonzalez,31/12/1993,Female,8603 6202 8702,tampered
img_853.png,Lindsey Patrick,29/06/1965,Female,9131 1211 4644,tampered
img_593.png,Barbara Owen,19/12/2001,Female,3656 6451 5048,original
img_1027.png,Jessica Price,19/06/1983,Male,1341 7268 3005,original
img_1085.png,Kaitlin Chen,02/11/1971,Female,9831 4107 8029,original
img_1387.png,Douglas Bush,30/08/1996,Female,3307 4305 2286,tampered
img_2130.png,Andrea Wilson,15/11/1967,Female,2865 8962 5201,original
img_1605.png,Amy Reynolds,02/04/1970,Female,7040 5080 9649,original
img_2170.png,Jesse Crane,18/09/2002,Male,8572 5413 8274,original
img_822.png,George Lee,28/11/1990,Male,4805 2983 4481,tampered
img_2619.png,Kara Hernandez,07/01/1970,Male,6367 3626 8639,tampered
img_2274.png,Robert Stewart,05/12/1994,Female,9751 9104 9739,tampered
img_82.png,Amy Yu,28/06/1969,Male,9935 1847 7698,original
img_1778.png,Jamie Hutchinson,08/12/1978,Male,3564 1835 7734,original
img_2351.png,Jennifer Norris,10/04/1991,Female,1003 2736 6359,original
img_451.png,Mike Burgess,11/05/1965,Male,8788 7868 6981,original
img_38.png,Cynthia Davis,13/04/1974,Male,1267 3744 6269,tampered
img_1656.png,Jason Finley,27/08/2002,Male,1221 1974 6642,tampered
img_2661.png,Dylan Jackson,25/09/2004,Male,3193 8072 5528,original
img_955.png,Spencer Long,05/06/1982,Male,6797 2981 7150,tampered
img_1946.png,Scott Henry,22/10/1982,Male,6506 9210 5322,original
img_1314.png,Sharon Anderson,10/11/1984,Male,1970 5941 2453,original
img_2011.png,Traci Kelley,09/08/1977,Female,7964 9702 8670,original
img_679.png,Diane Smith,18/05/1993,Female,5765 4965 9838,original
img_1293.png,Lisa Mckinney,21/07/1987,Male,2228 9492 7449,original
img_807.png,Nicholas Mccoy,22/02/1979,Female,3673 4909 7336,original
img_439.png,Connie Ward DDS,22/11/1995,Female,3366 7408 6171,original
img_54.png,Paula Davis,21/02/2003,Female,3947 2403 8803,tampered
img_229.png,Justin Lambert,16/07/2001,Female,2308 1424 1069,tampered
img_167.png,Patrick Pena,23/04/1996,Male,7979 8884 4336,original
img_2797.png,Melissa Gomez,18/03/1967,Male,9335 6615 1551,original
img_1740.png,Hailey Mann,11/07/1996,Male,8921 6800 4253,tampered
img_70.png,Aimee Sanchez,24/06/1991,Female,4776 6968 4243,original
img_1476.png,Jacob Moore,16/05/1968,Female,8755 2574 5440,tampered
img_2000.png,Clifford Williams,04/02/1985,Female,6119 1341 9060,tampered
img_2025.png,Nicholas Wallace,24/09/1996,Female,6659 1003 7599,tampered
img_1842.png,Diane Vega,21/09/1971,Female,4542 5950 4644,original
img_378.png,Charles May,30/10/2007,Female,9653 2956 4613,tampered
img_2534.png,Joseph Collins,22/05/1966,Female,9124 4386 6103,original
img_2798.png,Michael Burke,02/10/1971,Male,5610 7293 1081,original
img_2847.png,Kendra Thomas,27/11/1975,Female,6078 3998 8296,original
img_1235.png,Anita Torres,29/09/1995,Female,1386 6024 9072,tampered
img_1482.png,Jake Murray,09/06/1993,Male,6141 9323 4629,tampered
img_632.png,Courtney Nichols,21/09/1987,Male,2085 6911 2735,original
img_1035.png,Stephanie Thompson,13/11/1971,Female,5928 5839 1852,original
img_536.png,Debra Hayes,19/11/1984,Male,2296 7382 1458,original
img_838.png,Nicholas Tucker,01/11/2006,Male,1439 1785 8391,original
img_485.png,Mark Hale,02/07/1966,Male,8408 5791 7350,tampered
img_1553.png,Vanessa Tyler,06/10/1983,Female,7029 4757 1369,original
img_1300.png,Amanda Velasquez,30/11/1980,Female,6249 6221 8878,tampered
img_764.png,James Padilla,25/07/1998,Female,3141 3338 4371,original
img_2912.png,Craig Hayes,09/08/1980,Female,9650 4355 7996,tampered
img_1073.png,Cody Atkinson,23/03/2004,Male,5020 1956 7014,original
img_2107.png,Jonathan Ramsey,19/04/1991,Male,5477 1942 6242,original
img_1247.png,Julie Bolton,16/07/1970,Male,2723 5250 9778,original
img_2737.png,Ana Mcguire,18/11/2005,Male,1858 2396 1746,original
img_604.png,Isabel Johnson,13/10/1968,Female,2752 7204 4938,tampered
img_2228.png,Nicholas Green,26/01/2005,Male,2384 5780 5408,tampered
img_547.png,Debra Frye,07/04/1993,Male,6355 2266 2051,tampered
img_1276.png,Jason Robinson,24/09/1999,Female,3474 2338 5277,tampered
img_2908.png,Beverly Strong,16/04/1968,Male,5425 5773 4198,original
img_2859.png,Debbie Mayer,06/04/1976,Female,3394 3095 8153,original
img_188.png,Micheal Ford,09/05/1984,Male,9085 4743 9635,original
img_765.png,Nicholas Miller,15/07/1976,Female,9196 3156 7657,tampered
img_1951.png,Steven Jackson,16/08/1990,Female,6615 4019 1604,original
img_704.png,Olivia Bowers,18/09/2000,Male,7086 3680 8749,tampered
img_154.png,David Hanson,04/04/1982,Male,1297 5676 1845,tampered
img_2494.png,Mark Hill,16/06/1994,Male,8156 8696 9079,tampered
img_2759.png,Blake Lopez,03/10/1968,Female,3202 7334 2682,original
img_1665.png,James Schwartz,19/03/1978,Female,2718 3407 1945,original
img_806.png,Toni Kerr,08/09/2003,Female,3797 8240 5400,original
img_2996.png,Derek Robinson,26/11/1966,Male,8265 1755 7936,tampered
img_984.png,Kathleen Smith,08/05/1994,Male,5747 5236 7524,original
img_2787.png,Melissa Smith,18/11/1978,Male,2064 6256 4669,original
img_1541.png,Monica Rhodes,27/10/1968,Female,8698 9447 2681,tampered
img_889.png,Michael Reed,16/11/1994,Male,3293 4858 2876,tampered
img_590.png,Theodore Freeman,06/12/1980,Male,1137 2895 4560,tampered
img_413.png,William Anderson,22/01/1976,Female,4339 7208 8803,original
img_2468.png,Jonathan Caldwell,21/07/1983,Male,7508 7405 1221,original
img_2903.png,Kevin Smith,06/07/2007,Female,2508 9528 6521,original
img_1894.png,Tracey Castaneda,16/12/1978,Male,1750 9323 9943,tampered
img_2594.png,Dr. Dominique Gibson,27/09/1966,Male,1305 1498 1993,original
img_2964.png,Matthew Rogers,05/12/1974,Female,8958 6838 6897,tampered
img_1352.png,Kevin Montgomery,12/10/1997,Male,7919 5101 4062,tampered
img_176.png,Kim Schroeder,22/08/1988,Male,8383 8448 7301,original
img_33.png,Stephen Carroll,04/03/1978,Female,2850 8955 3353,tampered
img_2077.png,Tina Cochran,17/11/1982,Male,2037 4354 3813,tampered
img_742.png,Samuel Smith,20/11/1971,Female,7969 3961 1005,original
img_2740.png,Nicholas Henry,04/08/1996,Male,9747 3910 2709,original
img_1494.png,Haley Stevens,12/11/1965,Female,7933 7503 8236,original
img_2365.png,Alex Green,30/09/1969,Female,1837 2791 7547,original
img_150.png,Julie Gonzalez,17/10/1999,Male,5633 1528 7370,original
img_1220.png,Claudia Hodges,10/08/1978,Male,1867 1146 8297,tampered
img_1776.png,April Travis,27/02/1991,Female,3930 9713 6739,original
img_1783.png,Peter Rangel,03/08/1986,Female,5321 5010 1213,tampered
img_2713.png,Anthony Larson,18/08/1991,Male,7630 5476 4589,tampered
img_2570.png,Troy Baker,31/08/1972,Female,9449 4179 6171,tampered
img_1286.png,Melissa Bell,13/01/1970,Male,3058 8705 5800,tampered
img_2917.png,Jacob Edwards,15/08/1977,Male,1897 7300 2809,tampered
img_2440.png,Olivia Mann,05/04/1998,Female,8025 7635 9677,tampered
img_1852.png,Zachary Nichols,03/07/1983,Female,7012 8557 1248,original
img_660.png,Lisa Townsend,22/08/1969,Male,1195 4460 3631,original
img_532.png,Nancy Allen,20/03/1988,Male,3913 6630 6810,original
img_2306.png,Sean Giles,20/04/1983,Female,8417 8727 7992,tampered
img_224.png,John Miller,05/06/1974,Female,2139 4305 6859,original
img_1838.png,Nicole Cervantes,03/05/1982,Male,7434 2607 5809,tampered
img_2399.png,Nicole Bradshaw,23/02/1993,Female,3077 2533 6554,tampered
img_749.png,Randy Thomas,25/01/1975,Female,8048 9595 5617,original
img_2242.png,Jennifer Williams MD,08/05/1965,Female,8728 6967 8219,original
img_635.png,Mitchell Esparza,22/08/1965,Female,4521 3201 2863,tampered
img_2517.png,Timothy Wang,09/07/1986,Male,7101 3014 3140,original
img_1497.png,Marcus Nicholson,19/09/1965,Female,1499 7574 8819,original
img_2837.png,Carla Roberts,06/07/2003,Male,6917 6108 7159,original
img_841.png,William Brown,18/08/2007,Female,4523 7200 6397,original
img_2266.png,James Hill,27/09/1986,Male,8108 3743 2672,original
img_410.png,Brian Walker,21/01/1990,Female,4474 9751 2833,original
img_789.png,Joseph Stone,09/09/1985,Female,7665 1684 1924,original
img_609.png,Steven Smith,10/03/1973,Female,2647 3216 7307,tampered
img_1202.png,Heather Mata,19/12/1974,Female,2698 2679 1834,original
img_1280.png,Lisa Montgomery,24/10/1997,Male,4206 9726 3867,original
img_2117.png,Eddie Wilson,09/12/1998,Male,8358 1815 2379,tampered
img_2163.png,Barbara Anderson,05/01/1988,Female,3959 7627 4881,original
img_2725.png,John Gonzalez,22/05/2002,Female,5750 5403 7828,tampered
img_237.png,David Frazier,06/06/1994,Male,6233 9189 2174,tampered
img_1503.png,Claire Gallegos,29/12/1980,Male,7242 4620 8466,tampered
img_2750.png,Larry Johnson,28/02/2001,Female,3647 8864 2085,tampered
img_2930.png,Jennifer Townsend,09/08/1993,Female,2787 7061 3840,original
img_1506.png,Melissa Davis,08/07/1973,Male,7588 8630 8027,original
img_1974.png,George Williams,21/09/1992,Male,7239 5253 4738,tampered
img_2163.png,Barbara Anderson,05/01/1988,Female,3959 7627 4881,tampered
img_2170.png,Jesse Crane,18/09/2002,Male,8572 5413 8274,tampered
img_1829.png,Brad Rosario,22/10/1985,Male,8586 4159 4159,original
img_2303.png,Denise English,28/11/1988,Male,7262 9972 8481,tampered
img_1737.png,Donald Lee,15/01/1980,Female,8193 6068 3363,tampered
img_501.png,Michael Russell,23/10/1976,Female,1560 2832 8978,original
img_296.png,Dr. Kristy Mccarty,19/04/1975,Male,6843 8982 3054,tampered
img_1176.png,Emily Walters,11/06/1977,Female,6636 7309 8672,original
img_357.png,Dawn Lambert,23/03/1984,Female,8460 3979 2204,original
img_1345.png,Larry Brock,26/10/1984,Female,6039 7463 4748,tampered
img_1495.png,Susan Roberts,15/12/1984,Male,4907 6543 8834,tampered
img_14.png,Ashley Williamson,28/07/1975,Male,8469 1219 8283,original
img_2247.png,Andrea Ballard,08/05/2004,Female,5878 8743 8243,original
img_668.png,Scott Brooks,03/10/1975,Male,5717 9009 7959,original
img_2058.png,Kristopher Leach,01/02/1993,Male,6395 2374 3867,original
img_128.png,Nicholas Gonzales,15/11/1985,Female,3733 2085 5224,tampered
img_2079.png,Scott Avila,12/11/1989,Female,2765 5432 7647,tampered
img_1483.png,Jennifer Bonilla,28/03/1986,Female,7000 8066 6985,tampered
img_1527.png,Aaron Potter,22/02/2005,Female,1645 5233 2550,tampered
img_691.png,Matthew Simmons,12/12/1981,Male,8860 7563 9589,original
img_2314.png,Daniel Silva,10/08/1998,Male,8102 6151 9451,tampered
img_205.png,Kristen Vega,05/01/1971,Male,5331 9576 3750,original
img_1980.png,Amy Martin,28/03/1976,Female,3833 5514 2969,tampered
img_918.png,Denise Wilson,31/01/1977,Male,4745 6497 1201,original
img_939.png,Sierra Ramirez,08/02/1990,Female,1412 3344 2356,tampered
img_1887.png,Michael Thompson,14/04/1983,Male,6301 2370 9285,original
img_1931.png,Kenneth Cooper,17/05/1980,Female,3757 1004 3208,tampered
img_583.png,Adrian Combs,10/01/1966,Male,5213 3677 4986,original
img_2287.png,Elizabeth Hardy,31/01/2001,Male,7538 6616 5091,tampered
img_611.png,Bridget Leonard,14/09/1967,Male,4911 6101 3260,original
img_2219.png,Harry Robinson,27/04/1999,Female,1790 3168 1993,original
img_1206.png,Brian King,17/04/1988,Male,9805 9544 2164,original
img_240.png,Lisa Rangel,19/05/2004,Male,2296 7667 8114,original
img_1287.png,Michael Garcia,03/09/1997,Male,6679 6410 8955,original
img_1997.png,Richard Clay,26/05/1989,Male,4932 1170 1287,original
img_2890.png,Cheryl Fry,22/09/1965,Male,3945 8349 6693,original
img_2357.png,Angela Black,01/12/1965,Female,3333 1383 3996,tampered
img_2443.png,Mrs. Whitney Mckay,18/01/1968,Female,7834 7597 1084,original
img_750.png,Michael Reynolds,02/12/1974,Male,6233 1959 6035,tampered
img_2284.png,Stephanie Patrick,13/11/1969,Male,3084 4448 2069,tampered
img_2543.png,Joseph Oconnor,05/01/1985,Female,9484 2194 6261,tampered
img_2591.png,Michael Hudson,24/06/1977,Male,9891 7385 8125,original
img_2054.png,Timothy Patrick,17/10/1974,Male,3718 1662 3564,tampered
img_1265.png,Betty Gill,10/08/1992,Male,6960 1736 6602,original
img_2718.png,Molly Ferguson,24/08/1978,Male,6646 8905 7170,tampered
img_1962.png,Mark Mendez,10/01/1985,Male,9938 6006 3323,tampered
img_2051.png,Alison Kennedy,11/03/1995,Female,8486 5520 4382,tampered
img_743.png,Lori Walker,27/06/1984,Male,6052 5617 7308,original
img_1786.png,Daniel Alvarado,31/07/1996,Female,9673 6946 9292,original
img_2751.png,Justin Richardson,16/03/1992,Female,2104 3059 3867,tampered
img_1308.png,Angelica Baxter,30/07/1974,Male,4933 8800 1298,tampered
img_420.png,Terry Hill,04/01/1966,Male,5125 8125 1984,original
img_2314.png,Daniel Silva,10/08/1998,Male,8102 6151 9451,original
img_10.png,Margaret Dunn,14/10/2003,Female,8563 5593 7470,original
img_2578.png,Jennifer Valdez,16/03/1992,Male,1371 2504 8860,tampered
img_1292.png,Lisa Mccall,22/07/1971,Male,7589 7023 3731,original
img_801.png,Thomas Evans,12/12/1984,Female,8004 7070 7649,original
img_1029.png,Jason Ford,23/11/1996,Female,1671 4569 6227,tampered
img_445.png,Frank Wright,15/06/1968,Male,4960 5411 9766,tampered
img_2126.png,Maria Lopez,14/07/1983,Male,9856 1845 5665,tampered
img_435.png,Amy Johnson,03/08/1984,Female,8878 9840 7432,tampered
img_2330.png,William Moreno,30/03/1983,Male,6781 5722 4852,original
img_577.png,Pam Glass,15/11/2003,Male,5153 5510 4487,tampered
img_951.png,Cathy Roth,13/06/2004,Male,2696 8185 6622,tampered
img_1024.png,Denise Pope,24/11/2004,Male,3463 7971 1368,tampered
img_14.png,Ashley Williamson,28/07/1975,Male,8469 1219 8283,tampered
img_1545.png,Ruth Webb,12/01/1996,Male,6571 6233 3161,original
img_1127.png,Ashley Hamilton,06/06/1968,Male,9114 2210 1546,tampered
img_2892.png,Robert Bush,24/09/1992,Female,9196 4783 2116,original
img_2026.png,Randall Thompson,18/02/1985,Female,7149 3031 7825,tampered
img_2633.png,Kurt Davidson,16/12/1994,Male,5205 5795 5312,tampered
img_2769.png,Donald Duran,15/06/1970,Male,4555 4398 6056,tampered
img_864.png,Katie Gordon,15/01/1974,Male,3698 9375 4172,tampered
img_2134.png,Meghan Russo,12/11/1970,Female,6043 8002 5204,tampered
img_856.png,Todd Campbell,21/02/2005,Male,7282 1395 8218,tampered
img_1782.png,Selena Griffith,17/07/1983,Male,2376 2345 9976,tampered
img_1164.png,Jacob Mullen Jr.,13/07/1991,Male,1471 6428 5351,original
img_2917.png,Jacob Edwards,15/08/1977,Male,1897 7300 2809,original
img_1979.png,James Harris,24/09/1984,Male,4628 1159 5983,original
img_1772.png,Theresa Guzman,29/04/2004,Male,7882 9811 2350,tampered
img_1466.png,Alice Molina,04/07/1999,Male,3386 7230 9103,original
img_2428.png,Kimberly Butler MD,17/03/1973,Female,5307 6449 2554,original
img_857.png,Antonio Rollins,19/08/1976,Female,8492 4236 9169,tampered
img_1964.png,Christina Johnson,13/07/1995,Female,3794 2474 5221,original
img_2109.png,Eduardo Acevedo,18/11/1973,Female,3014 8504 8955,tampered
img_733.png,Jason Campbell,30/11/2001,Female,6217 9616 2450,tampered
img_614.png,Marcus Collins,05/03/1986,Female,4574 3239 5806,tampered
img_207.png,Thomas Howard,03/02/1983,Male,4904 9105 7398,tampered
img_32.png,Christine Winters,02/04/1989,Male,4152 7759 2942,original
img_251.png,Brian Munoz,22/04/2002,Male,2677 2372 5632,tampered
img_1783.png,Peter Rangel,03/08/1986,Female,5321 5010 1213,original
img_1559.png,Amy Booth,12/02/1974,Female,6939 9582 1213,tampered
img_129.png,Todd Cabrera,07/12/1977,Male,8395 5846 9768,tampered
img_2140.png,Patrick Scott,19/01/1986,Male,2622 1186 2681,original
img_1812.png,Debbie Kramer,25/03/1970,Male,2111 5110 1448,original
img_1417.png,Richard Hurst,09/01/1970,Male,9184 5089 2464,tampered
img_367.png,Shaun Smith,29/05/1983,Male,9105 5044 5385,original
img_2570.png,Troy Baker,31/08/1972,Female,9449 4179 6171,original
img_886.png,Lisa Coleman,02/02/1987,Male,4645 2418 6330,tampered
img_970.png,Duane Brewer,04/05/1995,Male,8287 1640 8400,original
img_1770.png,Karen Johnson,25/02/2003,Female,8961 8426 4045,original
img_174.png,Kristin Everett,27/11/1966,Female,1521 3334 7627,tampered
img_2723.png,Erin Barnes,03/12/1976,Female,2892 3183 6327,original
img_960.png,Amanda Dominguez,04/12/1999,Female,8275 7846 4746,tampered
img_609.png,Steven Smith,10/03/1973,Female,2647 3216 7307,original
img_618.png,Connor Watts,29/06/1987,Female,4963 5826 9021,tampered
img_77.png,Alexis Bush,02/10/1970,Male,2599 5662 5342,tampered
img_2795.png,Jim Morrison,12/06/1996,Female,1572 1630 6589,tampered
img_2639.png,Laura Sims,11/01/2007,Female,3220 2330 7816,original
img_2472.png,Tyler Brady,04/08/1995,Female,1216 1486 5646,tampered
img_1921.png,Jennifer Cook,06/02/1976,Male,7881 4418 3213,tampered
img_706.png,Daniel Garcia,24/11/1997,Male,8212 5732 1661,original
img_2976.png,Ryan Bauer,14/11/2007,Female,5268 6503 1774,tampered
img_2346.png,Joseph Patterson,30/11/1989,Male,9391 4022 1670,tampered
img_247.png,Howard Lane,09/02/1967,Female,9461 1446 3818,tampered
img_343.png,Julia Hopkins,08/01/1977,Male,1551 3954 1752,original
img_354.png,Gloria Skinner,17/07/1977,Female,3356 8030 7472,tampered
img_2560.png,Michelle Johnson,07/03/1966,Female,3473 1441 8122,original
img_338.png,Sarah Perez,25/10/1975,Female,7552 4540 3621,tampered
img_1726.png,Marc Gamble,17/08/1999,Male,9011 8440 2408,tampered
img_166.png,Lori Li,17/09/1986,Female,6480 4663 1591,tampered
img_422.png,Jessica York,23/12/1978,Female,6109 8718 9050,original
img_2762.png,Madison Erickson,18/10/1973,Female,8927 8032 2207,original
img_1171.png,Shannon Gonzalez,06/02/1972,Male,1342 1988 7058,tampered
img_1537.png,Megan Sharp,16/11/1995,Male,7438 1694 8748,tampered
img_1511.png,Adam Roman,04/03/1995,Female,6290 6501 4083,tampered
img_2877.png,Monica Salinas,20/05/1977,Male,7143 3211 1471,original
img_624.png,Thomas Ramos MD,27/04/1971,Male,6080 3326 7991,original
img_1249.png,Madison Hawkins,18/08/2000,Male,2265 5678 3684,original
img_2771.png,Robert Kennedy,14/12/1966,Male,7402 9922 3216,tampered
img_236.png,Mr. Victor Taylor Jr.,12/01/1988,Male,9060 8899 9354,original
img_370.png,Eric Schroeder,17/07/1969,Female,5550 9047 4197,tampered
img_2223.png,Sandra Miller,29/12/2000,Female,2485 6475 7811,tampered
img_194.png,Kenneth Camacho,04/04/2001,Female,9992 1630 1262,tampered
img_2363.png,Michelle Swanson,15/02/1970,Male,8988 7390 4681,tampered
img_1117.png,Richard Woods,03/05/1967,Male,1487 1426 8724,original
img_2497.png,Allen Moran,24/12/1974,Male,3173 2329 8673,original
img_2611.png,James Ramirez,29/05/1969,Male,6043 4936 7595,original
img_1020.png,Chris Chan,14/07/1998,Female,8557 5247 6000,tampered
img_2483.png,Manuel Gardner,01/11/2002,Female,9166 5525 3122,tampered
img_844.png,Mark Curry,25/03/1985,Male,3171 3631 5339,tampered
img_597.png,Kristin Parks,21/01/1967,Male,9993 7735 9900,tampered
img_1102.png,Robert Moore,10/03/2007,Male,9764 1766 7200,tampered
img_2952.png,Mary Brown,21/05/1973,Female,9077 4964 5937,original
img_749.png,Randy Thomas,25/01/1975,Female,8048 9595 5617,tampered
img_30.png,Tina Collins,19/07/1986,Male,4651 9999 2724,original
img_1687.png,Jeffrey Dunn,12/11/1967,Female,1749 4341 3194,tampered
img_326.png,Shannon Burns,28/03/1982,Male,7863 8121 7553,tampered
img_1338.png,Sean Wade,10/03/1998,Male,3109 1154 4478,tampered
img_1456.png,Paul West,28/09/1974,Male,3360 1975 4473,original
img_1556.png,Billy Hutchinson,13/06/2002,Female,5542 4900 6832,original
img_2646.png,Rachel French,13/11/1993,Female,7603 6989 8044,tampered
img_647.png,Diane Frazier,23/06/1997,Female,3829 3023 1135,original
img_1807.png,Jeff White,11/10/2003,Male,1733 9403 2424,original
img_2266.png,James Hill,27/09/1986,Male,8108 3743 2672,tampered
img_1116.png,Robert Ross,20/08/2003,Female,9151 9817 4573,original
img_983.png,Amy Mccoy,22/08/1965,Male,9182 1085 5612,tampered
img_1784.png,David Young,01/10/1993,Female,4074 1219 6847,original
img_106.png,Veronica Martin,08/10/1984,Female,8237 8311 3693,tampered
img_2551.png,Alison Soto,06/05/1991,Male,3886 1869 4719,original
img_2417.png,Eric Peterson,24/07/1980,Male,9506 5518 6817,tampered
img_2316.png,Michael Moon,28/04/1992,Female,8214 9029 3083,original
img_2045.png,David Shaffer,11/12/1965,Female,1874 8529 8348,original
img_979.png,Carly Nguyen,04/02/1998,Female,1632 5780 9249,original
img_1368.png,Fred Maddox,16/03/1971,Female,8644 6550 4288,original
img_2040.png,Phyllis Sanders,13/09/1989,Male,6114 8017 1092,tampered
img_2004.png,Erik Reynolds,29/01/1987,Female,5940 6160 4731,tampered
img_1253.png,Jose Bauer,06/11/1976,Male,5692 1456 9745,original
img_2294.png,Marcus Martinez,19/03/1996,Male,6609 1424 9286,tampered
img_1678.png,Julia Johnson,18/04/1978,Male,8128 1804 6241,tampered
img_131.png,Stephen Miller,09/08/1983,Female,9306 4233 1581,original
img_78.png,Eric Gonzales,13/03/1994,Female,5831 7888 2111,tampered
img_1440.png,Kevin Woodard,09/03/1994,Female,9923 3046 8422,tampered
img_2905.png,Robert Lee,14/10/1978,Female,2117 9292 9393,tampered
img_145.png,Paul Harrison,28/11/2005,Male,4252 5430 1871,tampered
img_2009.png,John Thompson,19/09/1973,Female,1314 4700 9179,tampered
img_1203.png,Sean Sims,14/04/1978,Male,2583 4615 6083,tampered
img_985.png,Natasha Brooks,27/10/2000,Male,2100 4859 8586,original
img_1410.png,Luke Zuniga,06/01/1998,Female,9907 2756 4366,tampered
img_315.png,Jennifer Rodriguez,04/01/1995,Female,5170 5304 5016,tampered
img_1451.png,Christopher Phillips,09/06/1971,Male,8178 8365 7622,tampered
img_465.png,Kristen Stephens,22/11/1965,Male,7627 4142 4551,tampered
img_617.png,Travis Glover,04/05/1990,Female,8756 6889 3495,original
img_1339.png,Jacob Duffy,24/01/1997,Female,5031 3426 5096,original
img_230.png,Veronica Burns,10/06/1987,Female,8890 8415 7875,tampered
img_2477.png,Vanessa Page,15/09/1986,Male,8224 8058 9417,original
img_671.png,Richard Brown,07/06/2000,Male,2011 3312 1452,original
img_2250.png,Lauren Smith,23/08/1989,Male,8569 7108 5802,tampered
img_393.png,Michelle Harris,05/07/1974,Female,1128 2704 8580,tampered
img_1407.png,Kristine Mitchell,19/04/1976,Male,4986 3687 7366,tampered
img_809.png,Joseph Webb,05/10/1982,Male,2283 1056 7696,original
img_2103.png,Michael Koch,02/09/1973,Male,7227 6950 9914,original
img_482.png,Lawrence Rubio,17/10/1991,Male,9539 9862 2337,tampered
img_308.png,Melissa Rodriguez,11/08/1997,Female,7838 5145 8536,original
img_1516.png,Felicia Young,20/08/1969,Male,7077 7110 9680,tampered
img_2180.png,Katie Howard,30/04/1970,Male,8540 3270 3836,original
img_727.png,Steven Lewis,30/12/2004,Male,5163 8370 5032,original
img_1358.png,Robin Morgan,17/10/1969,Male,8769 9342 3419,original
img_2268.png,Jody Frazier,22/04/2005,Female,1353 7045 6114,original
img_2504.png,Danielle James,20/04/2000,Male,3120 8837 4741,tampered
img_1112.png,Norman Coleman,24/10/2002,Male,3092 4171 3721,tampered
img_2035.png,Jennifer Hall,17/04/1980,Male,3746 2087 7799,tampered
img_2651.png,Alexa West,25/12/1981,Female,3978 2233 1884,tampered
img_2138.png,Brian Porter,23/03/2007,Female,3550 4686 9997,tampered
img_871.png,Kayla Guerra,25/07/2005,Male,6665 3801 9758,tampered
img_1471.png,Cody Lopez,22/04/1990,Female,9950 4337 8775,tampered
img_2813.png,Adam Smith,09/11/1975,Female,8486 9942 9963,tampered
img_2102.png,Albert Willis,03/09/1995,Male,7281 8275 1934,tampered
img_2766.png,Jason Chavez,31/03/2004,Male,3459 6515 4096,original
img_162.png,Christine Johnson,23/02/1989,Male,2619 6268 2434,original
img_2093.png,Tyler Johnson,06/01/1985,Female,3458 8393 9564,original
img_2422.png,James Ortiz,05/02/1977,Female,2586 8167 2612,original
img_2510.png,Samantha Jones,27/04/1971,Female,9626 9084 3231,tampered
img_2791.png,Shannon Carpenter,13/01/1980,Female,8442 5746 9633,tampered
img_756.png,Melvin Mcclure,10/02/2005,Female,6602 4328 2673,tampered
img_1777.png,Dr. Christina Camacho,15/01/1999,Male,7615 3461 2166,tampered
img_1001.png,Alicia Rivera,12/06/1978,Female,5321 3472 3240,tampered
img_2662.png,Christopher Torres,22/10/2003,Female,7178 5754 8257,tampered
img_334.png,Jonathan Cox,25/01/2007,Male,3593 9823 8950,tampered
img_2838.png,Ronald Nguyen,24/05/1994,Male,9359 8283 7446,original
img_2377.png,Mr. Michael Patterson,25/08/1997,Male,9160 3165 7452,tampered
img_1504.png,Victoria Flores,16/09/1989,Female,1144 5910 5010,tampered
img_1671.png,Tina Larson,16/06/2006,Male,8442 4755 1874,original
img_687.png,Jessica Joseph,01/07/1976,Female,3418 1305 6179,tampered
img_909.png,Rebekah Collins,03/02/2008,Female,7574 5753 1533,original
img_306.png,Joseph Caldwell,01/05/1986,Female,2534 4333 8263,original
img_2116.png,Jacqueline Phillips,17/05/1966,Female,1615 2304 2405,original
img_1877.png,Chloe Hardy,20/08/1976,Female,6181 9781 3776,original
img_1275.png,Joe Taylor,03/01/2002,Male,9800 2001 4551,tampered
img_1590.png,Ashley Roman,11/05/2005,Female,7190 5098 9499,original
img_2569.png,Tyler Hernandez,06/08/1967,Female,9887 2589 7175,tampered
img_1965.png,Dana Maldonado,27/01/1994,Female,6282 8379 3559,original
img_969.png,Antonio Myers,03/06/2006,Male,1967 4890 3493,original
img_1860.png,Jerry Beck,31/10/1974,Male,6616 1650 3517,original
img_2781.png,Anita Hansen,06/04/2004,Male,5002 2449 8345,original
img_724.png,Jacqueline Rhodes,09/07/2006,Female,1593 3296 2851,original
img_1660.png,David Howe,14/09/1975,Male,1808 3062 8790,original
img_2666.png,Bobby Webster,25/02/1982,Male,2217 5920 8645,original
img_2376.png,Jordan Price,26/01/2004,Male,6558 8631 5244,tampered
img_2819.png,Sean Berger,01/02/1980,Male,1435 1404 7258,tampered
img_220.png,Deborah Reeves,20/06/1987,Female,7931 3725 9857,tampered
img_1387.png,Douglas Bush,30/08/1996,Female,3307 4305 2286,original
img_1935.png,John Morales,04/12/2005,Male,7530 3856 6702,original
img_786.png,William Chase,14/05/1992,Female,7233 6203 6574,original
img_2084.png,Kenneth Roberts,17/02/1973,Female,7067 8637 3345,original
img_624.png,Thomas Ramos MD,27/04/1971,Male,6080 3326 7991,tampered
img_202.png,David Wise,18/01/1984,Male,1861 5088 1542,tampered
img_1315.png,Andrea Maddox,01/09/1990,Female,3631 9651 7087,tampered
img_1028.png,Dr. Samuel Davis II,24/11/1990,Female,2329 5825 1621,tampered
img_1054.png,Janet Reed,27/06/1969,Female,3830 4699 7410,original
img_2400.png,Margaret Hicks,09/09/2005,Female,7817 7319 6681,tampered
img_2377.png,Mr. Michael Patterson,25/08/1997,Male,9160 3165 7452,original
img_2420.png,Benjamin Montes,27/07/1990,Male,2148 1673 7265,original
img_1620.png,Maria Ross,25/11/1977,Male,7100 8715 9545,tampered
img_1333.png,Sarah Rowe,02/04/1977,Female,5928 2821 3078,tampered
img_730.png,Alexander Campbell,16/05/1981,Male,3880 4629 9437,tampered
img_1775.png,Sue Dominguez,28/09/1970,Male,3943 9551 9824,original
img_1010.png,Dwayne Mills,07/02/1966,Male,5143 6591 3376,tampered
img_2891.png,Jared Rodriguez,07/11/1966,Male,1621 8412 2229,original
img_1241.png,Kathleen Schmidt,16/06/1979,Female,4376 2115 6975,original
img_42.png,Eileen Randolph,20/06/1999,Female,5323 3879 2851,tampered
img_192.png,William Buchanan,11/06/1970,Female,5394 5775 8255,tampered
img_2561.png,Amber Mercado,11/10/1982,Female,1743 8677 9888,original
img_664.png,Christina Kelly,26/10/1970,Female,9776 5135 7973,tampered
img_1009.png,David Thornton,24/07/1972,Male,1651 8123 1143,original
img_1545.png,Ruth Webb,12/01/1996,Male,6571 6233 3161,tampered
img_1264.png,Lindsey Sullivan,06/01/2008,Female,5624 3971 6928,original
img_2865.png,Miss Mary Montoya,01/10/2005,Female,2648 8892 4807,tampered
img_385.png,Sonia Rojas,21/05/2000,Female,8510 2500 3401,tampered
img_848.png,Deborah Robinson,24/11/1986,Female,3886 5302 3482,original
img_414.png,Laura Sanchez,23/03/1993,Female,7839 1367 4182,original
img_2196.png,Hannah Evans DVM,14/12/2001,Male,6608 3582 3406,tampered
img_348.png,Chad Rodriguez,01/12/1983,Female,8779 1504 9573,tampered
img_93.png,Amanda Graham,21/09/2006,Female,6078 9034 9654,original
img_2839.png,Sue Lynch,07/05/2005,Male,3071 1053 4109,tampered
img_1499.png,Jill Jones,24/03/1971,Female,1776 9041 9658,original
img_1152.png,Paul Martinez,25/11/1989,Male,4034 5773 7611,tampered
img_2768.png,Emily Benitez,21/09/1986,Female,4097 4086 6139,original
img_2200.png,Michelle Lopez,01/06/1996,Male,9905 4276 3090,tampered
img_2630.png,Patricia Davis,14/08/1976,Male,9227 6024 5073,original
img_2759.png,Blake Lopez,03/10/1968,Female,3202 7334 2682,tampered
img_2222.png,Joshua Rodriguez,12/08/1977,Male,9704 5462 6952,original
img_503.png,Deborah Conrad,11/11/1985,Male,9125 7721 2622,tampered
img_422.png,Jessica York,23/12/1978,Female,6109 8718 9050,tampered
img_275.png,Christina Mcdonald,18/02/1981,Female,5684 5776 8271,original
img_597.png,Kristin Parks,21/01/1967,Male,9993 7735 9900,original
img_1700.png,Elizabeth Lang,03/05/1989,Male,2876 8403 1038,tampered
img_800.png,Joshua Alexander,02/01/1997,Male,9984 9090 6370,tampered
img_2780.png,Philip Sanchez,13/06/1983,Female,1950 7055 4412,original
img_156.png,Robert Richardson,13/09/1991,Female,1987 7103 4884,original
img_1658.png,Keith Wells,08/12/1968,Female,3458 8420 4747,original
img_2080.png,Eric Frey,22/10/1971,Male,3113 4284 6118,tampered
img_1634.png,Zachary Clayton,12/11/1988,Male,5684 7928 2017,tampered
img_1755.png,Rhonda Martin,09/10/1993,Male,8097 7404 7153,tampered
img_2876.png,Scott Davis,06/08/1971,Female,9833 9414 5911,tampered
img_1048.png,Derek Rios,08/09/1985,Male,9391 4510 5743,original
img_986.png,James Brown,13/12/1982,Male,4737 6562 9501,tampered
img_1052.png,Vanessa Acosta,26/11/1969,Male,3383 4055 1341,original
img_2927.png,Eric Thompson,10/11/1987,Female,7541 5089 2687,tampered
img_978.png,Anne Hill,27/05/1998,Female,2603 3533 8656,tampered
img_2484.png,Michelle Hamilton MD,26/12/1988,Male,3674 2858 5043,tampered
img_670.png,Nathan Ellison,07/06/2006,Male,8794 7081 2804,original
img_1523.png,Penny Norman,02/04/1976,Female,6618 5737 4286,original
img_23.png,Alice Whitehead,24/09/1994,Male,3769 6720 4810,original
img_17.png,Jose Griffin,02/01/1999,Male,7698 3613 5024,original
img_1684.png,Anthony Dickerson,25/10/2000,Male,3729 7949 5509,original
img_1654.png,Leslie Holt,04/04/1994,Female,7604 1457 9032,original
img_717.png,Sydney Olson,12/12/1978,Female,9779 8523 4374,tampered
img_1699.png,Holly Summers,12/03/1974,Female,6449 2283 9574,original
img_1435.png,Thomas Doyle,07/06/1985,Female,3766 5711 7049,original
img_192.png,William Buchanan,11/06/1970,Female,5394 5775 8255,original
img_94.png,David Mathis,13/02/2008,Female,5463 8090 7529,original
img_355.png,Fred Warren,22/04/1973,Female,3423 1258 3239,original
img_2094.png,Zachary Rodriguez,16/11/2003,Male,3011 2499 1777,original
img_1759.png,Joseph Miller,12/08/1997,Female,9002 3863 1940,tampered
img_1077.png,Philip Krueger,07/08/2006,Male,7679 8100 9402,tampered
img_839.png,Allen Conrad,21/03/1979,Male,1391 3995 9134,original
img_1475.png,Alicia Williams,07/02/1995,Male,1933 8998 3553,original
img_100.png,Karen Washington,26/09/1996,Male,3020 3514 5562,original
img_2870.png,Anthony Miller,09/04/2003,Female,3050 3904 7510,original
img_1252.png,Alexis Ryan,02/08/1975,Male,2237 3547 7627,tampered
img_785.png,Gabriella Fisher,10/01/1989,Female,6256 3014 1557,original
img_2806.png,Daniel Yoder,18/12/2005,Male,5527 6326 1667,original
img_2414.png,Connie Collins,30/06/1983,Female,5985 6591 8123,original
img_1061.png,Dana Cruz,24/11/1992,Female,5257 4550 8028,tampered
img_2549.png,April Mueller,14/08/1996,Female,3918 4153 8703,tampered
img_1039.png,Rebecca Lawrence,06/09/1970,Female,9421 5021 3237,original
img_1862.png,Valerie Frye DDS,06/02/1972,Female,8812 9530 9595,tampered
img_2801.png,Samuel Johnson,24/02/1995,Male,3797 7231 8993,tampered
img_528.png,Julie Roberts,17/05/2001,Male,9860 5412 2231,original
img_281.png,Clinton Smith,23/09/2006,Female,5738 3880 8051,tampered
img_2985.png,Charles Howard,31/10/1984,Male,3437 1444 2412,tampered
img_2663.png,Don James,22/11/1977,Male,4641 8106 2854,original
img_1406.png,Christine Smith,03/12/2003,Male,5467 8034 1425,original
img_379.png,Samantha Johnson,16/10/1973,Female,5448 4634 7692,tampered
img_2389.png,Michael Knapp,22/03/2002,Female,2631 1349 5506,original
img_831.png,Jeffrey Garcia,28/03/2003,Female,9808 9580 9252,tampered
img_841.png,William Brown,18/08/2007,Female,4523 7200 6397,tampered
img_1963.png,Mrs. Alexandra Meyer,30/08/1977,Female,3617 5483 7959,original
img_2466.png,Gregory Martinez,12/12/1995,Female,7713 1540 9840,original
img_2550.png,Michele Brown,31/10/2005,Male,1561 4659 3272,tampered
img_1426.png,Victoria Flores,18/05/2003,Male,9316 3475 1302,original
img_799.png,Jamie Porter,18/04/1996,Female,8000 4589 4596,original
img_680.png,Curtis Reid,15/10/1966,Male,4348 8448 7765,tampered
img_2226.png,Eric Rose,18/01/1971,Male,3950 4273 3831,original
img_1305.png,Alejandro Vasquez,23/04/2007,Female,9203 1663 8177,tampered
img_65.png,Lisa Gibson,13/05/1981,Female,7007 1281 6054,tampered
img_602.png,Mr. Nicholas Graham,04/02/1974,Male,2997 3643 9180,original
img_69.png,Stephanie Simmons,21/08/1992,Male,6435 8649 4270,original
img_2691.png,Melinda Levy,14/09/1975,Female,6261 1339 5892,original
img_1065.png,Carolyn Stuart,01/09/1967,Male,3383 5003 4451,tampered
img_2032.png,Candace Mann,17/06/1988,Male,8248 8811 1011,original
img_2717.png,Jessica Burns,28/07/2007,Female,5293 3782 8886,tampered
img_2259.png,Donald Baker,05/08/1975,Female,2214 2145 7094,original
img_1844.png,Courtney Walker,25/01/1967,Female,8012 3062 7599,original
img_621.png,Eric Garrison,28/08/1997,Female,1446 6737 2364,original
img_216.png,Antonio Gonzalez,26/06/1967,Female,6697 1216 5231,tampered
img_1541.png,Monica Rhodes,27/10/1968,Female,8698 9447 2681,original
img_1428.png,Michael Robinson,29/06/1987,Female,5409 1810 2330,original
img_243.png,Christopher Griffin,09/01/1967,Male,2434 4947 1280,original
img_2039.png,Emma David,08/05/1974,Male,1504 6678 2994,original
img_16.png,Jeremiah Blake,29/09/1998,Female,7815 1780 8169,tampered
img_1888.png,James Eaton,06/12/1996,Male,5011 4518 1684,original
img_134.png,Matthew White,11/12/1974,Male,3351 5196 2922,tampered
img_2669.png,Scott Montoya,31/03/1966,Female,7946 3876 9179,tampered
img_2372.png,Alyssa Edwards,24/08/2003,Male,7593 5575 7389,original
img_2171.png,Lawrence Best,10/01/2007,Male,4661 1418 6293,tampered
img_1385.png,Fernando Watts,11/04/1966,Female,3982 6417 5131,original
img_2781.png,Anita Hansen,06/04/2004,Male,5002 2449 8345,tampered
img_169.png,Travis Wilson,28/09/1986,Male,7244 9175 4328,original
img_1690.png,Carmen Williams,29/07/2006,Female,9890 7832 9147,tampered
img_2028.png,Sheryl Rodriguez,18/07/1967,Male,3201 8018 7153,tampered
img_885.png,Andrea Scott,18/09/1973,Female,1141 2974 8197,tampered
img_168.png,Terry Phillips,16/01/1999,Male,8010 9954 8904,tampered
img_276.png,Gregory Boone,19/02/2001,Male,1111 2596 6498,original
img_2511.png,Leonard Griffin,28/06/1994,Female,9956 2918 6251,tampered
img_408.png,Katherine Brewer PhD,20/03/1996,Female,8799 6176 2631,original
img_282.png,Ryan Gutierrez,28/02/1972,Female,1477 3893 3275,original
img_1831.png,Dillon Nelson,27/01/1968,Male,6776 2767 3671,tampered
img_942.png,Denise Johnson,24/02/1994,Male,3025 3627 7252,original
img_1607.png,Michael Sweeney,18/09/2001,Male,1522 2763 9207,tampered
img_924.png,Justin Kim,09/08/1981,Female,4003 2133 3620,tampered
img_2071.png,Teresa Wiggins,31/10/1983,Male,6959 3705 5246,tampered
img_194.png,Kenneth Camacho,04/04/2001,Female,9992 1630 1262,original
img_2842.png,William Tyler,25/03/2002,Female,2890 5772 3291,tampered
img_2507.png,Stephanie Peterson,05/11/1976,Female,8681 5556 8762,tampered
img_2480.png,Angel Taylor,25/12/1990,Male,6850 2657 7167,original
img_1668.png,Sarah Webb,30/01/1992,Female,5409 5147 9249,tampered
img_1405.png,Hannah Mccullough,09/12/1980,Female,3250 2002 7240,tampered
img_2498.png,Michael Watson,05/11/1970,Female,9233 2873 7465,tampered
img_2184.png,David Williams,04/05/1974,Female,1250 6295 7190,tampered
img_524.png,Bruce Potter,14/11/1968,Male,8795 7304 7381,tampered
img_2617.png,Dustin Davis,02/05/1998,Female,2544 3366 3291,tampered
img_1639.png,Jerome Soto,11/10/1966,Female,5410 4675 1106,original
img_520.png,Lori Bender,11/01/1994,Male,8792 4908 2772,original
img_1614.png,Cameron White,19/01/1985,Male,5867 6953 4665,tampered
img_2837.png,Carla Roberts,06/07/2003,Male,6917 6108 7159,tampered
img_2650.png,Nicholas Taylor,01/07/2003,Male,4282 3240 5093,original
img_1474.png,Jonathan Newton,16/11/1975,Female,7188 9890 9103,original
img_2848.png,David Stone,22/10/1998,Male,6018 1667 4717,original
img_1144.png,Jennifer Mitchell,16/12/1999,Male,7768 7866 8027,original
img_2168.png,Kimberly Garcia,07/05/1968,Male,7232 1904 2025,tampered
img_2579.png,Patrick Rhodes,05/10/1969,Female,6272 2868 7962,original
img_2913.png,Michelle Franco,14/10/1982,Female,9351 9473 5044,tampered
img_1105.png,Karen Johnson,04/03/1989,Female,8503 3165 4068,tampered
img_2419.png,Laura Pierce,28/12/1990,Male,9939 1169 4559,tampered
img_2147.png,Jason Wagner,07/12/1982,Male,9485 6902 5466,tampered
img_2938.png,Hannah Vaughn,23/05/1984,Female,3228 6125 3715,tampered
img_1723.png,James Galvan,02/12/1985,Female,9848 2554 4364,original
img_1096.png,Jessica Wright,20/01/2000,Female,4659 4977 4436,original
img_109.png,Kimberly Morales,24/12/1983,Male,1845 6641 3560,original
img_1750.png,Elizabeth Cox,19/10/1991,Female,8224 4666 3206,original
img_967.png,Justin Mckay,02/01/1996,Female,5281 3962 2962,tampered
img_443.png,Stephanie Riddle,12/06/1975,Male,7042 5799 5194,original
img_186.png,Kyle Davila,21/01/1968,Female,4476 6037 3177,tampered
img_1435.png,Thomas Doyle,07/06/1985,Female,3766 5711 7049,tampered
img_2471.png,Terry Howe,10/05/1988,Male,5179 6221 9803,original
img_1073.png,Cody Atkinson,23/03/2004,Male,5020 1956 7014,tampered
img_66.png,Joe Grant,22/10/1992,Male,2041 4922 8473,original
img_600.png,Victoria Rose,31/05/1995,Male,7191 6478 1894,tampered
img_964.png,Rita Wright,29/05/1983,Male,6282 1858 1339,tampered
img_746.png,Jason Richardson,28/06/1990,Female,1723 9104 9627,original
img_2874.png,Colin Alexander,27/12/1987,Male,1815 7081 5963,tampered
img_1965.png,Dana Maldonado,27/01/1994,Female,6282 8379 3559,tampered
img_1400.png,Mason Jacobs,10/06/1986,Female,5562 2365 4899,tampered
img_304.png,Steve Obrien,10/02/1980,Female,9281 8827 4510,original
img_2183.png,Ryan Chapman,14/06/2002,Male,8894 4195 3789,original
img_2272.png,Emily Zimmerman,16/08/2002,Female,3481 4864 6257,tampered
img_914.png,Gregory Jones,17/01/1986,Female,6162 7747 5646,tampered
img_2950.png,Courtney Torres,07/10/1987,Female,2226 2331 6760,original
img_2189.png,Barbara Lee,16/11/1987,Male,1129 8417 9024,original
img_697.png,Emily Cisneros,19/11/1984,Female,4262 8863 9000,tampered
img_266.png,Nancy Bennett,25/08/1981,Female,9407 4311 7573,original
img_1142.png,Sara Clayton,21/04/1974,Female,4174 8527 7711,original
img_2022.png,Margaret Salazar,09/08/1998,Male,5076 8957 6531,tampered
img_60.png,Cathy Bowman,19/06/1990,Female,6518 4455 9416,tampered
img_1071.png,Tristan Donaldson Jr.,10/07/1968,Female,1419 2396 9405,original
img_997.png,James Robinson,08/03/2000,Male,9413 7583 1535,original
img_2215.png,Jennifer Morgan,09/04/1973,Female,8965 8011 5485,tampered
img_1742.png,Antonio Murphy,03/01/1983,Female,8126 9497 1637,tampered
img_2889.png,Eric Ochoa,19/01/1974,Male,5344 3744 1749,tampered
img_1865.png,Courtney Hunter,03/12/2005,Male,5228 9584 3092,tampered
img_1061.png,Dana Cruz,24/11/1992,Female,5257 4550 8028,original
img_2148.png,Russell Hall,20/03/2007,Female,6970 8832 9580,original
img_842.png,Pamela Harris,07/09/1994,Female,4951 6134 7938,original
img_1706.png,Thomas Hill,09/02/1983,Male,9073 7606 1378,tampered
img_303.png,Tara Harris,29/10/2004,Female,3122 4770 1496,original
img_1127.png,Ashley Hamilton,06/06/1968,Male,9114 2210 1546,original
img_2632.png,Scott Williams,07/06/1976,Female,9889 6913 8782,original
img_1505.png,Charles Smith,22/08/1978,Female,5639 3056 6257,tampered
img_941.png,Brittany Gardner,17/04/1975,Male,5419 9494 3412,original
img_1078.png,Michael Williams,26/12/1988,Female,7256 7348 5824,original
img_2441.png,John Turner,22/07/1967,Male,9821 5880 1246,tampered
img_1405.png,Hannah Mccullough,09/12/1980,Female,3250 2002 7240,original
img_1221.png,Sara Davis,24/02/1968,Female,7686 7028 1706,original
img_776.png,Dawn Warren,30/05/1994,Male,6582 7603 3968,tampered
img_2383.png,Paula Potter,23/05/1997,Female,6619 8107 3130,original
img_1779.png,Adrian Ward,08/06/1983,Male,6819 3736 1939,original
img_549.png,Heather Lambert,13/11/1991,Male,3187 9295 1954,original
img_1870.png,Monica Smith,24/11/1968,Female,3384 3460 1440,tampered
img_1203.png,Sean Sims,14/04/1978,Male,2583 4615 6083,original
img_2869.png,Glenn Wright,18/04/1983,Male,5041 2855 5466,original
img_1211.png,Robert Wallace,05/12/1965,Female,6620 2220 9481,tampered
img_1041.png,Justin Harrison,19/03/1982,Male,7402 9672 2731,tampered
img_666.png,Dakota Valencia,29/08/1977,Female,8889 2581 1943,original
img_1661.png,Kirsten Lam,25/01/1995,Female,6297 4626 5863,tampered
img_2239.png,Jessica Green,27/11/1975,Female,4025 2103 6495,tampered
img_2945.png,Samantha Bryan,26/02/2003,Female,9279 7466 8011,original
img_1976.png,Mike Jackson,13/10/1997,Female,4389 6319 2952,tampered
img_1268.png,Daniel Hess,02/09/1986,Male,7586 8682 5968,original
img_1433.png,Kurt Johnson,03/09/2003,Female,9585 1127 3624,tampered
img_1477.png,Brittney Ballard,18/02/1978,Male,8668 1507 8089,original
img_810.png,Jamie Garcia,21/11/1975,Male,9585 2652 4023,original
img_141.png,Laura Morales,29/06/2004,Male,3222 7630 5221,original
img_737.png,Mary Garcia,11/09/1989,Female,8272 9342 8241,original
img_335.png,Heather Curtis,12/09/1969,Male,1717 7761 7990,tampered
img_669.png,Angelica Nielsen,08/08/1966,Female,4161 9805 1426,original
img_2017.png,Erika Warren,24/04/1986,Male,3551 5113 2956,original
img_1599.png,Margaret Boyle,09/08/2003,Female,1361 8526 9162,original
img_1285.png,Daniel Holloway,26/04/1973,Male,5031 2378 2356,tampered
img_2457.png,Kelly Davis,22/12/1989,Female,8598 5565 6915,original
img_2069.png,Douglas Garrett,29/11/1997,Male,9497 5330 2039,tampered
img_96.png,Sheila Hines,03/05/1992,Female,5941 2351 7444,tampered
img_670.png,Nathan Ellison,07/06/2006,Male,8794 7081 2804,tampered
img_2948.png,Tara Clarke,17/11/1977,Male,2557 6528 9146,tampered
img_2332.png,Terri Wilson,14/04/2004,Female,4813 7502 4099,original
img_2644.png,Emma Williamson,11/12/2000,Female,3465 6318 9843,tampered
img_996.png,Jennifer Schneider,21/05/2004,Male,6696 7758 3065,tampered
img_2020.png,Nathan Young,28/11/2002,Female,4412 9688 9795,tampered
img_1949.png,Tammy Harrison,21/11/1983,Female,4157 9371 9027,original
img_1608.png,Jordan Conner,29/08/1988,Male,6780 9711 7808,original
img_1917.png,Teresa Moore,14/09/1977,Female,5439 9505 7579,tampered
img_586.png,Rachel Russell,18/06/1998,Male,8135 9971 1718,tampered
img_217.png,Jennifer Morris DVM,31/05/1973,Male,2252 3912 1061,original
img_92.png,Luis Johnson,08/11/1984,Female,5097 3408 5689,tampered
img_1094.png,Elizabeth White,18/11/1982,Female,3263 2995 6146,tampered
img_2100.png,Victoria Rosales,15/05/1982,Male,2303 2184 2713,tampered
img_36.png,Victor Cole,11/04/1991,Male,6625 3041 4977,tampered
img_450.png,Marc Sims,10/10/1969,Female,6012 7673 2110,tampered
img_1894.png,Tracey Castaneda,16/12/1978,Male,1750 9323 9943,original
img_64.png,Dylan Patterson,03/09/1990,Male,4732 9223 6945,tampered
img_1173.png,Susan Johnson,07/03/1982,Male,1233 4622 3277,original
img_1694.png,Dwayne Schneider,23/03/1992,Female,7329 2560 1204,tampered
img_358.png,Dennis Morales,14/10/1979,Male,1413 4575 5716,original
img_1816.png,Nicholas Williams,03/04/1997,Male,2422 8747 6574,tampered
img_2387.png,Katie Peterson,05/06/1996,Female,6731 4251 4711,tampered
img_830.png,Jon Hernandez,20/09/1984,Male,3152 2729 5546,tampered
img_1146.png,Carlos Murphy,24/08/1990,Male,8420 9483 3293,original
img_2758.png,Zachary Ford,07/04/2006,Male,4720 8360 2671,original
img_805.png,John Morales,21/08/1971,Male,1859 2009 6196,tampered
img_617.png,Travis Glover,04/05/1990,Female,8756 6889 3495,tampered
img_1199.png,Karen Gomez,27/02/1994,Male,5914 1840 1417,original
img_1376.png,Kathryn Rogers,07/01/1998,Female,6390 4427 2157,tampered
img_372.png,David Ellis,01/12/1992,Female,2296 4511 6764,original
img_1792.png,Courtney Mckee,23/01/1999,Male,6705 4192 8221,original
img_1862.png,Valerie Frye DDS,06/02/1972,Female,8812 9530 9595,original
img_6.png,Yolanda Hansen,11/09/1983,Female,3659 7076 6264,original
img_2330.png,William Moreno,30/03/1983,Male,6781 5722 4852,tampered
img_1079.png,Anthony Hutchinson,25/01/1986,Male,7526 5222 8654,original
img_1817.png,Mark Cooper,09/09/1992,Male,7881 2817 3330,original
img_112.png,Jonathan Anderson,18/12/1975,Male,3669 6859 9268,original
img_375.png,Claudia Mueller,08/01/1987,Female,4505 5746 3509,original
img_2099.png,Tiffany Frost,14/10/1969,Male,4838 1497 3723,tampered
img_1758.png,Chelsea Navarro,30/01/1995,Female,2134 6968 3794,tampered
img_2188.png,Ashley Schultz,03/08/2002,Male,6117 9973 7897,original
img_1681.png,Kevin Gill,15/11/1994,Female,9848 9297 7443,original
img_737.png,Mary Garcia,11/09/1989,Female,8272 9342 8241,tampered
img_724.png,Jacqueline Rhodes,09/07/2006,Female,1593 3296 2851,tampered
img_178.png,Ebony Powell,29/03/1977,Male,8496 1275 7635,original
img_1840.png,Joyce Zhang,07/02/2008,Female,4288 3093 4162,tampered
img_901.png,Carla Hall,14/03/1988,Male,1840 6905 8673,original
img_2950.png,Courtney Torres,07/10/1987,Female,2226 2331 6760,tampered
img_176.png,Kim Schroeder,22/08/1988,Male,8383 8448 7301,tampered
img_2326.png,Traci Chandler,27/10/1976,Male,1515 2500 6005,tampered
img_1182.png,Keith Hardin,01/11/2003,Male,4593 2828 8370,tampered
img_2546.png,Amber Heath,13/05/1968,Male,7072 5797 8513,original
img_2722.png,Brian Dennis,09/01/1974,Female,9597 8069 9696,original
img_1941.png,Andrew Smith,06/03/1987,Female,9352 5293 9545,tampered
img_687.png,Jessica Joseph,01/07/1976,Female,3418 1305 6179,original
img_2366.png,Tanya Maldonado,07/03/1973,Male,6567 9771 3406,tampered
img_2493.png,Jessica Sanders,21/03/1971,Female,6779 6101 4115,tampered
img_2292.png,Gabriel Murphy Jr.,09/05/1992,Female,8853 5058 3430,tampered
img_2301.png,David Turner,10/11/1979,Female,3232 5613 2565,tampered
img_2244.png,Michael Hernandez,14/09/1992,Female,9323 2410 9633,tampered
img_228.png,Amy Simon MD,10/06/1981,Female,6088 4155 3441,original
img_1711.png,Melinda Jones,15/06/2000,Male,9863 7945 3745,tampered
img_1762.png,Alicia Harper,04/01/2002,Male,1215 9238 1846,original
img_2176.png,John King,27/10/2003,Male,4117 7737 3532,original
img_2548.png,Jacob Reyes,01/02/1986,Female,4031 1505 1542,tampered
img_2701.png,Ryan Sheppard,18/11/2001,Female,8085 3697 2205,original
img_1963.png,Mrs. Alexandra Meyer,30/08/1977,Female,3617 5483 7959,tampered
img_780.png,Terry Ray,11/04/1970,Male,8973 7302 9368,original
img_2237.png,Zachary Faulkner,19/12/1986,Female,1709 1873 9961,tampered
img_58.png,Matthew Long,15/07/1969,Female,1497 3036 7296,original
img_1944.png,Mrs. Taylor Mcdaniel,13/06/1995,Male,6713 5778 9207,tampered
img_157.png,Lisa Hayden,03/01/1994,Male,1936 6569 8573,tampered
img_224.png,John Miller,05/06/1974,Female,2139 4305 6859,tampered
img_2572.png,Ashley Riddle,02/03/1984,Male,1556 3104 8735,tampered
img_1555.png,Felicia Hodge,04/09/1977,Male,9692 3688 2338,tampered
img_1756.png,Ross Wright,19/09/2005,Male,5341 2824 2920,tampered
img_2758.png,Zachary Ford,07/04/2006,Male,4720 8360 2671,tampered
img_826.png,Rebecca Walker,14/06/2000,Male,8010 2258 3554,tampered
img_135.png,Leah Turner,22/08/1986,Female,9515 6860 8378,tampered
img_149.png,Lonnie Foster,22/02/2000,Female,2691 1357 1177,original
img_1925.png,Brandi Lopez,11/12/1971,Male,6408 7510 4497,tampered
img_2238.png,Matthew Newman,15/11/1978,Male,7390 4970 4816,tampered
img_1791.png,Amber Taylor,02/02/1992,Female,5328 4156 9111,tampered
img_2982.png,Larry Cannon,09/09/1991,Male,6721 8988 7582,tampered
img_278.png,Brenda Roman,21/08/2001,Male,3550 6081 8060,tampered
img_2664.png,Joshua Hardy,08/07/2007,Female,5773 1743 9955,tampered
img_1942.png,Evelyn Santos,26/11/1997,Male,6753 5929 4650,original
img_2065.png,Jerry Daniels,08/12/1968,Male,5967 7668 8864,tampered
img_2359.png,Amber Lee,08/07/2007,Male,6233 2032 2645,original
img_2735.png,Jessica Gardner,17/06/1973,Male,4848 5495 3933,tampered
img_2751.png,Justin Richardson,16/03/1992,Female,2104 3059 3867,original
img_2039.png,Emma David,08/05/1974,Male,1504 6678 2994,tampered
img_2360.png,Mrs. Margaret Johnson,19/02/1978,Female,7461 3239 2998,original
img_644.png,Michelle Woodard,21/04/2000,Female,6910 2192 5897,tampered
img_2031.png,Natalie Holmes,21/07/2001,Female,7717 6870 8218,original
img_1886.png,Peter Graham,30/09/1984,Male,3015 4694 9768,original
img_2171.png,Lawrence Best,10/01/2007,Male,4661 1418 6293,original
img_181.png,Anthony Mclean,08/09/2000,Male,8547 7957 9555,original
img_2464.png,Michael Lopez,29/07/1979,Female,7174 6959 8603,original
img_2401.png,Corey Johnson,13/09/1982,Female,2608 4797 3165,tampered
img_2826.png,Shawn Lambert,14/11/1990,Female,6732 1119 5899,tampered
img_860.png,Timothy Rodriguez,15/07/1979,Male,2717 2096 8349,tampered
img_2653.png,Robert Deleon,17/12/1987,Male,7870 9028 9183,original
img_544.png,Sean Taylor,12/02/1979,Female,9264 4125 9682,tampered
img_1247.png,Julie Bolton,16/07/1970,Male,2723 5250 9778,tampered
img_802.png,Timothy Guerra,17/02/1998,Female,5055 5186 3386,tampered
img_1594.png,John Alvarez,16/12/1978,Female,1655 3311 7784,tampered
img_2225.png,Sandra Wilkerson,16/02/1966,Male,7357 1777 2045,original
img_2805.png,Debbie Mayer,27/12/1992,Male,6602 4600 6558,tampered
img_349.png,Jessica Wade,16/12/1985,Male,3329 3200 5331,tampered
img_1160.png,Jonathan Carter,15/04/1975,Male,8378 6235 8139,original
img_2683.png,Hayley Hamilton,17/12/1995,Male,1925 6681 7349,original
img_84.png,Charles Chavez,20/11/1974,Female,2432 4857 2662,tampered
img_489.png,Barbara Smith,21/07/1988,Female,4543 5073 6050,original
img_2138.png,Brian Porter,23/03/2007,Female,3550 4686 9997,original
img_2743.png,John Atkinson,14/09/1994,Female,6034 2885 6131,tampered
img_1723.png,James Galvan,02/12/1985,Female,9848 2554 4364,tampered
img_2112.png,Jill Weber,30/10/1985,Female,9951 2242 9787,tampered
img_169.png,Travis Wilson,28/09/1986,Male,7244 9175 4328,tampered
img_716.png,Alexis Rivers,18/05/1983,Male,9537 3211 7024,original
img_1242.png,Sean Cannon,13/10/1989,Male,1495 9675 9070,tampered
img_1902.png,Lisa Wood,14/10/1974,Male,9855 4282 3433,tampered
img_2056.png,Juan Brown,08/10/1983,Female,1231 4910 4354,tampered
img_2580.png,Pamela Sherman,07/02/1982,Male,8579 6439 2744,original
img_2707.png,Joy Rich,08/05/1977,Male,1103 4864 6102,original
img_363.png,Jerry Holder,12/06/1995,Male,4687 6783 3626,original
img_2473.png,Denise Hanson,17/02/1971,Female,4321 2344 8147,tampered
img_2968.png,Janice Smith,14/09/1972,Female,5946 7591 3051,tampered
img_2134.png,Meghan Russo,12/11/1970,Female,6043 8002 5204,original
img_236.png,Mr. Victor Taylor Jr.,12/01/1988,Male,9060 8899 9354,tampered
img_2164.png,Eddie Foster,14/06/1999,Male,3595 8394 5323,original
img_2870.png,Anthony Miller,09/04/2003,Female,3050 3904 7510,tampered
img_2426.png,Justin Herrera,16/11/2005,Male,1488 5041 3961,original
img_1258.png,Caitlin Bryant,14/09/2001,Male,4610 8036 2057,original
img_1274.png,Michael Gonzalez,12/04/1969,Female,1549 2631 2278,original
img_1079.png,Anthony Hutchinson,25/01/1986,Male,7526 5222 8654,tampered
img_203.png,Melanie Reed,15/02/1978,Female,3196 5272 5765,original
img_566.png,Robert Horne,07/10/1966,Male,2615 1437 2493,tampered
img_387.png,Karen Rodgers,28/05/1994,Female,5409 1947 6976,original
img_2861.png,Derrick Petty,01/02/1968,Male,3364 8874 3327,original
img_1801.png,Timothy Weaver,10/09/1988,Male,1559 2848 2277,original
img_797.png,Sarah Gordon,21/07/1966,Female,1526 4262 8786,tampered
img_1043.png,Dylan Serrano,11/12/1972,Female,3113 1071 4035,original
img_411.png,Phillip Lee,25/03/1975,Male,1724 8781 5055,original
img_1977.png,Jeffrey Black,07/06/1993,Female,1746 9425 9340,tampered
img_364.png,Samantha Smith,02/11/1984,Female,5637 3555 2760,original
img_304.png,Steve Obrien,10/02/1980,Female,9281 8827 4510,tampered
img_393.png,Michelle Harris,05/07/1974,Female,1128 2704 8580,original
img_2087.png,Andrew Wilson,17/09/1968,Female,4614 8243 8403,tampered
img_2002.png,Jonathan Robertson,01/03/1987,Male,2586 2686 9846,tampered
img_213.png,Katelyn Strong,18/10/1968,Male,8486 6963 3406,tampered
img_2901.png,Blake Davis,16/12/1982,Male,5877 6417 3931,tampered
img_1507.png,Brian Ho,18/07/2000,Female,7905 5579 8071,tampered
img_2128.png,Justin Bray,14/02/2001,Male,5361 1356 3191,original
img_346.png,Erik Perry,14/09/1986,Male,6360 6553 4070,original
img_2290.png,Kara Murphy,25/09/1982,Male,9008 5400 3846,tampered
img_424.png,Cindy Carlson,03/12/1968,Male,4515 9265 6257,tampered
img_866.png,April Mahoney,03/04/1974,Male,7539 7306 1713,original
img_283.png,Juan Brown,02/08/1979,Male,9324 5717 4048,tampered
img_726.png,Frederick Allen,16/09/1993,Female,9087 5190 2011,original
img_2461.png,Samantha Burns,18/07/1992,Female,8253 5519 6598,original
img_2589.png,Jillian Martinez,12/12/1985,Male,2745 4698 9795,original
img_712.png,Stephanie Thompson MD,07/01/1993,Female,4307 4888 6551,tampered
img_2907.png,Jimmy Brooks,07/11/1988,Male,9909 3977 4841,tampered
img_252.png,Nathaniel Ortiz,14/05/1991,Male,6239 2611 3085,original
img_2255.png,Jeremy Vaughan,25/01/1989,Female,4431 1969 4579,tampered
img_1993.png,Keith Ward,10/01/1984,Female,3153 9879 7240,tampered
img_2127.png,Melissa Lee,10/04/2006,Male,3275 8307 8770,original
img_1308.png,Angelica Baxter,30/07/1974,Male,4933 8800 1298,original
img_926.png,Angela Wagner,15/07/1974,Female,7153 8611 9538,original
img_946.png,Xavier Pittman,01/06/1971,Female,2585 8980 7962,original
img_49.png,Christopher Boyd,12/08/2006,Male,1808 4567 8983,tampered
img_518.png,Crystal Graham,18/02/2003,Male,6086 2854 3965,tampered
img_1695.png,Michael Young,15/01/1997,Male,1686 7502 8221,tampered
img_1290.png,Amanda Moore,17/05/1984,Female,7683 1547 8841,original
img_2447.png,Randy Chambers,02/11/1992,Female,2162 3380 3929,original
img_464.png,Christopher Salas,21/07/1973,Male,6463 1665 4459,tampered
img_1486.png,Sergio Bailey,15/05/1988,Female,4594 4000 4778,tampered
img_2615.png,Randall Rogers,14/09/1991,Female,6692 8071 6062,original
img_1499.png,Jill Jones,24/03/1971,Female,1776 9041 9658,tampered
img_2972.png,Michael Dawson,25/11/1981,Male,3739 7035 7501,original
img_2797.png,Melissa Gomez,18/03/1967,Male,9335 6615 1551,tampered
img_576.png,Tina Grant,11/11/1997,Female,7206 4924 3941,original
img_2280.png,Lori Johnson,27/04/1979,Male,2232 2426 7105,original
img_221.png,William Bennett,04/10/1979,Female,2967 8941 6683,tampered
img_910.png,Mary Daniels,14/09/2002,Female,2534 8617 8240,original
img_1080.png,Sabrina Torres,05/08/1996,Male,5468 9989 7768,tampered
img_1205.png,Casey Hill,03/09/1990,Female,7726 9300 9128,tampered
img_733.png,Jason Campbell,30/11/2001,Female,6217 9616 2450,original
img_543.png,Aaron Taylor,23/12/1999,Male,8407 7281 5890,original
img_2283.png,Dr. Charles Taylor DDS,30/12/1972,Female,8249 9107 9332,tampered
img_2688.png,Amy Weaver,11/09/1992,Male,3638 2890 7992,tampered
img_1688.png,Benjamin Gentry,19/06/1988,Male,5764 3487 4252,tampered
img_614.png,Marcus Collins,05/03/1986,Female,4574 3239 5806,original
img_1601.png,Philip Santos,05/12/2005,Male,2001 5708 4923,original
img_2728.png,Laurie Conner,25/06/1985,Male,7165 4629 5353,tampered
img_1194.png,William Mullen,06/04/1969,Male,9631 9852 2485,original
img_308.png,Melissa Rodriguez,11/08/1997,Female,7838 5145 8536,tampered
img_310.png,Stacy Vega,13/01/2001,Male,3609 2901 4193,tampered
img_1752.png,Joseph Garner,20/01/1969,Female,5213 3326 2906,tampered
img_2307.png,Rita Garrett,20/08/1984,Female,4233 1485 8363,original
img_1279.png,Bailey Castro,21/07/1975,Male,6218 2748 5140,tampered
img_1836.png,Diane Conner,07/01/1988,Male,1905 9317 2489,original
img_459.png,Kristina Mcdaniel,23/09/2003,Male,2766 2509 6537,tampered
img_1277.png,Jeffrey Gray,22/06/1990,Female,1923 1408 8432,tampered
img_2304.png,Anthony Jones,03/04/1988,Male,7647 8856 2113,original
img_775.png,James Hines,01/11/1990,Male,9052 3597 8358,tampered
img_968.png,Ryan Mcbride,12/06/1993,Male,9523 8714 1166,tampered
img_1165.png,Devin Kennedy,06/12/1994,Male,1329 2442 4455,tampered
img_861.png,Cristina Montoya,26/01/1994,Female,1394 4800 7445,tampered
img_1824.png,Erin Rogers,15/05/1996,Female,3628 7870 3338,tampered
img_1607.png,Michael Sweeney,18/09/2001,Male,1522 2763 9207,original
img_1341.png,Crystal Gutierrez,26/06/1984,Male,9845 1269 6843,tampered
img_1277.png,Jeffrey Gray,22/06/1990,Female,1923 1408 8432,original
img_182.png,Tyler Oneill,12/05/2007,Male,6761 3707 2717,original
img_2129.png,Frank Sanders,21/08/1996,Female,1511 8237 9924,original
img_2804.png,Ryan Wiggins,09/12/1990,Male,4024 1623 2814,original
img_417.png,Karina Mata,12/05/1992,Male,1808 3822 2788,tampered
img_1707.png,Roberta Williams,23/05/1996,Male,9984 7036 5774,tampered
img_662.png,Betty Williams,16/07/1998,Male,6318 4077 7765,original
img_2727.png,Frank Wright,17/06/2002,Male,3617 5976 8420,tampered
img_1456.png,Paul West,28/09/1974,Male,3360 1975 4473,tampered
img_1095.png,Rachel Clay,15/12/1987,Male,8938 7622 4216,tampered
img_2862.png,Hannah Allison,11/11/2003,Female,7848 9545 4547,tampered
img_1037.png,Justin Flores,09/11/1977,Male,8862 9249 7883,tampered
img_1565.png,Brian Nelson,08/02/1988,Female,3651 9712 3060,original
img_825.png,Barry Thomas,27/08/1995,Female,2755 3774 2871,tampered
img_2488.png,Michael Howe,30/01/2007,Male,6917 4701 5679,original
img_113.png,Bryan Thomas,19/07/2007,Female,7799 2871 3181,original
img_922.png,Ryan Williams,08/02/1986,Male,2558 6538 1823,original
img_292.png,Elizabeth Alexander,08/07/1972,Female,3281 7352 4355,original
img_2971.png,Sheryl Williams,02/12/1988,Female,7784 1846 1725,original
img_83.png,Richard Ware,19/06/2001,Male,5744 9754 1223,tampered
img_2856.png,Whitney Davis,04/01/1990,Female,9431 7782 1085,tampered
img_1358.png,Robin Morgan,17/10/1969,Male,8769 9342 3419,tampered
img_2100.png,Victoria Rosales,15/05/1982,Male,2303 2184 2713,original
img_1075.png,Christopher Richards,02/02/2008,Male,4773 8458 2930,tampered
img_2013.png,Wanda Hunt,04/07/1972,Male,7330 5639 5365,original
img_1160.png,Jonathan Carter,15/04/1975,Male,8378 6235 8139,tampered
img_2072.png,Alexis Castillo,29/07/1980,Female,6457 2997 9505,tampered
img_2776.png,Dakota Park,30/05/1987,Female,2380 6880 6682,tampered
img_678.png,Sierra Flores,13/07/1997,Male,8006 5225 2146,original
img_1121.png,Kristopher Macias,27/10/1970,Female,3759 6754 9747,tampered
img_150.png,Julie Gonzalez,17/10/1999,Male,5633 1528 7370,tampered
img_498.png,Frances Richardson,27/04/2005,Male,7858 7964 4657,original
img_2877.png,Monica Salinas,20/05/1977,Male,7143 3211 1471,tampered
img_2602.png,Eric Hodge,21/01/2002,Female,1971 8541 8408,original
img_2227.png,Richard Clayton,29/12/2005,Male,5481 7150 8924,original
img_24.png,Brenda Mcdonald,28/12/1975,Male,7381 2279 5451,original
img_2785.png,John Brown,05/02/2001,Male,9832 9140 4865,original
img_1480.png,Tammy Ballard,29/07/1973,Male,3718 1828 5889,tampered
img_17.png,Jose Griffin,02/01/1999,Male,7698 3613 5024,tampered
img_2424.png,Jamie Flores,17/02/1987,Female,2249 5358 3729,original
img_2333.png,Tammy Padilla,31/10/1981,Male,2897 2938 9141,tampered
img_2362.png,Jose Stevens,25/11/2001,Female,6000 8675 1436,tampered
img_2286.png,Christine Salazar,09/08/1996,Female,3407 8859 4336,tampered
img_1228.png,Cindy Marshall,04/04/1984,Female,8801 5797 9879,original
img_2187.png,Melissa Hurley MD,23/03/1987,Male,8714 7920 7992,original
img_2970.png,Christina Powers,13/08/1982,Male,7952 1736 5689,tampered
img_2859.png,Debbie Mayer,06/04/1976,Female,3394 3095 8153,tampered
img_2320.png,Bruce Smith,22/09/1971,Male,4234 6018 9054,original
img_215.png,Samantha Rodriguez,07/10/1968,Female,4863 6875 8725,original
img_2708.png,Mrs. Stacy Cisneros MD,27/04/1975,Female,2092 3833 4636,original
img_629.png,Theresa Allen,28/01/2001,Male,1980 1762 8537,tampered
img_2596.png,Daniel Anderson,06/05/1981,Female,5703 1918 6334,original
img_2144.png,Dana Colon,21/04/1989,Male,1864 3910 4876,original
img_1623.png,Jonathan Baker,20/03/1996,Female,4287 2547 5745,tampered
img_698.png,Jose Bailey,08/06/1999,Male,7306 6410 5323,tampered
img_233.png,Lauren Bailey,26/02/1972,Male,4419 9538 2910,tampered
img_221.png,William Bennett,04/10/1979,Female,2967 8941 6683,original
img_1394.png,Nancy King,05/07/1978,Male,3707 4481 5739,original
img_1501.png,Peter Moore,08/01/1982,Male,7902 2275 8034,original
img_2050.png,Emily Myers,14/10/1978,Male,1427 8847 7431,original
img_2584.png,Anthony Allen,25/01/1974,Male,1712 5424 7376,tampered
img_1905.png,Dr. Laura Valdez DDS,03/02/1981,Male,5468 1224 1892,tampered
img_2440.png,Olivia Mann,05/04/1998,Female,8025 7635 9677,original
img_416.png,Michael Hartman,23/06/2002,Male,5303 5756 3711,tampered
img_651.png,Ivan Jackson,03/08/1973,Male,4789 3319 4505,original
img_1518.png,Kathy Cowan,12/11/1980,Female,7957 1572 6454,original
img_947.png,Brenda Hicks,02/08/1990,Male,7849 6768 4268,original
img_980.png,Sandra Martin,03/10/2003,Male,9241 1296 3466,tampered
img_1343.png,Stanley Watkins,30/01/1982,Female,7101 5611 3510,tampered
img_2402.png,Richard Robbins,14/05/1983,Female,4120 1079 7742,original
img_333.png,Helen Watkins,22/03/1996,Female,8399 9998 3530,tampered
img_209.png,Juan Harris,16/05/2004,Male,5042 8090 7507,original
img_2495.png,Ashley Clark,21/12/2003,Female,1739 6231 3008,original
img_2586.png,Victoria Bernard,08/06/1965,Female,5952 9354 2705,original
img_1250.png,Derrick Taylor,19/08/1971,Female,2200 3920 1679,original
img_2112.png,Jill Weber,30/10/1985,Female,9951 2242 9787,original
img_545.png,David Gray,06/01/1977,Female,9300 8820 9017,original
img_1103.png,Melanie Jenkins MD,01/08/1971,Female,2585 2610 6819,tampered
img_2181.png,Angela Smith,09/11/1995,Female,5226 2203 1236,tampered
img_1254.png,Jessica Lopez,12/05/2006,Female,9884 9409 2576,tampered
img_2137.png,Lisa Vargas,07/07/1986,Male,7231 6073 7541,tampered
img_495.png,Candace Davis,02/04/1985,Male,4062 1401 1602,tampered
img_267.png,Cameron Knight,12/04/2002,Male,8883 2255 5245,original
img_2542.png,Russell Rush,05/04/1993,Male,8477 4250 6272,original
img_573.png,Barry Valdez,11/02/1998,Female,5288 6278 8552,original
img_2063.png,Paul Crane,05/12/1995,Male,9832 5691 8192,original
img_1259.png,Joan Young,16/09/1991,Male,3511 4842 8881,tampered
img_1018.png,Derek Horton,19/04/1985,Male,8570 4355 7837,original
img_2102.png,Albert Willis,03/09/1995,Male,7281 8275 1934,original
img_2694.png,Gene Olson,09/07/1972,Male,1003 6497 4090,tampered
img_117.png,Rebecca Williams,31/10/1988,Female,9243 8550 6024,original
img_907.png,Mrs. Tiffany Jenkins,26/02/1969,Female,2642 6943 1273,tampered
img_2953.png,Jeffrey Miller,21/08/2007,Female,1555 6559 9976,tampered
img_270.png,Yolanda Norman MD,03/10/1979,Male,2812 2123 2107,original
img_2689.png,Kathleen Welch PhD,01/04/1996,Female,9666 5201 1987,tampered
img_2480.png,Angel Taylor,25/12/1990,Male,6850 2657 7167,tampered
img_2460.png,Stacey Barber,17/05/2000,Male,4680 3148 9929,original
img_1467.png,Danielle Pennington,25/05/2004,Female,2546 9098 3038,tampered
img_2618.png,Michelle Turner,24/10/1965,Male,3844 8990 5262,original
img_441.png,Alyssa Goodman,12/05/1995,Female,1042 1852 3995,original
img_2162.png,Thomas Barber,29/01/1995,Female,5258 6160 5159,original
img_2784.png,Dr. Toni West,16/08/1984,Male,3694 2928 4894,tampered
img_1838.png,Nicole Cervantes,03/05/1982,Male,7434 2607 5809,original
img_1772.png,Theresa Guzman,29/04/2004,Male,7882 9811 2350,original
img_1420.png,Samuel Torres,14/04/2003,Male,8608 7939 2654,original
img_757.png,Nancy Gardner,16/10/1968,Female,1615 6344 5122,tampered
img_2210.png,Timothy Berger,05/08/1968,Female,6628 2405 3336,original
img_2449.png,Joseph James,27/10/2005,Female,3413 7772 8651,tampered
img_1535.png,Tyrone Moore,07/04/1976,Male,3311 9133 5035,tampered
img_321.png,Jennifer Gilbert,16/08/1984,Female,5411 1695 5279,original
img_1559.png,Amy Booth,12/02/1974,Female,6939 9582 1213,original
img_1597.png,Kenneth Welch,30/07/1995,Female,1981 7851 1511,tampered
img_261.png,Kimberly Bailey,02/04/1980,Male,8208 8305 1162,original
img_2340.png,Melissa Fuentes,14/04/1990,Male,3556 4823 2770,original
img_2538.png,Joanna Jones,08/03/2001,Male,9263 7863 2940,tampered
img_1218.png,Kevin Myers,26/02/1998,Male,3077 2254 7765,tampered
img_1580.png,Daniel Dennis,18/01/1984,Male,1726 3416 6507,tampered
img_878.png,Kristopher Graves,12/08/1993,Female,1217 6262 5959,tampered
img_2364.png,Shane Thomas,11/08/1967,Female,2369 4171 3071,original
img_1184.png,Jennifer Mullins,15/11/2007,Female,9266 2260 8119,tampered
img_2665.png,Dakota Rivera,20/05/1992,Male,6338 7875 3112,original
img_309.png,Katherine Yang,25/10/1996,Female,6994 5599 1248,original
img_2060.png,Elizabeth Lopez,01/02/1973,Female,9711 3283 7419,original
img_347.png,Gregory Anderson,17/12/1981,Female,6559 4779 6170,tampered
img_1109.png,James Moore,29/10/1974,Male,5819 2070 1013,original
img_2463.png,Dawn Ramirez,20/10/1976,Female,6825 6124 1223,tampered
img_2552.png,Latasha Roberts,11/08/1991,Female,1262 6598 7457,original
img_2667.png,Olivia Townsend,23/12/1975,Female,6366 9169 6026,tampered
img_1628.png,Anthony Thompson,24/09/1973,Male,9119 1244 7658,original
img_2475.png,Omar Smith,03/11/1985,Female,6557 5978 4620,original
img_2555.png,Jesse Simpson,09/12/1996,Male,1518 2355 3206,tampered
img_719.png,Christopher Conley,02/01/1985,Male,4193 9833 7141,original
img_873.png,Kelly Smith,04/07/1989,Female,8289 2477 5230,original
img_1660.png,David Howe,14/09/1975,Male,1808 3062 8790,tampered
img_384.png,William Brooks,30/05/1974,Male,3246 5021 2786,tampered
img_275.png,Christina Mcdonald,18/02/1981,Female,5684 5776 8271,tampered
img_787.png,Kimberly Newman,28/06/1965,Male,9828 8503 1464,tampered
img_1542.png,Jessica Frederick,03/09/1997,Male,1284 7053 9374,tampered
img_2531.png,Brandi Lawson,26/01/1970,Female,4839 2638 9813,tampered
img_2530.png,Dr. Antonio Ryan,16/01/2007,Female,6305 2231 7074,original
img_2081.png,Michael Adkins,13/01/1975,Female,1762 8203 9864,tampered
img_923.png,Danny Pearson,16/11/1991,Male,1079 2183 9739,original
img_2246.png,Peter Carr,03/09/1973,Male,6308 3123 4774,tampered
img_2938.png,Hannah Vaughn,23/05/1984,Female,3228 6125 3715,original
img_582.png,Jason Becker,25/08/1996,Female,4604 3512 2756,original
img_2569.png,Tyler Hernandez,06/08/1967,Female,9887 2589 7175,original
img_105.png,Kevin Cunningham,19/02/2002,Male,5294 1248 4583,tampered
img_2626.png,Cindy Williams,19/12/2003,Male,6960 9948 4204,original
img_2763.png,Travis Zimmerman,10/02/2006,Female,3717 4436 9815,tampered
img_739.png,Matthew Young,12/11/1985,Female,7654 9937 3067,original
img_2347.png,Kenneth Todd,25/01/1966,Male,2751 3632 1034,tampered
img_2420.png,Benjamin Montes,27/07/1990,Male,2148 1673 7265,tampered
img_1969.png,John Flowers,19/03/1977,Female,1991 5561 6556,tampered
img_456.png,Amy Price,30/12/1991,Male,1032 5256 7402,original
img_2609.png,Jeremy Baldwin,25/03/1968,Male,6366 9898 7069,original
img_2551.png,Alison Soto,06/05/1991,Male,3886 1869 4719,tampered
img_2086.png,Tracy Ellis MD,21/12/1965,Female,3777 7797 6181,original
img_349.png,Jessica Wade,16/12/1985,Male,3329 3200 5331,original
img_2083.png,Mary Williams,08/02/1989,Female,6748 5528 1228,original
img_634.png,Kathleen Jimenez,28/07/1979,Female,9913 9093 3860,original
img_2733.png,Peter Shelton,03/12/1999,Male,6561 1700 6885,original
img_523.png,Sean Berg,19/12/1981,Female,8352 3000 7033,tampered
img_596.png,Amy Scott,07/05/1968,Female,9821 3649 1375,original
img_1908.png,James Howard,31/08/1993,Male,8932 4897 4029,original
img_2912.png,Craig Hayes,09/08/1980,Female,9650 4355 7996,original
img_356.png,Matthew Horton,18/02/1997,Female,9982 2469 2596,tampered
img_2824.png,Jessica Parker,31/05/1991,Female,6959 9085 4224,tampered
img_1486.png,Sergio Bailey,15/05/1988,Female,4594 4000 4778,original
img_1709.png,Corey Meyer,06/05/2006,Female,8572 2686 9462,original
img_1521.png,Devin Wright,11/03/1969,Male,4494 1698 2402,tampered
img_1563.png,Elizabeth Rice,04/05/1994,Female,7244 5411 9336,original
img_2132.png,Matthew Mendoza,20/07/1981,Male,4321 3392 2019,tampered
img_774.png,Teresa English,30/01/1998,Male,7320 1122 6560,original
img_2622.png,Kevin Krueger,13/03/2001,Female,9584 6567 8920,tampered
img_1893.png,Jessica Diaz,11/04/1968,Male,9976 5850 9729,tampered
img_151.png,Lee Johnson,23/08/1981,Female,6973 2040 6380,original
img_1349.png,Crystal Carroll,11/12/1977,Male,6921 9085 3475,tampered
img_705.png,Alex Rivera,02/10/2006,Female,2666 7832 3038,original
img_66.png,Joe Grant,22/10/1992,Male,2041 4922 8473,tampered
img_1788.png,Christopher Perez,05/04/1995,Male,4112 4783 5910,original
img_511.png,Joshua Mercado,22/03/1990,Female,1879 8562 2274,original
img_1251.png,Rachel Turner,22/10/1990,Female,7105 7724 8882,original
img_1837.png,Donald Summers,27/08/2003,Female,6571 2228 8358,original
img_950.png,Timothy Turner,27/12/1988,Female,5045 7525 1343,original
img_448.png,Bradley Harrell,20/09/1977,Female,9838 4798 3914,original
img_1572.png,Marcus Scott,06/03/1969,Male,8238 9498 7513,original
img_1004.png,Carlos Collier,26/03/1970,Female,2546 8084 6348,tampered
img_1350.png,Zachary Lynn,18/05/1992,Male,2631 1945 4666,tampered
img_1720.png,Robert Reynolds,20/09/1979,Male,4611 3843 9735,original
img_2286.png,Christine Salazar,09/08/1996,Female,3407 8859 4336,original
img_1738.png,Chelsea Acevedo,07/06/1973,Male,7520 2499 3875,tampered
img_2535.png,Kristin Hart MD,26/06/1997,Male,5464 8431 6324,tampered
img_1323.png,Travis Hogan,10/05/2000,Female,8668 3973 9667,original
img_1594.png,John Alvarez,16/12/1978,Female,1655 3311 7784,original
img_1441.png,Denise Miller,02/01/1978,Male,8528 7342 7284,tampered
img_2160.png,Blake Smith,13/02/1968,Male,6465 2594 2311,tampered
img_2390.png,Paul Roberts,26/03/1985,Female,7037 3038 5510,original
img_790.png,Julie Brown,03/12/2003,Male,2277 5426 8165,tampered
img_701.png,Claire Gardner,13/12/1983,Female,1710 5946 8376,original
img_2633.png,Kurt Davidson,16/12/1994,Male,5205 5795 5312,original
img_692.png,Laura Vasquez,22/11/1969,Female,7904 4606 8158,tampered
img_1867.png,Robin Jordan,23/06/2004,Female,7255 5214 7937,tampered
img_1454.png,Darren Mcdaniel,06/09/1974,Female,5642 8083 5562,original
img_2728.png,Laurie Conner,25/06/1985,Male,7165 4629 5353,original
img_1868.png,Jennifer Hines,20/05/1993,Female,9150 2143 5522,tampered
img_630.png,Courtney Harper,06/01/1970,Male,4369 3872 9195,tampered
img_1848.png,Michael Boone,15/10/1998,Female,1466 6850 1756,tampered
img_2849.png,Isaiah Hughes,18/02/1997,Male,8049 1675 6057,original
img_943.png,Scott Pearson,11/08/2002,Female,2006 5821 3440,original
img_922.png,Ryan Williams,08/02/1986,Male,2558 6538 1823,tampered
img_34.png,Jordan Hayden,17/11/1997,Female,5811 2876 5191,tampered
img_591.png,Curtis Harris,10/01/1997,Male,8454 5330 1045,tampered
img_959.png,Erica Orozco,13/02/1982,Male,4074 8730 2862,tampered
img_798.png,Heather Williams MD,26/01/1967,Male,6378 3637 7542,tampered
img_2889.png,Eric Ochoa,19/01/1974,Male,5344 3744 1749,original
img_345.png,Leslie Russell,09/11/1995,Female,3544 7463 7292,tampered
img_1286.png,Melissa Bell,13/01/1970,Male,3058 8705 5800,original
img_394.png,Rebecca Williams,11/07/2005,Male,4178 2218 3486,original
img_792.png,Ryan Owens,27/12/1983,Male,7398 2843 2793,original
img_842.png,Pamela Harris,07/09/1994,Female,4951 6134 7938,tampered
img_2145.png,Ronald Brown,12/05/1994,Female,1255 1369 6708,tampered
img_2114.png,Vanessa Morgan,18/08/1988,Male,3163 4730 4862,tampered
img_2862.png,Hannah Allison,11/11/2003,Female,7848 9545 4547,original
img_2336.png,John Willis,18/02/1969,Male,2516 9573 8742,tampered
img_2965.png,Samantha Romero,03/09/1970,Female,6661 3566 1318,tampered
img_2432.png,Greg Miller,04/10/1991,Male,5995 6118 9954,tampered
img_461.png,Michelle King,13/02/1995,Female,8389 3168 9314,tampered
img_1874.png,Mrs. Kim Cooper,26/10/1990,Male,6075 6385 6461,original
img_1340.png,Nathaniel Quinn,21/02/1975,Male,1952 7340 7284,original
img_1619.png,Anna Reed,07/01/1987,Female,7985 7615 7592,tampered
img_1393.png,Shelia Johnson,19/08/1991,Male,3273 5825 4785,tampered
img_1930.png,Connie Adams,15/07/1993,Male,3371 6742 9001,tampered
img_2973.png,Donald Rivers,25/12/2005,Female,8581 5971 2486,tampered
img_1624.png,William Martin,17/11/1985,Male,8560 9899 3315,tampered
img_2667.png,Olivia Townsend,23/12/1975,Female,6366 9169 6026,original
img_626.png,Gregory Cross,14/12/2001,Female,5649 6766 3608,original
img_1391.png,Carol Whitaker,12/11/2005,Female,2332 7788 3425,original
img_1131.png,Phyllis Hernandez,23/10/1985,Male,1610 1187 1700,tampered
img_1151.png,Robert Williams,08/10/1966,Female,3897 2661 9746,original
img_1472.png,Cynthia Olson,09/10/1989,Female,9067 2505 8228,original
img_916.png,Randall Brown,29/10/1980,Male,7879 7387 5491,tampered
img_1579.png,Jacqueline West,17/09/1973,Female,6925 6236 8944,tampered
img_1023.png,Jeffrey Gonzales,29/05/1980,Female,8404 4785 1504,original
img_828.png,Christine Williams,23/02/1980,Female,2247 3148 8615,tampered
img_1236.png,Jackie Alexander,09/05/1966,Male,9844 8137 9479,original
img_175.png,Mrs. Destiny Bowen,09/07/1988,Male,6587 6049 4626,original
img_2456.png,Kayla Cooper,24/12/1975,Female,6022 3335 5813,original
img_2650.png,Nicholas Taylor,01/07/2003,Male,4282 3240 5093,tampered
img_330.png,Brandon Glover,16/06/1987,Male,9326 1515 2589,tampered
img_1090.png,Edward Christian,28/01/1967,Male,5369 9667 6625,original
img_1503.png,Claire Gallegos,29/12/1980,Male,7242 4620 8466,original
img_1997.png,Richard Clay,26/05/1989,Male,4932 1170 1287,tampered
img_2375.png,Brandon Parrish,19/02/1974,Female,5026 6486 5259,tampered
img_1952.png,Samuel Mitchell,17/09/1969,Male,2138 2710 1061,original
img_2215.png,Jennifer Morgan,09/04/1973,Female,8965 8011 5485,original
img_76.png,Tracey Berg,01/11/2002,Male,3254 1602 8857,original
img_2338.png,Julie Miller,07/03/1999,Female,4224 2596 3707,tampered
img_2430.png,Steve Miller,01/07/1980,Female,4357 6605 9599,tampered
img_1178.png,Caitlin Archer,14/10/1983,Female,6561 1203 8613,original
img_1916.png,Angela Massey,20/06/1974,Female,7081 7705 1932,tampered
img_1798.png,John Moore,15/09/2005,Male,7303 8654 9349,original
img_496.png,Jade Manning MD,14/12/2000,Male,9953 5922 7247,tampered
img_26.png,Ariana Hurst,31/03/1988,Female,9339 5095 9587,tampered
img_881.png,Megan Wagner,01/04/1988,Female,2278 5588 7755,original
img_199.png,Ashley Villanueva,24/02/1988,Female,4541 9438 5690,tampered
img_2415.png,Tina Hall,16/08/1974,Female,7038 5209 1295,tampered
img_912.png,April Gallagher,08/05/1987,Female,2984 7889 3191,original
img_821.png,Sherry May,13/11/1973,Female,1280 3880 6292,tampered
img_210.png,Patricia Jones,13/05/1991,Male,9817 3814 3500,original
img_1940.png,Melissa Taylor,04/01/1992,Female,1016 7077 5654,original
img_1704.png,Melanie Bates,15/03/1992,Female,2768 1679 2731,tampered
img_188.png,Micheal Ford,09/05/1984,Male,9085 4743 9635,tampered
img_2129.png,Frank Sanders,21/08/1996,Female,1511 8237 9924,tampered
img_1641.png,Ronald Gamble,12/11/1981,Female,1865 6219 7120,tampered
img_2354.png,Peter White,20/07/2006,Male,5961 2496 9918,original
img_2185.png,Michael Whitney,14/05/1971,Male,6467 1592 8682,tampered
img_1992.png,Debra Schwartz,19/09/1971,Female,5146 8797 6985,original
img_1839.png,Angela Moran,16/08/2005,Female,3301 4342 9572,tampered
img_1428.png,Michael Robinson,29/06/1987,Female,5409 1810 2330,tampered
img_1253.png,Jose Bauer,06/11/1976,Male,5692 1456 9745,tampered
img_211.png,Jared Graham,07/10/1990,Male,6904 2507 5394,original
img_2897.png,Autumn Watson,11/07/1970,Female,1309 4655 6551,original
img_793.png,Alexander King,16/09/2006,Male,5957 4382 7884,tampered
img_1818.png,Sarah Hernandez,10/02/2003,Male,2792 3581 9569,tampered
img_1785.png,Carly Allison,26/04/1975,Male,1059 5503 5767,tampered
img_353.png,Ashley Reed,29/06/2005,Male,8857 6169 2972,original
img_428.png,Wendy Lopez,20/09/1976,Male,4687 8082 5775,tampered
img_1128.png,Nancy Davis,02/01/2000,Female,7934 9248 2542,tampered
img_2768.png,Emily Benitez,21/09/1986,Female,4097 4086 6139,tampered
img_1956.png,Dr. Daniel Guzman,17/01/2002,Female,8856 3548 3358,original
img_2684.png,Patricia Hayden,30/03/1999,Male,3153 1164 9192,original
img_52.png,Mr. Joshua Steele,03/12/1970,Female,1278 9372 8447,original
img_460.png,Patricia Miller,16/06/1995,Male,9807 7472 8806,original
img_971.png,Lauren Holder,16/09/2003,Female,8852 7668 5196,tampered
img_2614.png,Michael Schmidt,21/08/1966,Female,1013 6999 5643,tampered
img_1269.png,Tanya Miller,23/05/2004,Male,8658 8411 6329,tampered
img_2309.png,Ricardo Reed MD,23/03/2007,Female,6514 5345 9180,original
img_732.png,Kimberly Smith,31/12/1999,Male,5301 3249 4682,tampered
img_872.png,Martin Spencer,07/02/1993,Male,7563 3196 8810,tampered
img_1166.png,Ms. Andrea Brown,04/06/1981,Male,7396 3821 1551,tampered
img_2922.png,James Schneider,19/11/1976,Female,6454 2566 8176,original
img_1337.png,Matthew Baker,13/04/1997,Male,9588 3338 1191,original
img_1083.png,Ashley Murphy,26/08/1972,Male,4814 2254 5786,tampered
img_1229.png,Taylor Garrett,06/06/1989,Female,5843 5304 2091,original
img_1618.png,April Thomas,10/08/1980,Female,8210 6684 1265,original
img_676.png,Valerie Ward,28/10/1973,Female,9118 1313 3075,original
img_677.png,James Jackson,27/05/1978,Male,4726 3803 2127,original
img_2660.png,Brandy Rivera,01/01/1988,Female,8471 8182 7066,tampered
img_2528.png,Zachary Goodwin MD,07/11/1992,Female,7274 8666 1774,original
img_1297.png,Thomas Harris,09/02/2002,Male,3160 7745 4659,tampered
img_2909.png,Melissa Warner,25/11/1980,Male,4502 5369 9304,original
img_227.png,Michael Morgan,09/02/1975,Male,2469 9989 4954,original
img_295.png,Joan Pierce,26/05/2006,Male,1067 7593 3522,original
img_920.png,James Zuniga,22/01/1989,Female,7605 3571 1916,tampered
img_446.png,Paige Kent,20/03/2004,Female,4152 9455 2945,tampered
img_389.png,Justin Cooley,06/03/2000,Male,9313 8824 7199,original
img_258.png,Sandra Alexander,09/11/1968,Female,5961 3891 4768,tampered
img_2113.png,Christine Mills,28/11/1998,Female,6769 2581 4705,tampered
img_108.png,Manuel Miller,15/11/1977,Male,9243 6996 8575,original
img_1103.png,Melanie Jenkins MD,01/08/1971,Female,2585 2610 6819,original
img_2496.png,Michael Henderson,04/01/1984,Female,5836 2249 5167,original
img_1914.png,Ms. Jessica Stephenson,23/09/2006,Male,5542 2329 7538,tampered
img_373.png,Brittany Drake,07/10/1973,Female,3006 3528 5443,original
img_1421.png,Mrs. Ashley Maldonado,20/01/2000,Female,6022 3770 8928,tampered
img_2027.png,Jennifer Gonzales,15/12/1983,Male,4279 4823 3736,tampered
img_1562.png,Patricia Lyons,12/10/1975,Female,2112 7887 5248,original
img_2975.png,Scott Wells,11/02/1987,Female,2173 9138 6123,original
img_432.png,Karen Harper,26/03/1980,Male,6581 1672 3956,tampered
img_2543.png,Joseph Oconnor,05/01/1985,Female,9484 2194 6261,original
img_37.png,Teresa Collins,03/06/1975,Female,4275 7111 6943,tampered
img_474.png,Kevin Holt,02/08/1984,Male,2630 7390 7278,tampered
img_736.png,Samantha Patterson,07/04/2004,Male,1040 4076 3536,tampered
img_189.png,Mr. Michael Harding,18/04/1970,Male,8762 7870 7580,tampered
img_183.png,Christopher Garcia,08/08/1987,Female,2259 8770 1876,tampered
img_648.png,Jorge Bautista,01/04/2007,Female,3054 8697 5754,tampered
img_594.png,Jodi Evans,05/01/1979,Male,5512 2466 2166,tampered
img_479.png,David Coleman,10/02/1969,Male,4043 7627 2345,tampered
img_1706.png,Thomas Hill,09/02/1983,Male,9073 7606 1378,original
img_903.png,Timothy Gomez,10/01/1984,Male,7490 8292 4421,original
img_551.png,David Clayton,25/04/1974,Female,1950 4271 9210,tampered
img_1459.png,Lisa Jones,09/01/2006,Female,4641 9187 3255,tampered
img_587.png,Jessica Smith,11/08/1978,Female,8022 7633 1241,tampered
img_2997.png,Jonathan Preston,24/03/1968,Male,6494 7864 8579,original
img_1751.png,Judy Santana,26/03/1986,Female,9097 1535 7602,tampered
img_608.png,Laura Powers,17/03/1972,Male,4232 6720 6778,tampered
img_1924.png,Roger Kelly Jr.,19/05/1968,Female,5628 6864 1011,original
img_2743.png,John Atkinson,14/09/1994,Female,6034 2885 6131,original
img_1326.png,Jennifer Kim,21/04/2003,Male,1645 5664 5769,original
img_312.png,Jonathan Glass,29/02/1996,Male,5900 9702 8251,original
img_1181.png,Jonathan Williams,19/05/1979,Female,6907 2603 8852,original
img_1989.png,Kathleen Cooke,21/12/2004,Male,3136 7248 7295,tampered
img_1960.png,John Delgado,11/04/2000,Male,9303 8692 1123,original
img_1666.png,Louis Carlson,22/10/1984,Male,9881 4381 7492,original
img_1979.png,James Harris,24/09/1984,Male,4628 1159 5983,tampered
img_2864.png,Michelle Morrow,09/04/1982,Male,7266 9679 8775,tampered
img_1901.png,Vincent Jimenez,31/03/2003,Female,2089 9842 1065,original
img_2195.png,Jeffrey Alexander,18/11/2006,Female,6743 2834 7039,original
img_219.png,Rachel Poole,11/11/2000,Male,1800 8783 9932,original
img_657.png,Justin Vazquez,20/04/1993,Male,7464 1031 7571,tampered
img_2545.png,Thomas Anderson,25/10/1965,Male,4335 7463 4479,tampered
img_385.png,Sonia Rojas,21/05/2000,Female,8510 2500 3401,original
img_890.png,Ashley Shannon,06/03/1995,Female,9306 8204 4519,tampered
img_343.png,Julia Hopkins,08/01/1977,Male,1551 3954 1752,tampered
img_2644.png,Emma Williamson,11/12/2000,Female,3465 6318 9843,original
img_1427.png,Eric Chaney,08/06/1978,Male,6636 4652 2779,tampered
img_990.png,Andrew Kim,08/09/2006,Female,3353 6135 5297,original
img_1740.png,Hailey Mann,11/07/1996,Male,8921 6800 4253,original
img_2281.png,Stephanie Hahn,03/02/1980,Female,2264 3380 4746,original
img_620.png,Kathryn Mata,15/11/1980,Female,1521 2021 9821,tampered
img_1407.png,Kristine Mitchell,19/04/1976,Male,4986 3687 7366,original
img_1599.png,Margaret Boyle,09/08/2003,Female,1361 8526 9162,tampered
img_1874.png,Mrs. Kim Cooper,26/10/1990,Male,6075 6385 6461,tampered
img_29.png,Marie Blair,13/05/2006,Female,1090 4883 7852,original
img_2453.png,Stacy Stewart,24/07/1984,Male,3368 3820 9310,original
img_1973.png,Alison Mullen,10/07/1975,Male,3182 1842 8304,tampered
img_2817.png,Isaac Trevino,07/07/2005,Female,7623 8498 2260,tampered
img_2811.png,Jessica Daugherty,13/11/1973,Female,7002 5795 3986,tampered
img_2752.png,Nicole Flores,16/05/1967,Male,6731 8789 1951,tampered
img_1592.png,Edward Acosta,21/11/1982,Female,3050 8075 4201,tampered
img_1082.png,Dr. Donna Stout,23/05/1971,Female,5126 3467 9449,tampered
img_568.png,Mark Carlson,08/01/1968,Female,3477 4910 2350,tampered
img_106.png,Veronica Martin,08/10/1984,Female,8237 8311 3693,original
img_1570.png,Stephen Rogers,14/12/1979,Female,8272 1249 3185,tampered
img_1.png,Marcus Martin,14/09/1983,Male,1495 1090 2434,tampered
img_165.png,Jerry Leblanc,04/01/1996,Male,6541 2186 7781,tampered
img_1640.png,Robert Maynard,14/02/1988,Male,9744 7127 7103,tampered
img_490.png,Amanda Johnson,15/12/1986,Male,5163 5981 8209,tampered
img_1990.png,Melissa Grimes,27/10/1978,Male,8064 4670 9239,original
img_1906.png,Jenna Gonzalez,28/09/2004,Female,3294 9144 1142,tampered
img_851.png,Shawn Hamilton,17/02/1996,Male,8695 1737 4444,tampered
img_2348.png,Bailey Burke,11/12/1995,Female,4338 9369 6697,original
img_2696.png,Erica Miller,03/09/1997,Female,4242 6763 8273,original
img_639.png,Jennifer Flynn,18/12/1980,Male,5482 7140 7568,tampered
img_61.png,Sharon Bryant,26/03/1992,Male,5990 7892 4842,tampered
img_1320.png,Heather Barber,18/01/1989,Male,6509 5323 7724,original
img_1212.png,Jasmine Cole,20/07/1968,Male,3026 8595 1311,tampered
img_2957.png,William Hicks,07/01/1983,Female,2921 2409 1413,original
img_649.png,Tony Garcia,18/01/1968,Male,1730 1928 5419,original
img_481.png,Vickie Conner,26/07/1994,Female,2995 6630 6568,original
img_384.png,William Brooks,30/05/1974,Male,3246 5021 2786,original
img_1761.png,Shannon White,22/03/1985,Female,1008 6577 8493,tampered
img_2756.png,Benjamin Patel,29/09/1990,Male,7177 7412 8628,tampered
img_2384.png,Kristi Gordon MD,27/08/1988,Male,7734 2307 8271,original
img_1826.png,Jeffrey Taylor,04/03/1986,Male,7737 4330 7215,tampered
img_117.png,Rebecca Williams,31/10/1988,Female,9243 8550 6024,tampered
img_508.png,Courtney Johnson,17/05/1990,Male,7407 6287 6042,tampered
img_2419.png,Laura Pierce,28/12/1990,Male,9939 1169 4559,original
img_2673.png,Elizabeth Herman,12/11/2006,Female,6939 4626 6337,tampered
img_944.png,Samuel Herman,17/03/1969,Female,8660 2183 9116,tampered
img_1320.png,Heather Barber,18/01/1989,Male,6509 5323 7724,tampered
img_1344.png,Kayla Parrish,16/07/1989,Male,4124 1101 9107,tampered
img_118.png,Jordan Hurley,02/07/1987,Male,1870 6732 6377,original
img_2595.png,Robert Morrison,24/03/2005,Female,1934 2912 9448,original
img_2074.png,Debra Hill,12/05/1995,Male,1520 3183 6699,tampered
img_1616.png,Jonathan Murray,23/08/1976,Male,9319 9221 7289,tampered
img_287.png,Vicki Hamilton,30/06/2005,Female,7734 9306 1523,tampered
img_1317.png,Jennifer Fitzgerald,24/02/1997,Male,9136 3923 1085,original
img_271.png,Destiny Gonzalez,09/01/1976,Male,3726 3604 1747,tampered
img_2306.png,Sean Giles,20/04/1983,Female,8417 8727 7992,original
img_2325.png,Angela Lewis,25/04/1996,Female,9967 7323 5786,tampered
img_2638.png,Steven Smith,19/05/1968,Female,1063 4603 7655,tampered
img_2431.png,Tammie Turner,16/12/1992,Female,7917 4407 5611,original
img_900.png,Melissa Ray,07/07/1994,Female,1690 3515 7670,original
img_1188.png,Chelsea Williams,15/04/1969,Male,8635 8365 2682,original
img_2274.png,Robert Stewart,05/12/1994,Female,9751 9104 9739,original
img_2774.png,Richard Hammond,21/06/1997,Female,9027 5739 4764,tampered
img_665.png,Jamie Evans,05/05/1993,Female,4274 2197 3623,original
img_2601.png,Veronica Rubio,29/09/2004,Male,6451 8031 8036,original
img_1672.png,John Davis,10/06/1999,Female,6333 7365 5273,tampered
img_748.png,Nathan Hernandez,01/02/1997,Male,9187 9035 4777,tampered
img_79.png,Amanda Humphrey,08/06/1993,Male,8200 1591 5953,original
img_1514.png,Caitlin Weber,14/08/1989,Male,3399 2007 5446,tampered
img_2999.png,Melissa Duran,23/05/2007,Male,7098 6395 9310,original
img_571.png,Gregory Blackburn,01/04/1988,Male,6005 4927 4105,original
img_214.png,Nicholas Barnes,09/07/1967,Female,7663 5371 4885,original
img_2783.png,Daniel Day,14/08/1996,Female,9062 8054 8424,original
img_48.png,Jason Stone,13/02/1986,Male,4768 3505 4737,original
img_1315.png,Andrea Maddox,01/09/1990,Female,3631 9651 7087,original
img_1803.png,Cynthia Liu,22/10/1991,Male,2015 2637 4865,tampered
img_721.png,Michelle Simpson,31/01/1989,Male,5558 5596 7776,tampered
img_1530.png,Robert Sanford,22/04/1990,Female,1610 4123 6478,original
img_327.png,Dana Strickland,25/11/1978,Male,5717 3146 2341,original
img_1918.png,Ashley Larson,19/01/1976,Female,1933 2365 2322,original
img_2493.png,Jessica Sanders,21/03/1971,Female,6779 6101 4115,original
img_1873.png,Joseph Young,15/06/1971,Male,5542 3009 4522,tampered
img_2599.png,David Murphy,01/06/1973,Female,2707 9363 4364,original
img_341.png,Kathryn Maxwell,29/12/1978,Female,1292 4017 3339,tampered
img_295.png,Joan Pierce,26/05/2006,Male,1067 7593 3522,tampered
img_1423.png,Richard Smith,01/06/1992,Female,6850 4688 7608,tampered
img_1370.png,Joseph Anderson,03/03/1978,Male,6700 4268 1987,original
img_2973.png,Donald Rivers,25/12/2005,Female,8581 5971 2486,original
img_2771.png,Robert Kennedy,14/12/1966,Male,7402 9922 3216,original
img_135.png,Leah Turner,22/08/1986,Female,9515 6860 8378,original
img_2961.png,Marvin Whitaker,25/06/1988,Male,7160 2988 3571,original
img_1379.png,Shannon Black,01/05/1984,Male,7395 9354 2126,original
img_1192.png,Mr. Bradley Gonzalez,24/01/1966,Female,3308 5331 5853,tampered
img_654.png,Karen Griffin,17/02/1970,Female,2134 1325 4025,tampered
img_291.png,Candice Greer,17/01/1998,Male,9078 1354 8659,original
img_2187.png,Melissa Hurley MD,23/03/1987,Male,8714 7920 7992,tampered
img_740.png,Jeffrey Rodriguez,21/09/2000,Male,7860 1833 5713,tampered
img_2254.png,Danielle Richard,29/08/1980,Male,3261 4130 5595,original
img_2381.png,Donna Jones,13/04/1985,Male,6797 2932 7754,original
img_1834.png,Laura Kelly,11/06/2004,Female,4089 2642 4172,original
img_772.png,Kevin Simmons DDS,16/11/1999,Male,5274 3634 4491,tampered
img_1891.png,Sharon Lewis,16/09/2004,Female,3746 4001 3045,tampered
img_1368.png,Fred Maddox,16/03/1971,Female,8644 6550 4288,tampered
img_1269.png,Tanya Miller,23/05/2004,Male,8658 8411 6329,original
img_2624.png,Antonio Knight DDS,18/08/1980,Female,6075 6955 2669,tampered
img_1476.png,Jacob Moore,16/05/1968,Female,8755 2574 5440,original
img_1500.png,Bridget Williams,27/03/1985,Female,2332 8724 9091,tampered
img_642.png,Tami Garcia,22/07/1967,Female,9370 3521 4735,tampered
img_434.png,Scott Hill,08/08/1969,Female,7563 7773 9464,tampered
img_1467.png,Danielle Pennington,25/05/2004,Female,2546 9098 3038,original
img_332.png,Ashley Stanley MD,20/02/2001,Female,2760 2080 3320,original
img_810.png,Jamie Garcia,21/11/1975,Male,9585 2652 4023,tampered
img_1988.png,Anthony Branch,23/02/1980,Female,9430 2274 4858,original
img_1393.png,Shelia Johnson,19/08/1991,Male,3273 5825 4785,original
img_2350.png,Mary Morgan,12/04/1972,Male,4638 9961 3794,original
img_1465.png,Ashley Martin,06/06/1997,Female,8362 2751 2914,tampered
img_1250.png,Derrick Taylor,19/08/1971,Female,2200 3920 1679,tampered
img_2245.png,Greg Bates,22/09/1985,Male,4167 9841 8356,tampered
img_2943.png,Margaret Simpson,16/10/1968,Female,1612 8434 4378,original
img_954.png,Dr. Carl Thomas,14/07/1969,Male,4327 9247 7270,tampered
img_621.png,Eric Garrison,28/08/1997,Female,1446 6737 2364,tampered
img_1187.png,Nicole Johnson,14/06/1980,Female,5376 6806 9003,original
img_1132.png,Michael Kane,17/10/1990,Male,5112 4007 5055,original
img_2884.png,Mark Hernandez,28/04/2000,Male,1442 4227 1390,original
img_768.png,William Cherry,07/06/1984,Female,6577 1143 8439,original
img_2313.png,Christopher Lee,10/03/1985,Male,3825 8058 6100,original
img_2053.png,Brian Jackson,09/05/1967,Male,9502 2459 7822,tampered
img_2369.png,James Neal,01/11/1967,Female,6742 3500 4680,original
img_1940.png,Melissa Taylor,04/01/1992,Female,1016 7077 5654,tampered
img_691.png,Matthew Simmons,12/12/1981,Male,8860 7563 9589,tampered
img_2527.png,Jason Frank,23/05/1978,Female,4556 8942 9398,original
img_414.png,Laura Sanchez,23/03/1993,Female,7839 1367 4182,tampered
img_1923.png,Angela Atkins,05/09/1971,Female,1900 6089 9547,tampered
img_735.png,Anthony Pruitt,10/11/2005,Female,6661 1354 2868,tampered
img_655.png,Sarah Knight,22/09/1987,Male,6851 6754 8862,original
img_809.png,Joseph Webb,05/10/1982,Male,2283 1056 7696,tampered
img_73.png,David Reynolds,01/06/1968,Female,1665 3383 2125,original
img_288.png,Stacey Keller,24/11/2007,Female,2474 3318 4963,tampered
img_78.png,Eric Gonzales,13/03/1994,Female,5831 7888 2111,original
img_2373.png,Samantha Jones,19/08/1990,Female,5816 3626 9890,tampered
img_2818.png,Jeremiah Rangel,12/07/2005,Female,6675 8416 9508,tampered
img_1396.png,James Walton,27/11/1971,Male,2796 3534 7723,tampered
img_328.png,Jonathan Sanchez IV,16/09/1984,Female,2214 1874 8672,tampered
img_710.png,Cody Rhodes,07/10/1979,Male,5836 8347 6662,tampered
img_478.png,Jason Evans,21/04/1995,Female,3631 2319 1542,tampered
img_2131.png,Stephanie Blanchard,24/11/2005,Female,1557 9273 8002,tampered
img_487.png,Ashley Ortiz,05/12/1983,Male,2909 6884 2055,tampered
img_97.png,Karen Brooks,12/01/1979,Male,7059 1112 2558,tampered
img_434.png,Scott Hill,08/08/1969,Female,7563 7773 9464,original
img_520.png,Lori Bender,11/01/1994,Male,8792 4908 2772,tampered
img_260.png,Holly Vincent,27/06/1978,Male,1656 2528 2907,tampered
img_2456.png,Kayla Cooper,24/12/1975,Female,6022 3335 5813,tampered
img_618.png,Connor Watts,29/06/1987,Female,4963 5826 9021,original
img_2145.png,Ronald Brown,12/05/1994,Female,1255 1369 6708,original
img_985.png,Natasha Brooks,27/10/2000,Male,2100 4859 8586,tampered
img_473.png,David Cabrera,24/02/1979,Male,4617 6431 7889,original
img_134.png,Matthew White,11/12/1974,Male,3351 5196 2922,original
img_2671.png,Nancy Ortiz,22/11/1991,Male,6962 6479 2147,original
img_2249.png,Corey Young,02/02/1985,Male,8485 2249 5281,original
img_2719.png,Austin Pham,13/03/1969,Female,5051 3040 8860,original
img_1897.png,Tammy Kerr,01/11/1999,Male,3579 1360 5075,tampered
img_468.png,Kathleen Rogers,29/01/2003,Female,1432 8521 7573,tampered
img_1722.png,Anthony Jacobs,04/11/1982,Female,1959 4353 5686,tampered
img_1168.png,Christopher Baird,26/09/1980,Female,5068 4495 5607,tampered
img_2628.png,Amy Robinson,17/08/1971,Male,3670 6780 3277,original
img_2230.png,Jose Flores,13/07/1989,Female,1796 5410 3575,original
img_622.png,Mary Williams,24/03/1982,Female,7992 5473 4820,original
img_1163.png,Shawn Osborne,29/03/2006,Female,8286 2468 6860,tampered
img_2854.png,Barbara White,27/03/1972,Female,5204 8404 6503,original
img_741.png,Jeffrey Patel,25/05/2004,Female,1031 6412 7448,tampered
img_1674.png,Christopher Stevens,27/06/2006,Male,9071 5844 7218,tampered
img_2067.png,Dr. Michael Mcbride,29/10/2002,Male,8784 4332 2579,tampered
img_2259.png,Donald Baker,05/08/1975,Female,2214 2145 7094,tampered
img_2516.png,Samantha Bartlett,23/08/1993,Female,6980 8653 4951,tampered
img_40.png,Jennifer Martinez,02/07/1990,Male,7521 2892 1327,original
img_1576.png,Timothy Swanson,29/12/1983,Male,4709 1458 9055,original
img_2392.png,Timothy Reynolds,20/08/1971,Male,8289 3856 4291,tampered
img_1807.png,Jeff White,11/10/2003,Male,1733 9403 2424,tampered
img_2179.png,Michael Galvan,06/07/1978,Female,9729 2486 5367,original
img_1048.png,Derek Rios,08/09/1985,Male,9391 4510 5743,tampered
img_2744.png,Rebecca Reyes,24/02/1982,Male,7666 8000 5739,original
img_2191.png,Keith Jones,16/07/2007,Female,6892 5669 3877,tampered
img_879.png,Adam Green,18/11/2007,Male,4553 2995 8584,original
img_949.png,Tammy Lee,12/09/2007,Male,1950 2919 4199,tampered
img_697.png,Emily Cisneros,19/11/1984,Female,4262 8863 9000,original
img_2244.png,Michael Hernandez,14/09/1992,Female,9323 2410 9633,original
img_1927.png,Corey Osborne,18/06/1986,Female,4317 5279 7638,original
img_2613.png,Matthew King,04/09/1975,Female,2552 6024 1802,tampered
img_1618.png,April Thomas,10/08/1980,Female,8210 6684 1265,tampered
img_2697.png,Taylor Bautista,25/03/1972,Female,9028 9385 1032,original
img_212.png,Brandon Brown,30/10/1971,Male,3944 4637 8318,tampered
img_2089.png,Ariel Gonzalez,30/07/2003,Female,6053 4486 5680,tampered
img_285.png,Amber Goodman,27/05/1999,Female,6030 4847 2034,original
img_1861.png,Victoria French,02/12/2006,Male,7494 3777 1649,original
img_1768.png,Sarah Shepherd,07/05/1979,Female,3814 3625 3857,tampered
img_298.png,Andrew Miller,02/10/1979,Male,8313 1294 6775,original
img_2940.png,Sonya Jordan,21/02/1967,Female,6030 5950 2690,tampered
img_1165.png,Devin Kennedy,06/12/1994,Male,1329 2442 4455,original
img_2042.png,Brandon Mcdonald,20/01/1990,Male,7886 2998 2949,original
img_2375.png,Brandon Parrish,19/02/1974,Female,5026 6486 5259,original
img_706.png,Daniel Garcia,24/11/1997,Male,8212 5732 1661,tampered
img_1843.png,Juan Monroe,28/04/1975,Female,3030 3485 7460,tampered
img_1018.png,Derek Horton,19/04/1985,Male,8570 4355 7837,tampered
img_231.png,Natalie Campbell,04/10/2005,Female,6518 8550 5169,original
img_1697.png,Aaron Brown,15/07/1978,Male,6777 7083 2710,original
img_2581.png,Scott Lawson,26/04/2005,Male,5298 8225 5320,tampered
img_2152.png,Pamela Woods,07/10/1965,Male,9814 8306 2943,original
img_1509.png,Joshua Larson,08/06/1980,Male,4136 5274 2437,original
img_1347.png,Ronald Riley,24/09/1984,Male,4310 4428 1176,original
img_433.png,Patricia Stevens,13/06/1994,Female,5774 7847 1080,tampered
img_1403.png,Russell Lopez,04/07/1973,Female,3883 4437 7065,original
img_699.png,Sherri Williams,03/02/1990,Male,3901 5453 1143,tampered
img_232.png,Deanna Hughes,02/10/2001,Male,5787 2456 9042,original
img_420.png,Terry Hill,04/01/1966,Male,5125 8125 1984,tampered
img_927.png,Jessica Harvey,23/04/2002,Female,9287 1909 4463,tampered
img_425.png,William Bennett,23/02/1996,Male,9525 5661 2567,tampered
img_2154.png,Dr. Jay Edwards,28/01/1989,Female,6558 6418 3740,tampered
img_152.png,Dr. Eric Zamora,19/08/1974,Female,4536 1641 9059,tampered
img_938.png,Sandra Allen,23/09/1979,Male,8666 3445 3768,tampered
img_527.png,Colin Williams,17/09/1993,Female,8528 2675 9440,original
img_110.png,Heather Snyder,06/01/1997,Female,6041 4931 2052,tampered
img_852.png,Michael Mendoza,25/07/1991,Female,2619 9035 6974,original
img_2894.png,Jacqueline Saunders,17/09/1980,Male,8219 6682 9750,tampered
img_1673.png,Robert Garza,01/03/1985,Male,4220 3055 3310,original
img_1737.png,Donald Lee,15/01/1980,Female,8193 6068 3363,original
img_2268.png,Jody Frazier,22/04/2005,Female,1353 7045 6114,tampered
img_2142.png,Nancy Stark,03/09/1983,Male,8652 3208 4943,original
img_96.png,Sheila Hines,03/05/1992,Female,5941 2351 7444,original
img_2989.png,Louis Jones,24/11/1968,Male,4461 2537 2160,tampered
img_2683.png,Hayley Hamilton,17/12/1995,Male,1925 6681 7349,tampered
img_1092.png,Carrie Jackson,18/09/1984,Female,9670 9557 5480,tampered
img_1199.png,Karen Gomez,27/02/1994,Male,5914 1840 1417,tampered
img_1193.png,Judy Taylor,29/11/1982,Male,4618 1737 1372,original
img_1364.png,Barbara Robbins,21/12/1984,Female,4107 9194 6360,original
img_8.png,Tracy Hernandez,22/02/1982,Female,5482 8782 6746,original
img_975.png,Wayne Fisher,29/09/1971,Female,8173 2923 3486,tampered
img_1120.png,Shelia Garner,13/04/1994,Male,7840 4701 9623,original
img_184.png,Vanessa Jones,01/11/1981,Female,3370 8149 5898,tampered
img_1675.png,Steven Lee,28/08/1997,Female,2045 9710 6589,original
img_438.png,Christian Padilla,30/03/2002,Female,4167 1206 1752,tampered
img_2.png,Rachael Torres,30/07/1991,Female,8236 9797 6129,tampered
img_963.png,Anthony Parker,31/07/1989,Female,2847 4833 6703,original
img_1774.png,Allison Massey,19/07/2003,Male,1195 8127 6226,original
img_652.png,Gary Hicks,01/11/1981,Female,5810 4025 2165,tampered
img_208.png,Sydney Ewing,26/11/2001,Male,5485 7554 4681,original
img_1003.png,Jennifer Johnson,11/12/1973,Female,7809 2744 7157,original
img_502.png,Wendy Dean,30/11/1970,Female,3814 2095 4193,tampered
img_373.png,Brittany Drake,07/10/1973,Female,3006 3528 5443,tampered
img_1745.png,Matthew Harmon,26/10/1983,Male,4606 1840 7930,original
img_599.png,Linda Mcmahon,07/09/1977,Male,9151 4580 8424,original
img_2073.png,Austin Harvey,17/12/1991,Male,4623 2958 8496,original
img_2592.png,Taylor Buck,09/06/1989,Female,1809 1725 1990,tampered
img_1964.png,Christina Johnson,13/07/1995,Female,3794 2474 5221,tampered
img_1944.png,Mrs. Taylor Mcdaniel,13/06/1995,Male,6713 5778 9207,original
img_95.png,Deborah Robertson,20/08/1965,Female,6776 9018 4063,tampered
img_2926.png,Bernard Johnson,02/08/1987,Male,4853 4398 9712,tampered
img_2075.png,Terry Scott,07/03/1975,Female,1567 1923 5270,tampered
img_734.png,Christopher Welch,26/01/1974,Male,8538 8161 3154,tampered
img_86.png,Randall Hernandez,29/10/1981,Female,1165 6477 8241,original
img_1958.png,Sarah Boyd,10/04/1994,Male,8086 5015 2483,tampered
img_8.png,Tracy Hernandez,22/02/1982,Female,5482 8782 6746,tampered
img_1882.png,Shawn Ho MD,18/05/1970,Male,5477 1768 1499,original
img_1948.png,Janice Griffin,04/11/1994,Male,8711 1770 4437,original
img_41.png,Brett Mcdaniel,16/06/2002,Female,9171 3159 2283,original
img_2241.png,Brianna Snyder,31/01/1997,Female,9786 5912 5307,original
img_2571.png,David Smith PhD,31/08/2004,Female,4191 5707 8904,original
img_846.png,Phillip Fitzgerald,04/05/1991,Female,4573 3716 9414,original
img_923.png,Danny Pearson,16/11/1991,Male,1079 2183 9739,tampered
img_1703.png,Matthew Roberson,02/07/1973,Female,7938 8894 9175,original
img_2451.png,Cassandra Hartman,25/05/1965,Male,1968 2727 5592,tampered
img_318.png,Mr. Jesse Miller,07/07/1967,Male,7713 1413 6933,tampered
img_405.png,Dawn Kelly,17/03/1992,Male,3956 9201 6426,original
img_2982.png,Larry Cannon,09/09/1991,Male,6721 8988 7582,original
img_43.png,Christopher Whitney,05/05/1985,Female,3134 3106 3025,original
img_1451.png,Christopher Phillips,09/06/1971,Male,8178 8365 7622,original
img_783.png,Desiree Thomas,15/10/1975,Male,5892 9440 5137,original
img_1764.png,Scott Thomas,24/12/2002,Male,8318 5059 5604,original
img_540.png,Matthew Green,23/05/1992,Female,8458 6770 1911,tampered
img_2348.png,Bailey Burke,11/12/1995,Female,4338 9369 6697,tampered
img_2319.png,Jesus Odonnell,27/10/1993,Female,8037 8077 9682,original
img_1168.png,Christopher Baird,26/09/1980,Female,5068 4495 5607,original
img_1860.png,Jerry Beck,31/10/1974,Male,6616 1650 3517,tampered
img_2201.png,Jill Lane,21/03/1967,Female,3167 3552 9838,tampered
img_2258.png,Alexandra Lozano,15/09/1982,Male,3679 5250 4252,original
img_2886.png,Joshua Williams,30/08/1999,Female,9105 1317 1746,tampered
img_1813.png,Daniel Wallace,25/05/1976,Female,6453 1214 6849,tampered
img_777.png,Crystal Brown,06/05/1966,Female,5086 3177 2286,tampered
img_2025.png,Nicholas Wallace,24/09/1996,Female,6659 1003 7599,original
img_1134.png,Jordan Jackson,07/10/1991,Female,5094 3245 9795,original
img_2881.png,Robert Brown,15/11/1986,Male,8780 4110 7142,original
img_857.png,Antonio Rollins,19/08/1976,Female,8492 4236 9169,original
img_219.png,Rachel Poole,11/11/2000,Male,1800 8783 9932,tampered
img_1942.png,Evelyn Santos,26/11/1997,Male,6753 5929 4650,tampered
img_2988.png,Cheyenne Collins,14/07/1982,Male,3574 3510 1462,tampered
img_223.png,Daniel Cooper,12/01/2004,Male,3993 3052 1532,original
img_2036.png,William Tucker,12/09/1973,Female,1411 1837 5693,original
img_1665.png,James Schwartz,19/03/1978,Female,2718 3407 1945,tampered
img_220.png,Deborah Reeves,20/06/1987,Female,7931 3725 9857,original
img_1034.png,Frank Villa,25/08/1996,Male,3168 7615 7617,original
img_1871.png,Shari Baird,13/12/1989,Female,5842 2876 8045,original
img_33.png,Stephen Carroll,04/03/1978,Female,2850 8955 3353,original
img_763.png,Jason Maldonado,01/04/1987,Female,1474 3170 8712,tampered
img_53.png,Craig Prince,16/02/1974,Female,6690 1235 3677,original
img_289.png,Paul Pratt,13/06/1983,Male,2959 6246 6883,original
img_281.png,Clinton Smith,23/09/2006,Female,5738 3880 8051,original
img_288.png,Stacey Keller,24/11/2007,Female,2474 3318 4963,original
img_1262.png,Christopher Gardner,22/09/1999,Female,2851 8639 8027,original
img_2696.png,Erica Miller,03/09/1997,Female,4242 6763 8273,tampered
img_2499.png,Steven Wagner,25/09/1992,Male,9365 2365 1680,tampered
img_2461.png,Samantha Burns,18/07/1992,Female,8253 5519 6598,tampered
img_314.png,Anna Perez,02/01/1973,Male,4642 3312 6864,original
img_2901.png,Blake Davis,16/12/1982,Male,5877 6417 3931,original
img_229.png,Justin Lambert,16/07/2001,Female,2308 1424 1069,original
img_666.png,Dakota Valencia,29/08/1977,Female,8889 2581 1943,tampered
img_555.png,Sherry Nash,29/06/1974,Female,7385 5642 3891,original
img_509.png,James Anderson,07/12/1969,Male,1608 9059 9255,original
img_350.png,Ashley Gillespie,16/09/1965,Male,7456 3863 5522,tampered
img_1867.png,Robin Jordan,23/06/2004,Female,7255 5214 7937,original
img_238.png,Thomas Jefferson,08/04/2003,Male,7418 5018 7990,tampered
img_2655.png,Zachary Williams,08/11/1966,Female,2519 4669 1934,tampered
img_576.png,Tina Grant,11/11/1997,Female,7206 4924 3941,tampered
img_858.png,Jeffrey Lee,15/07/1965,Male,2755 2763 1640,original
img_2576.png,Denise Price,01/03/1992,Male,2594 6975 7909,original
img_1868.png,Jennifer Hines,20/05/1993,Female,9150 2143 5522,original
img_1539.png,Samantha Sanchez,28/04/1988,Male,1442 6770 6776,tampered
img_2504.png,Danielle James,20/04/2000,Male,3120 8837 4741,original
img_156.png,Robert Richardson,13/09/1991,Female,1987 7103 4884,tampered
img_1910.png,John Hunter,29/01/1975,Female,7537 3465 3515,tampered
img_51.png,Mark Williams,08/10/1998,Male,3564 5872 5380,original
img_2202.png,Suzanne Romero,03/11/1987,Male,8495 6429 1244,original
img_2445.png,Heather Weaver,04/09/1994,Female,4946 2209 9493,tampered
img_235.png,Jason Pham,23/01/1980,Female,3634 5444 1397,original
img_444.png,Marcus Rose,06/05/1990,Female,5285 5463 8160,tampered
img_2627.png,Chelsea Smith,05/01/1983,Male,5340 6047 6554,original
img_2829.png,Ian Erickson,25/07/1973,Male,5177 8131 1355,tampered
img_81.png,Angela Horton,07/10/1993,Male,7964 3839 5799,original
img_1769.png,Maurice Gibson,15/03/1966,Male,9233 4407 5812,tampered
img_1198.png,Thomas Hill,29/01/1980,Male,1242 1811 5747,original
img_2345.png,Jason Fowler,30/03/1993,Male,5064 3651 1617,tampered
img_2159.png,Brandon James,28/10/1996,Female,7985 5571 3079,original
img_2566.png,Michael Garcia,18/09/1988,Male,7115 1122 9978,tampered
img_594.png,Jodi Evans,05/01/1979,Male,5512 2466 2166,original
img_1189.png,Christopher Thomas,02/09/2001,Female,5699 2421 7397,original
img_2514.png,Jacqueline Miles,05/12/2001,Male,2375 2370 4170,tampered
img_636.png,Sydney Padilla,04/10/1974,Male,3696 2870 7679,original
img_1608.png,Jordan Conner,29/08/1988,Male,6780 9711 7808,tampered
img_2125.png,James Marsh,19/02/1991,Male,3716 5132 2841,original
img_2803.png,Carol Jones,11/07/1978,Male,2152 9942 3899,tampered
img_605.png,Jessica Hardin,01/05/1995,Male,5077 1317 5090,original
img_1815.png,Jason Kim,17/11/1994,Female,6920 9655 4230,original
img_2879.png,Heather Gonzalez,20/10/1999,Female,6421 2472 6592,tampered
img_1084.png,Mark Martinez,16/11/1971,Male,5417 8315 2763,tampered
img_1601.png,Philip Santos,05/12/2005,Male,2001 5708 4923,tampered
img_1937.png,Michael Guerra,07/02/1970,Male,3094 4752 7996,original
img_2987.png,Darrell Richardson,21/02/2002,Female,6831 4110 4316,tampered
img_897.png,Brian Mcdonald,09/11/1972,Female,9959 2599 1050,tampered
img_2020.png,Nathan Young,28/11/2002,Female,4412 9688 9795,original
img_429.png,Summer Ellis,30/07/1997,Male,4826 4022 7485,original
img_2608.png,Maria Simmons,14/02/1995,Male,6026 5476 7649,original
img_2998.png,Heather Williams,01/05/1967,Male,7750 5613 8286,original
img_382.png,Garrett Taylor,19/01/1966,Male,7169 6469 4799,original
img_324.png,John Byrd,22/12/1970,Male,6504 4083 5421,tampered
img_1828.png,Kim Salas,23/01/1980,Male,4739 7182 1615,original
img_142.png,Derek Hardin,20/09/1966,Female,4592 8588 9583,tampered
img_1326.png,Jennifer Kim,21/04/2003,Male,1645 5664 5769,tampered
img_2177.png,Heather Parker,17/04/1994,Female,5922 9770 5398,tampered
img_310.png,Stacy Vega,13/01/2001,Male,3609 2901 4193,original
img_932.png,Anthony Jackson,15/06/1992,Male,5903 5700 3060,original
img_1158.png,Caroline Wolfe,29/12/1985,Male,3262 4600 8468,tampered
img_2521.png,Andrea Browning,06/06/1966,Male,8355 2080 8219,tampered
img_1803.png,Cynthia Liu,22/10/1991,Male,2015 2637 4865,original
img_888.png,Michael Kennedy,03/09/1984,Female,5106 3240 2440,original
img_1355.png,Sean Mayer,16/03/1971,Male,8684 4800 8679,tampered
img_2276.png,Jennifer Cole,01/06/1979,Male,4991 5782 2699,tampered
img_1292.png,Lisa Mccall,22/07/1971,Male,7589 7023 3731,tampered
img_1288.png,Joshua Jackson,26/10/1968,Male,6347 9107 4961,original
img_1839.png,Angela Moran,16/08/2005,Female,3301 4342 9572,original
img_1044.png,Mark Leon,18/03/2007,Female,5782 9183 4737,original
img_1871.png,Shari Baird,13/12/1989,Female,5842 2876 8045,tampered
img_1825.png,Anthony Ferguson,16/04/1974,Male,3658 8859 9504,tampered
img_1412.png,Jack Mcclure,05/02/1967,Male,3022 3426 1477,original
img_2131.png,Stephanie Blanchard,24/11/2005,Female,1557 9273 8002,original
img_744.png,Dawn Wells,24/02/1996,Female,8478 4220 2497,original
img_352.png,Jeffrey Bender,17/09/1969,Male,6226 2752 6840,tampered
img_1549.png,Thomas Osborn,19/04/1979,Female,3556 1995 7960,original
img_1452.png,Allison Escobar,02/09/1993,Female,5068 4088 8782,tampered
img_1617.png,Julia Washington,04/12/2003,Male,4932 8473 3477,original
img_453.png,Emily Rice,10/01/1992,Male,3372 2701 5752,original
img_328.png,Jonathan Sanchez IV,16/09/1984,Female,2214 1874 8672,original
img_443.png,Stephanie Riddle,12/06/1975,Male,7042 5799 5194,tampered
img_51.png,Mark Williams,08/10/1998,Male,3564 5872 5380,tampered
img_1568.png,Joseph Roberts,08/06/1995,Male,1205 4644 9680,tampered
img_631.png,Joshua Matthews,16/09/1998,Male,2181 9648 8366,original
img_1907.png,Cody Robertson,14/09/1988,Male,7210 1748 5925,tampered
img_2357.png,Angela Black,01/12/1965,Female,3333 1383 3996,original
img_74.png,Toni Hunt,28/02/2001,Female,1283 8710 2222,tampered
img_2176.png,John King,27/10/2003,Male,4117 7737 3532,tampered
img_2462.png,Megan Reeves,05/10/1985,Female,1435 8130 5063,tampered
img_905.png,Dr. Jennifer Baker,24/12/1971,Male,6866 2699 8768,original
img_1592.png,Edward Acosta,21/11/1982,Female,3050 8075 4201,original
img_1263.png,Jennifer West,06/04/1982,Male,4139 2239 1624,original
img_527.png,Colin Williams,17/09/1993,Female,8528 2675 9440,tampered
img_1544.png,Dakota Walter,29/08/1966,Male,3503 8863 3835,tampered
img_2029.png,Jamie Walsh,24/03/2006,Male,7171 7922 6603,original
img_2413.png,Linda Ponce,10/11/2001,Female,4456 9886 5485,original
img_2673.png,Elizabeth Herman,12/11/2006,Female,6939 4626 6337,original
img_2757.png,Robert Wu,07/10/1992,Female,4522 4608 8112,original
img_305.png,Joseph Barnes,05/07/1973,Female,7900 3054 2167,original
img_1102.png,Robert Moore,10/03/2007,Male,9764 1766 7200,original
img_1596.png,Stacy Wiggins,29/05/1991,Male,1649 6839 2173,tampered
img_934.png,Craig Robertson,26/11/1991,Male,7221 1921 3911,original
img_2589.png,Jillian Martinez,12/12/1985,Male,2745 4698 9795,tampered
img_445.png,Frank Wright,15/06/1968,Male,4960 5411 9766,original
img_254.png,Justin Oconnell,17/11/2002,Male,4321 4344 8482,original
img_289.png,Paul Pratt,13/06/1983,Male,2959 6246 6883,tampered
img_272.png,Crystal Gonzalez,21/04/1980,Female,5400 1642 2291,tampered
img_1260.png,Stephanie Castillo,10/11/1974,Female,9948 6497 9055,original
img_708.png,Craig Gross,24/04/1985,Female,3437 3264 7164,tampered
img_503.png,Deborah Conrad,11/11/1985,Male,9125 7721 2622,original
img_2789.png,Justin Becker,21/01/1981,Male,1318 2054 7796,original
img_1319.png,Thomas Scott,21/05/1977,Male,9040 8614 6058,original
img_1148.png,Alex Frazier,17/12/1980,Female,3779 4657 5669,tampered
img_622.png,Mary Williams,24/03/1982,Female,7992 5473 4820,tampered
img_2476.png,Diane Ramirez,04/09/2002,Female,5016 3975 8531,original
img_592.png,James Carter,19/01/2003,Male,1174 7851 1992,tampered
img_780.png,Terry Ray,11/04/1970,Male,8973 7302 9368,tampered
img_1404.png,Daniel Owens,26/08/2004,Female,7948 7983 6891,tampered
img_508.png,Courtney Johnson,17/05/1990,Male,7407 6287 6042,original
img_213.png,Katelyn Strong,18/10/1968,Male,8486 6963 3406,original
img_1910.png,John Hunter,29/01/1975,Female,7537 3465 3515,original
img_966.png,Edwin Owen,19/09/2006,Female,4410 4314 9184,original
img_2564.png,Nicholas Mullins,29/05/1991,Male,3187 5595 2266,original
img_2663.png,Don James,22/11/1977,Male,4641 8106 2854,tampered
img_522.png,Jennifer Kelly,03/11/1991,Female,6665 5722 4973,original
img_253.png,Abigail Zimmerman,13/02/2005,Female,7510 1840 8502,tampered
img_1655.png,Amy Hall,29/03/1973,Female,5864 8783 6883,original
img_1195.png,Helen Young,20/02/1977,Male,7819 8634 5060,tampered
img_1791.png,Amber Taylor,02/02/1992,Female,5328 4156 9111,original
img_1643.png,Kelly Bowman,12/12/1996,Male,2687 4720 4419,tampered
img_2328.png,Michael Dyer,27/06/1973,Female,3449 3976 9152,original
img_2582.png,Donna Taylor,09/10/1969,Female,9849 9441 7706,original
img_1711.png,Melinda Jones,15/06/2000,Male,9863 7945 3745,original
img_1955.png,Jay Campbell,07/03/1980,Female,9801 4481 3280,tampered
img_1664.png,Jennifer Fisher,29/06/1975,Female,2659 7017 1084,tampered
img_1849.png,Nicole Tucker,25/02/2005,Male,9900 5431 8909,original
img_467.png,Mark Saunders,27/07/1970,Female,9438 7497 7277,tampered
img_2077.png,Tina Cochran,17/11/1982,Male,2037 4354 3813,original
img_633.png,Carmen Stewart,28/02/1979,Female,9902 1409 1744,tampered
img_2654.png,Andrew Johnson,21/05/1995,Male,2370 1889 2127,tampered
img_1233.png,Kari Gonzales,28/06/1999,Female,2466 4796 2238,tampered
img_1255.png,Amy Holt,22/12/1988,Female,5285 5934 7285,original
img_333.png,Helen Watkins,22/03/1996,Female,8399 9998 3530,original
img_1904.png,Nicholas Anderson,29/11/2004,Male,3338 8396 9092,original
img_838.png,Nicholas Tucker,01/11/2006,Male,1439 1785 8391,tampered
img_895.png,Michael Wright,27/05/2006,Male,2682 4299 7909,tampered
img_2909.png,Melissa Warner,25/11/1980,Male,4502 5369 9304,tampered
img_1885.png,Chad Martin,12/12/1982,Male,4626 5711 7435,tampered
img_1549.png,Thomas Osborn,19/04/1979,Female,3556 1995 7960,tampered
img_2340.png,Melissa Fuentes,14/04/1990,Male,3556 4823 2770,tampered
img_1207.png,Mary Christensen,21/05/2005,Male,5651 3479 7322,original
img_290.png,Brian Stone,29/02/1972,Female,2475 7345 3490,tampered
img_467.png,Mark Saunders,27/07/1970,Female,9438 7497 7277,original
img_756.png,Melvin Mcclure,10/02/2005,Female,6602 4328 2673,original
img_195.png,Shelby Gentry,29/10/2004,Male,3185 2252 7047,original
img_948.png,Ashley Evans,04/05/1999,Male,4061 3611 4345,tampered
img_611.png,Bridget Leonard,14/09/1967,Male,4911 6101 3260,tampered
img_1905.png,Dr. Laura Valdez DDS,03/02/1981,Male,5468 1224 1892,original
img_961.png,Henry White,29/10/1975,Male,5443 2538 1377,tampered
img_585.png,David Lopez,28/05/1965,Female,7718 1486 6895,original
img_2717.png,Jessica Burns,28/07/2007,Female,5293 3782 8886,original
img_2092.png,Meredith Stone,16/01/1998,Female,9788 6878 9137,original
img_472.png,Dalton Boyer,25/10/1984,Female,4582 3334 7447,tampered
img_404.png,Brenda Flores,05/03/1996,Male,8469 2446 2994,tampered
img_1177.png,Bradley Thompson,08/10/2004,Male,6329 8695 3054,original
img_2396.png,Holly Campbell,27/02/2001,Female,9699 4715 7995,tampered
img_369.png,Kimberly Finley,09/06/1967,Female,6181 2685 7242,tampered
img_2983.png,Theresa Hill,07/09/1967,Female,5030 5431 1540,original
img_2018.png,Jeremy Haas,29/12/2003,Female,3776 3896 8501,tampered
img_1185.png,Sheila Farmer,24/08/1985,Male,4822 1308 8761,original
img_2636.png,Steven Warner,13/05/1969,Male,4790 3241 9977,tampered
img_1460.png,Karen Lee,21/04/1981,Female,7496 6336 6017,original
img_372.png,David Ellis,01/12/1992,Female,2296 4511 6764,tampered
img_917.png,Robert Munoz,08/02/1981,Female,9728 1990 1053,original
img_268.png,Cheryl Leon,18/06/1983,Female,9352 3686 4461,tampered
img_2209.png,Julie Davis,04/02/1989,Female,4155 9114 8793,original
img_488.png,Melanie Williams,10/08/1988,Male,7920 8387 3856,tampered
img_2642.png,Aaron Coleman,15/04/2003,Female,2993 6272 9878,original
img_2857.png,Sarah Hall,20/05/1995,Female,9601 1230 8337,original
img_1473.png,Nicholas Davis,13/07/1967,Male,4386 4438 4210,original
img_752.png,Mr. Brandon Rodriguez Jr.,10/07/1997,Female,3750 4274 4467,original
img_2032.png,Candace Mann,17/06/1988,Male,8248 8811 1011,tampered
img_120.png,Christina Sandoval,20/09/1990,Female,3722 3307 8736,original
img_2028.png,Sheryl Rodriguez,18/07/1967,Male,3201 8018 7153,original
img_898.png,Rebecca Clark,29/04/1982,Female,5528 9585 9934,tampered
img_1006.png,Eric Rush,25/06/2007,Male,9933 6702 4725,original
img_2844.png,Andrea Gonzalez,10/04/1994,Male,4728 4816 7431,tampered
img_464.png,Christopher Salas,21/07/1973,Male,6463 1665 4459,original
img_2179.png,Michael Galvan,06/07/1978,Female,9729 2486 5367,tampered
img_1118.png,Gregory Austin,20/06/1990,Female,9795 6847 2935,original
img_1047.png,John Kim,12/03/2007,Male,2266 6872 9286,tampered
img_2005.png,Erika Melton,14/03/1985,Female,8453 5567 8397,tampered
img_952.png,Michael Mccoy,29/11/1965,Male,7885 2652 7705,tampered
img_173.png,James Santiago,01/02/1976,Female,8910 5640 6081,original
img_2030.png,Dr. Morgan Campos DDS,20/05/1986,Male,8565 4757 9040,original
img_259.png,Randy Short,21/08/1993,Female,3705 9155 2902,tampered
img_819.png,Megan Parker,04/04/1994,Female,4649 4279 8510,original
img_2630.png,Patricia Davis,14/08/1976,Male,9227 6024 5073,tampered
img_2506.png,Jacqueline Butler,01/10/1982,Male,2058 8971 2138,original
img_1927.png,Corey Osborne,18/06/1986,Female,4317 5279 7638,tampered
img_272.png,Crystal Gonzalez,21/04/1980,Female,5400 1642 2291,original
img_370.png,Eric Schroeder,17/07/1969,Female,5550 9047 4197,original
img_91.png,Regina Richard,19/01/1996,Male,8336 5477 3046,tampered
img_2871.png,Sarah Clay,21/08/2004,Female,2933 4323 9727,original
img_2979.png,Matthew Gaines,30/09/1990,Female,8482 7021 9942,original
img_1328.png,David Conrad,14/08/2003,Male,4528 6609 8661,tampered
img_2199.png,Mark Dominguez,07/09/1967,Male,2687 4865 6790,tampered
img_2003.png,John Morris,30/09/1973,Female,7147 3714 9908,tampered
img_57.png,Matthew Roy,17/02/1988,Male,8465 8551 2364,original
img_1007.png,Jordan Becker DDS,03/08/1970,Male,7877 1139 8566,original
img_1583.png,William Horton,11/08/1997,Male,1760 5007 3293,tampered
img_1961.png,Julie Harvey,26/05/1972,Female,4934 4075 4245,tampered
img_1602.png,Thomas Stanton,16/02/1991,Male,6566 3499 3521,original
img_581.png,Christine Fowler,10/06/1992,Male,6099 5520 1462,original
img_427.png,Deborah Jackson,02/08/1991,Male,3210 1285 3391,original
img_916.png,Randall Brown,29/10/1980,Male,7879 7387 5491,original
img_44.png,Michael Perkins,30/06/1973,Male,3686 5807 1750,original
img_2310.png,Paul Delgado,23/11/1981,Male,5176 8883 8748,tampered
img_2991.png,Alyssa Rodriguez,10/03/1969,Male,2999 1453 9829,tampered
img_2248.png,Courtney Watson,16/12/1997,Female,7643 9835 9669,original
img_675.png,Joshua Walton,11/12/1970,Female,4742 1856 8923,tampered
img_2334.png,James Gibson,11/01/1972,Male,6531 1145 5198,original
img_531.png,Andrea White,22/03/2006,Male,1307 9944 1404,tampered
img_1686.png,Dustin Gutierrez,17/10/1993,Female,7600 1581 3656,tampered
img_2095.png,Heather Oneal,06/06/1972,Male,3679 6914 4881,original
img_1719.png,Debra Hernandez MD,15/09/1967,Male,7896 7162 2637,tampered
img_2656.png,Ronnie Stein,07/04/1991,Female,8422 4887 4510,original
img_1246.png,Dr. Samuel Welch,04/09/1976,Male,2660 5402 3067,original
img_2178.png,Sarah Floyd,09/01/1983,Female,2208 4875 5645,original
img_1971.png,Kathryn Porter,05/08/1997,Female,1398 5787 1757,original
img_1285.png,Daniel Holloway,26/04/1973,Male,5031 2378 2356,original
img_2205.png,Ashley Faulkner,11/12/2004,Male,4167 8839 9247,tampered
img_2344.png,Rodney Munoz,12/09/1968,Female,3915 4727 5789,tampered
img_2434.png,Amber Cain,26/05/1969,Female,3448 6445 7367,original
img_498.png,Frances Richardson,27/04/2005,Male,7858 7964 4657,tampered
img_2799.png,Andrew Phillips,27/09/2001,Female,5897 8407 2476,tampered
img_2678.png,Samantha Cooley,23/10/1976,Female,1797 3102 8743,original
img_1123.png,Robert Miles,16/08/1977,Male,9122 1468 5628,tampered
img_907.png,Mrs. Tiffany Jenkins,26/02/1969,Female,2642 6943 1273,original
img_2910.png,Ann Howard,18/10/1988,Female,9461 5276 7374,original
img_144.png,John Brown,15/09/1969,Male,5328 5543 7604,tampered
img_1820.png,Timothy Morris,18/05/1977,Female,4113 1714 2798,original
img_846.png,Phillip Fitzgerald,04/05/1991,Female,4573 3716 9414,tampered
img_1802.png,Amy Yu,29/04/1980,Male,6238 5915 3673,tampered
img_94.png,David Mathis,13/02/2008,Female,5463 8090 7529,tampered
img_1850.png,James Kim,28/02/1973,Female,9005 3942 7753,original
img_673.png,Kelly Moore,23/09/1980,Male,3857 7870 3799,tampered
img_507.png,Daniel Novak,20/12/2001,Male,8163 5092 2133,original
img_1577.png,Jonathan Strickland,01/09/1989,Female,7381 3928 2297,original
img_1756.png,Ross Wright,19/09/2005,Male,5341 2824 2920,original
img_1372.png,Robert Flynn,30/11/1986,Male,6701 6755 5233,tampered
img_589.png,Wesley Wilson,14/04/1966,Male,9176 5793 6192,tampered
img_1673.png,Robert Garza,01/03/1985,Male,4220 3055 3310,tampered
img_1882.png,Shawn Ho MD,18/05/1970,Male,5477 1768 1499,tampered
img_124.png,Lisa Mckay,08/02/1975,Male,6988 7224 1051,tampered
img_1402.png,Lynn Smith,20/09/1983,Male,9443 9028 6012,original
img_1851.png,Ronald Miranda,12/04/2004,Male,6460 4257 6993,original
img_1480.png,Tammy Ballard,29/07/1973,Male,3718 1828 5889,original
img_1917.png,Teresa Moore,14/09/1977,Female,5439 9505 7579,original
img_987.png,Robert Martinez,09/10/1986,Male,2831 6684 1501,original
img_2380.png,Shelley Robertson,27/07/2006,Male,5417 6369 3936,original
img_563.png,Caitlin Parks,20/05/1999,Male,8642 2345 6836,tampered
img_2345.png,Jason Fowler,30/03/1993,Male,5064 3651 1617,original
img_2166.png,Scott Guzman,23/04/1998,Female,9804 8476 7247,tampered
img_2231.png,Patrick Murray,04/12/1983,Female,5248 7982 1955,original
img_196.png,Elizabeth Morton,30/06/1979,Male,8440 8011 3038,original
img_2641.png,Francisco Russell,12/09/1971,Male,8873 5797 3634,original
img_1107.png,Patricia Sanders,06/08/1986,Male,4477 8718 4153,original
img_1411.png,Jack Little,13/02/1976,Female,9590 8908 6726,tampered
img_2981.png,Alison Rogers,31/08/1990,Female,2016 3706 9626,original
img_2035.png,Jennifer Hall,17/04/1980,Male,3746 2087 7799,original
img_692.png,Laura Vasquez,22/11/1969,Female,7904 4606 8158,original
img_18.png,David James,14/05/1996,Male,8380 8692 4594,original
img_2747.png,Nicole Noble,25/02/1978,Male,6630 3389 5523,tampered
img_758.png,Kyle Wood,17/05/1975,Male,4751 9434 5409,original
img_2398.png,Daniel White,25/09/1967,Female,9674 6112 3517,original
img_257.png,Monica Lopez MD,09/03/1975,Female,4525 1820 5421,tampered
img_919.png,Taylor Briggs MD,08/12/1988,Male,3244 1911 9386,tampered
img_2415.png,Tina Hall,16/08/1974,Female,7038 5209 1295,original
img_836.png,Alexander Harris,08/01/1983,Male,7329 5783 5793,original
img_516.png,Jacqueline Berry,03/01/2002,Female,2725 9886 4609,tampered
img_2379.png,Brandon Fox,18/06/2006,Male,7321 4186 5691,original
img_2695.png,Carla Brown,19/11/2000,Female,9503 6946 5210,tampered
img_629.png,Theresa Allen,28/01/2001,Male,1980 1762 8537,original
img_2566.png,Michael Garcia,18/09/1988,Male,7115 1122 9978,original
img_300.png,Travis Jones,27/03/2004,Male,9547 7144 6353,tampered
img_400.png,Scott Mitchell,01/10/1965,Male,9579 1454 4510,tampered
img_1934.png,Steven Daniels,15/05/1984,Male,4254 4396 8640,original
img_2643.png,Debra Cameron,05/08/1979,Female,7822 4290 2746,tampered
img_2402.png,Richard Robbins,14/05/1983,Female,4120 1079 7742,tampered
img_1234.png,Alexis Dunn,31/07/1973,Male,8978 4306 2113,original
img_1273.png,Catherine Fox,12/08/2000,Female,8603 4418 2208,original
img_107.png,Victoria Price,16/03/1984,Female,9073 9486 6686,original
img_764.png,James Padilla,25/07/1998,Female,3141 3338 4371,tampered
img_1929.png,Victor Newman,07/04/1984,Female,5282 9987 8479,tampered
img_207.png,Thomas Howard,03/02/1983,Male,4904 9105 7398,original
img_71.png,Michael White,15/09/2004,Male,6853 3980 3188,tampered
img_814.png,Michael Gallegos,25/12/1978,Female,7530 9424 6912,tampered
img_137.png,Bonnie Stone,19/05/1998,Male,4867 9479 1557,original
img_2143.png,Christopher Atkins,04/09/1982,Male,9143 4657 4425,tampered
img_1005.png,Andre Schmidt,06/09/1990,Female,6324 6395 3172,tampered
img_345.png,Leslie Russell,09/11/1995,Female,3544 7463 7292,original
img_2168.png,Kimberly Garcia,07/05/1968,Male,7232 1904 2025,original
img_683.png,Christopher Lewis,14/11/1996,Female,9760 2969 8899,tampered
img_1501.png,Peter Moore,08/01/1982,Male,7902 2275 8034,tampered
img_1726.png,Marc Gamble,17/08/1999,Male,9011 8440 2408,original
img_580.png,Bradley Harvey,22/09/2007,Female,4175 6050 8151,tampered
img_2863.png,Jeffrey Lee,07/09/1972,Male,9478 5740 8312,original
img_1567.png,Patricia Jones,28/07/1968,Female,4521 6402 4481,original
img_1138.png,Anthony Farrell,16/07/1981,Female,8505 5424 1431,original
img_2256.png,Jim Jones,29/10/1988,Female,2238 5840 5753,original
img_2989.png,Louis Jones,24/11/1968,Male,4461 2537 2160,original
img_2282.png,Jeffrey Anderson,01/04/1978,Female,1826 5909 8452,original
img_1071.png,Tristan Donaldson Jr.,10/07/1968,Female,1419 2396 9405,tampered
img_2736.png,Jorge King,26/01/1968,Female,8905 1573 7913,tampered
img_1621.png,Donna Lewis,28/12/1984,Female,9183 1660 5368,original
img_2963.png,Dr. Dawn Woodard,12/02/1974,Female,9438 3647 9182,original
img_412.png,Paul Richardson,03/04/2005,Male,1335 5848 9460,tampered
img_2434.png,Amber Cain,26/05/1969,Female,3448 6445 7367,tampered
img_2651.png,Alexa West,25/12/1981,Female,3978 2233 1884,original
img_2147.png,Jason Wagner,07/12/1982,Male,9485 6902 5466,original
img_57.png,Matthew Roy,17/02/1988,Male,8465 8551 2364,tampered
img_2022.png,Margaret Salazar,09/08/1998,Male,5076 8957 6531,original
img_1609.png,Abigail Clark,28/06/1966,Male,8322 4326 3149,tampered
img_1015.png,Stacy Davis,29/01/1967,Male,4972 5110 3104,tampered
img_2144.png,Dana Colon,21/04/1989,Male,1864 3910 4876,tampered
img_2085.png,William Jones,02/10/1973,Female,1792 1372 9003,tampered
img_2590.png,James Valenzuela,08/08/1974,Male,8899 3490 9825,tampered
img_109.png,Kimberly Morales,24/12/1983,Male,1845 6641 3560,tampered
img_28.png,Lisa Harris,13/09/2006,Male,2669 4943 2903,original
img_2525.png,David Powell,24/03/1987,Male,4896 4243 5472,tampered
img_983.png,Amy Mccoy,22/08/1965,Male,9182 1085 5612,original
img_2959.png,Keith Parker,13/04/2000,Male,6834 1931 5123,original
img_2229.png,Nancy Lewis,24/07/1976,Female,7713 2614 8362,tampered
img_1754.png,Lauren Berry,09/01/1996,Male,8804 1482 6335,tampered
img_1419.png,Mary Ross,17/07/1973,Male,4807 8202 1093,tampered
img_1049.png,Jason Flores,26/08/1970,Female,9626 2907 2341,original
img_1019.png,Mark Haas,12/03/1980,Female,2796 5386 6937,tampered
img_874.png,Sarah Williams,31/07/1984,Female,1234 8009 3170,original
img_1323.png,Travis Hogan,10/05/2000,Female,8668 3973 9667,tampered
img_458.png,Lisa Morton,20/02/1995,Male,5652 5738 5657,tampered
img_489.png,Barbara Smith,21/07/1988,Female,4543 5073 6050,tampered
img_448.png,Bradley Harrell,20/09/1977,Female,9838 4798 3914,tampered
img_2002.png,Jonathan Robertson,01/03/1987,Male,2586 2686 9846,original
img_2899.png,Dennis Bridges,26/11/2007,Male,4128 8335 5539,tampered
img_1001.png,Alicia Rivera,12/06/1978,Female,5321 3472 3240,original
img_875.png,Traci Merritt,28/11/1967,Male,8120 8996 8683,tampered
img_2804.png,Ryan Wiggins,09/12/1990,Male,4024 1623 2814,tampered
img_2981.png,Alison Rogers,31/08/1990,Female,2016 3706 9626,tampered
img_1120.png,Shelia Garner,13/04/1994,Male,7840 4701 9623,tampered
img_883.png,Drew Fox,25/05/2007,Female,6597 9564 8651,original
img_534.png,Richard Reynolds,22/10/1973,Female,3381 9750 4142,tampered
img_1814.png,Desiree Thompson,09/11/1966,Male,2897 6034 9299,tampered
img_2123.png,Stephen Cross,23/06/1995,Female,6335 9308 6445,original
img_1432.png,George Malone,02/05/1977,Male,7196 8925 9401,tampered
img_2935.png,Tina Davis,19/02/1990,Female,7571 8485 6755,original
img_299.png,Robin Romero,11/09/1980,Male,8749 7550 2569,original
img_994.png,Cathy Lang,18/12/1999,Male,7755 9354 2480,original
img_2355.png,Katrina Campbell,08/07/1973,Male,4744 7569 6230,tampered
img_2957.png,William Hicks,07/01/1983,Female,2921 2409 1413,tampered
img_1133.png,Brenda Rodriguez,17/03/1997,Male,9284 4034 3401,original
img_736.png,Samantha Patterson,07/04/2004,Male,1040 4076 3536,original
img_654.png,Karen Griffin,17/02/1970,Female,2134 1325 4025,original
img_934.png,Craig Robertson,26/11/1991,Male,7221 1921 3911,tampered
img_1984.png,Justin Fisher,22/04/1989,Female,9396 7758 9268,original
img_297.png,Joy Thompson,13/09/2007,Female,2021 8759 1121,original
img_2825.png,Zachary Aguilar,07/10/1977,Male,8760 8814 6531,tampered
img_1847.png,Lisa Frazier,08/10/1972,Female,8620 2354 2407,original
img_1128.png,Nancy Davis,02/01/2000,Female,7934 9248 2542,original
img_571.png,Gregory Blackburn,01/04/1988,Male,6005 4927 4105,tampered
img_391.png,Suzanne Todd,24/07/1971,Female,4980 2002 7151,tampered
img_1036.png,Tyler Jacobs,25/01/1968,Female,6254 5112 8736,original
img_1710.png,Autumn Harvey,25/05/1966,Female,6830 7478 3486,original
img_69.png,Stephanie Simmons,21/08/1992,Male,6435 8649 4270,tampered
img_1200.png,Christian Bright,15/09/1992,Male,5780 2850 5619,tampered
img_603.png,Andrew Baker,02/09/1986,Female,9947 8174 4307,original
img_1990.png,Melissa Grimes,27/10/1978,Male,8064 4670 9239,tampered
img_1639.png,Jerome Soto,11/10/1966,Female,5410 4675 1106,tampered
img_1468.png,James Smith,19/11/1995,Female,9497 7011 8355,original
img_2060.png,Elizabeth Lopez,01/02/1973,Female,9711 3283 7419,tampered
img_466.png,Alicia Garcia,22/02/1981,Male,4051 2806 1606,tampered
img_1334.png,Frederick Bennett,23/07/2000,Female,6382 9091 5909,original
img_2194.png,Adam Frey,25/03/1974,Male,3305 4139 1502,original
img_222.png,Sabrina Palmer,04/03/1989,Male,4358 3572 3087,original
img_1822.png,Donald Costa,07/02/1998,Female,6349 3327 2264,original
img_673.png,Kelly Moore,23/09/1980,Male,3857 7870 3799,original
img_2431.png,Tammie Turner,16/12/1992,Female,7917 4407 5611,tampered
img_2181.png,Angela Smith,09/11/1995,Female,5226 2203 1236,original
img_1295.png,Marissa Robinson,15/05/1973,Male,9545 6053 4604,tampered
img_2858.png,Alexis Martin,27/07/1965,Male,4216 7238 8451,tampered
img_1162.png,Todd Johnson,10/09/1965,Female,3992 6215 8893,tampered
img_644.png,Michelle Woodard,21/04/2000,Female,6910 2192 5897,original
img_1720.png,Robert Reynolds,20/09/1979,Male,4611 3843 9735,tampered
img_2483.png,Manuel Gardner,01/11/2002,Female,9166 5525 3122,original
img_906.png,Denise Martinez,11/05/1997,Male,7217 4857 2609,original
img_2271.png,Joseph Chan,27/10/1998,Female,3215 9737 5575,original
img_1421.png,Mrs. Ashley Maldonado,20/01/2000,Female,6022 3770 8928,original
img_1208.png,Mary Wood,14/01/2004,Male,7298 1158 3340,original
img_827.png,Wyatt Jones,15/01/1974,Female,5042 4701 9345,tampered
img_294.png,Jennifer Boyer,09/05/1969,Female,7411 4885 9210,tampered
img_2850.png,Nicholas Collins,04/03/1973,Male,5455 4448 7153,original
img_2990.png,Charlene Wilson,07/12/1993,Female,3673 1133 8414,original
img_322.png,David Middleton,22/05/1994,Male,8195 9873 6594,original
img_821.png,Sherry May,13/11/1973,Female,1280 3880 6292,original
img_2529.png,Susan Aguirre,07/12/1983,Male,2062 4808 8167,original
img_2629.png,David Beck,02/08/2000,Female,2947 4836 4603,original
img_2601.png,Veronica Rubio,29/09/2004,Male,6451 8031 8036,tampered
img_143.png,Richard Harris,22/07/1972,Male,5752 1958 7399,tampered
img_2962.png,Donald Mccarthy,15/03/1975,Female,9842 8701 3313,tampered
img_1398.png,Tricia Smith MD,10/07/2001,Male,3068 4402 6820,original
img_99.png,Roberta Simmons,08/03/1981,Female,7414 9221 3514,tampered
img_2834.png,Alyssa Williams,18/03/1966,Female,4819 6685 3520,tampered
img_2753.png,Jason Brown,05/10/1999,Male,1669 5411 1209,original
img_1444.png,Holly Adams,05/06/1991,Male,9612 1183 3400,tampered
img_2349.png,Corey Patton,11/10/1974,Female,8972 3160 9787,tampered
img_2173.png,Richard Dixon,07/08/1989,Female,7764 2894 6884,original
img_1755.png,Rhonda Martin,09/10/1993,Male,8097 7404 7153,original
img_2452.png,Victor Green,06/04/2005,Female,8751 6614 4873,original
img_599.png,Linda Mcmahon,07/09/1977,Male,9151 4580 8424,tampered
img_805.png,John Morales,21/08/1971,Male,1859 2009 6196,original
img_791.png,Anthony Lawrence,13/01/2008,Male,8764 5297 4917,tampered
img_249.png,Tiffany Mendoza,30/05/1995,Female,7322 1443 6387,tampered
img_1552.png,Bill Clayton,13/12/1991,Female,7159 4966 7907,tampered
img_1717.png,Donald Todd,21/03/1965,Female,1795 1238 7831,tampered
img_530.png,Caitlin Gonzalez,06/02/1985,Female,6074 6801 3018,tampered
img_2531.png,Brandi Lawson,26/01/1970,Female,4839 2638 9813,original
img_1179.png,Courtney Chandler,27/10/1992,Male,3750 9596 6470,original
img_1161.png,Megan Garrett,29/10/1974,Male,7810 8055 9855,original
img_1943.png,Katie Turner,29/11/1998,Female,2503 2195 2981,original
img_2193.png,Robert Robbins,02/10/2007,Male,7717 3073 7075,tampered
img_1389.png,Brandon Keith,13/03/1974,Female,4366 5580 8136,tampered
img_1462.png,Alexander Pearson,18/08/1972,Male,3587 9966 8318,original
img_1424.png,Zachary Hamilton,29/09/1992,Male,9312 4542 2986,original
img_1920.png,Debra Perez DVM,14/06/1999,Male,7409 1380 2307,tampered
img_695.png,Julie Kelly,05/09/2006,Male,9223 7754 2848,original
img_166.png,Lori Li,17/09/1986,Female,6480 4663 1591,original
img_1014.png,Austin Williams,22/07/1972,Male,4534 7636 2300,tampered
img_1651.png,Cynthia Walters,27/11/1990,Female,1071 3172 1239,tampered
img_1410.png,Luke Zuniga,06/01/1998,Female,9907 2756 4366,original
img_746.png,Jason Richardson,28/06/1990,Female,1723 9104 9627,tampered
img_848.png,Deborah Robinson,24/11/1986,Female,3886 5302 3482,tampered
img_2843.png,David King,29/09/2004,Male,8328 2176 5455,original
img_2958.png,Abigail Richardson,03/06/1980,Male,3556 9334 2113,tampered
img_2971.png,Sheryl Williams,02/12/1988,Female,7784 1846 1725,tampered
img_2523.png,Laura Cooper PhD,03/04/1989,Male,2557 3414 7133,original
img_1849.png,Nicole Tucker,25/02/2005,Male,9900 5431 8909,tampered
img_149.png,Lonnie Foster,22/02/2000,Female,2691 1357 1177,tampered
img_2679.png,Nicole Garrison,10/08/1989,Male,9868 4952 7619,original
img_889.png,Michael Reed,16/11/1994,Male,3293 4858 2876,original
img_1453.png,Eric Murphy,10/07/2006,Female,1577 6740 6284,original
img_62.png,Jonathan Estes,21/12/1991,Female,9274 8871 5231,tampered
img_2142.png,Nancy Stark,03/09/1983,Male,8652 3208 4943,tampered
img_37.png,Teresa Collins,03/06/1975,Female,4275 7111 6943,original
img_2328.png,Michael Dyer,27/06/1973,Female,3449 3976 9152,tampered
img_1357.png,Jeffrey Davis,19/12/1994,Female,5369 8026 5162,tampered
img_2823.png,Randall Reyes,14/11/1974,Female,8090 5382 1589,original
img_1260.png,Stephanie Castillo,10/11/1974,Female,9948 6497 9055,tampered
img_1042.png,Gary Williams,21/10/2001,Female,7722 1513 3741,original
img_1026.png,Paul Cooley,21/12/1995,Female,5817 8719 2465,original
img_1053.png,Alejandra Ewing,11/05/1985,Male,9470 7563 4912,original
img_142.png,Derek Hardin,20/09/1966,Female,4592 8588 9583,original
img_2292.png,Gabriel Murphy Jr.,09/05/1992,Female,8853 5058 3430,original
img_2296.png,Glenda Clark,14/01/1998,Female,4424 6198 9375,tampered
img_2540.png,Benjamin Petersen,19/08/1988,Female,5910 9957 8254,tampered
img_2115.png,Valerie Gordon,13/01/1979,Male,3113 2763 4908,original
img_2006.png,Brady Franco,31/10/1968,Male,7394 1700 8707,tampered
img_2935.png,Tina Davis,19/02/1990,Female,7571 8485 6755,tampered
img_1883.png,Rodney Smith,03/11/1965,Female,5759 6341 4850,tampered
img_2538.png,Joanna Jones,08/03/2001,Male,9263 7863 2940,original
img_2863.png,Jeffrey Lee,07/09/1972,Male,9478 5740 8312,tampered
img_453.png,Emily Rice,10/01/1992,Male,3372 2701 5752,tampered
img_190.png,Laura Lee,29/01/1975,Female,7682 7793 4078,tampered
img_1450.png,Johnny Thomas,13/12/2005,Female,9434 2903 2346,original
img_102.png,Amanda Jenkins,18/06/2007,Female,7369 1709 8449,tampered
img_1837.png,Donald Summers,27/08/2003,Female,6571 2228 8358,tampered
img_361.png,Wendy Patterson,20/10/1983,Male,4968 8167 7114,original
img_1360.png,Taylor Johnson,25/03/1987,Male,5924 4097 4871,tampered
img_694.png,Lindsay Schneider,02/10/1988,Male,4774 5764 6586,original
img_2423.png,Kristin Chung,21/03/1989,Female,7169 5080 9919,original
img_204.png,Yesenia Hernandez,09/12/2007,Female,7461 7829 8587,tampered
img_318.png,Mr. Jesse Miller,07/07/1967,Male,7713 1413 6933,original
img_570.png,Garrett Sanchez,31/12/1981,Female,5244 1318 6149,original
img_287.png,Vicki Hamilton,30/06/2005,Female,7734 9306 1523,original
img_2232.png,Sarah Lambert,10/10/1985,Female,4587 3836 2507,original
img_99.png,Roberta Simmons,08/03/1981,Female,7414 9221 3514,original
img_1438.png,Brent Brooks,29/05/1977,Male,8053 6365 5620,tampered
img_2657.png,Mr. Caleb Walters,13/07/1973,Female,3033 4413 5823,original
img_1471.png,Cody Lopez,22/04/1990,Female,9950 4337 8775,original
img_2891.png,Jared Rodriguez,07/11/1966,Male,1621 8412 2229,tampered
img_1462.png,Alexander Pearson,18/08/1972,Male,3587 9966 8318,tampered
img_2893.png,Christina Moore,11/11/2005,Female,7283 5110 1152,original
img_1897.png,Tammy Kerr,01/11/1999,Male,3579 1360 5075,original
img_1878.png,Crystal Sharp,09/05/2007,Male,6661 2880 4772,tampered
img_2967.png,Craig Haas,19/09/1975,Female,4965 6666 1651,original
img_2281.png,Stephanie Hahn,03/02/1980,Female,2264 3380 4746,tampered
img_2653.png,Robert Deleon,17/12/1987,Male,7870 9028 9183,tampered
img_1642.png,Catherine Rush,02/08/1974,Male,1405 6210 8457,original
img_1042.png,Gary Williams,21/10/2001,Female,7722 1513 3741,tampered
img_1992.png,Debra Schwartz,19/09/1971,Female,5146 8797 6985,tampered
img_1271.png,Troy Anderson,26/03/1977,Female,2390 4723 3995,original
img_539.png,Glenn Graves,15/02/1975,Male,4820 8922 8854,original
img_2043.png,Ian Allen,11/05/1993,Female,6399 9619 9180,original
img_1978.png,Debra Noble,09/06/1983,Female,4694 9603 1178,tampered
img_2257.png,Kim Thomas,23/08/1988,Female,1384 6826 5442,tampered
img_2885.png,Amber White,28/12/1969,Female,2648 1092 2676,tampered
img_1989.png,Kathleen Cooke,21/12/2004,Male,3136 7248 7295,original
img_1344.png,Kayla Parrish,16/07/1989,Male,4124 1101 9107,original
img_1623.png,Jonathan Baker,20/03/1996,Female,4287 2547 5745,original
img_2057.png,Erin Smith,12/08/1984,Male,1914 2479 8126,original
img_13.png,Roger Brown,30/01/1999,Female,3578 2813 5190,original
img_984.png,Kathleen Smith,08/05/1994,Male,5747 5236 7524,tampered
img_139.png,Carl Nichols,10/11/1975,Female,1638 8485 8171,tampered
img_278.png,Brenda Roman,21/08/2001,Male,3550 6081 8060,original
img_2995.png,Christopher Thomas,10/04/1974,Female,7674 3885 2936,tampered
img_2272.png,Emily Zimmerman,16/08/2002,Female,3481 4864 6257,original
img_1452.png,Allison Escobar,02/09/1993,Female,5068 4088 8782,original
img_1114.png,Lisa Jackson,04/08/1965,Female,8364 9742 3014,tampered
img_1714.png,Lori Lewis,04/07/1977,Male,5986 9575 8145,original
img_2961.png,Marvin Whitaker,25/06/1988,Male,7160 2988 3571,tampered
img_1815.png,Jason Kim,17/11/1994,Female,6920 9655 4230,tampered
img_1309.png,Cynthia Brock,30/11/2006,Female,4586 6048 8056,original
img_642.png,Tami Garcia,22/07/1967,Female,9370 3521 4735,original
img_1432.png,George Malone,02/05/1977,Male,7196 8925 9401,original
img_2211.png,Lindsay Bartlett DVM,12/11/1969,Male,6660 1292 9150,original
img_246.png,Amanda Jenkins,28/11/1987,Male,8476 1714 5413,tampered
img_937.png,David Campbell,12/01/1975,Female,6056 4268 7287,original
img_712.png,Stephanie Thompson MD,07/01/1993,Female,4307 4888 6551,original
img_2427.png,Tim Johnson,20/09/1990,Female,3355 8540 5434,tampered
img_713.png,Gary Wilson,15/07/1981,Male,9500 7469 6114,tampered
img_1924.png,Roger Kelly Jr.,19/05/1968,Female,5628 6864 1011,tampered
img_2987.png,Darrell Richardson,21/02/2002,Female,6831 4110 4316,original
img_476.png,Tiffany James,20/10/1994,Female,7119 2308 5705,original
img_20.png,Elizabeth Moore,24/10/1981,Male,4114 3090 9973,tampered
img_125.png,Jessica Jackson,28/10/1966,Female,2288 6099 3669,original
img_1683.png,Mr. Alejandro Carroll,22/04/2000,Male,2785 6082 8237,tampered
img_2261.png,Jeremy Perry,06/12/1991,Female,6093 3749 7967,original
img_2516.png,Samantha Bartlett,23/08/1993,Female,6980 8653 4951,original
img_1374.png,Eduardo Johnson,13/12/1976,Female,4957 5183 8513,tampered
img_1304.png,Jennifer Ramsey,21/04/1996,Female,2211 5898 7230,original
img_454.png,Danielle Anderson,11/12/1980,Female,2106 6349 8458,tampered
img_2448.png,Courtney Cruz,12/03/2000,Male,1028 3811 7906,tampered
img_1477.png,Brittney Ballard,18/02/1978,Male,8668 1507 8089,tampered
img_852.png,Michael Mendoza,25/07/1991,Female,2619 9035 6974,tampered
img_1002.png,Laurie Stone,12/04/1969,Female,7671 9780 1662,original
img_1093.png,Julie Valdez,04/09/1986,Female,8533 8149 7365,tampered
img_862.png,Bryan Watson,09/02/1975,Male,8991 8182 3695,original
img_2809.png,Anna Glenn,14/07/1981,Female,2148 4399 4503,tampered
img_2052.png,Lisa Rogers,11/05/1983,Male,4769 4816 4623,original
img_501.png,Michael Russell,23/10/1976,Female,1560 2832 8978,tampered
img_232.png,Deanna Hughes,02/10/2001,Male,5787 2456 9042,tampered
img_2590.png,James Valenzuela,08/08/1974,Male,8899 3490 9825,original
img_2691.png,Melinda Levy,14/09/1975,Female,6261 1339 5892,tampered
img_1099.png,Annette Hendricks,08/08/2000,Female,9855 4107 9666,original
img_1333.png,Sarah Rowe,02/04/1977,Female,5928 2821 3078,original
img_2594.png,Dr. Dominique Gibson,27/09/1966,Male,1305 1498 1993,tampered
img_1202.png,Heather Mata,19/12/1974,Female,2698 2679 1834,tampered
img_0.png,Jerome Johnson,22/10/1971,Female,2414 6927 4414,original
img_1342.png,Cynthia Gonzales,16/06/1993,Male,3306 5514 2161,tampered
img_472.png,Dalton Boyer,25/10/1984,Female,4582 3334 7447,original
img_1925.png,Brandi Lopez,11/12/1971,Male,6408 7510 4497,original
img_2362.png,Jose Stevens,25/11/2001,Female,6000 8675 1436,original
img_1112.png,Norman Coleman,24/10/2002,Male,3092 4171 3721,original
img_625.png,Stephen Garcia,14/02/1984,Female,7645 6167 6783,tampered
img_2739.png,Tina Bridges,04/07/1997,Male,6318 4430 9998,original
img_1214.png,Lauren Jones,09/04/1970,Female,6430 1298 7807,tampered
img_1814.png,Desiree Thompson,09/11/1966,Male,2897 6034 9299,original
img_1083.png,Ashley Murphy,26/08/1972,Male,4814 2254 5786,original
img_1654.png,Leslie Holt,04/04/1994,Female,7604 1457 9032,tampered
img_1229.png,Taylor Garrett,06/06/1989,Female,5843 5304 2091,tampered
img_101.png,Laura Thompson,14/09/2003,Male,5985 9240 3481,original
img_2238.png,Matthew Newman,15/11/1978,Male,7390 4970 4816,original
img_769.png,Amy Walker,25/05/1972,Male,4148 7814 4394,tampered
img_273.png,Jesus Rojas,23/05/1998,Male,9752 8718 5433,tampered
img_2315.png,Jennifer Graham,01/04/1986,Male,4823 3625 9060,original
img_1827.png,Anthony Cook,11/12/2001,Male,7426 3002 6724,tampered
img_2245.png,Greg Bates,22/09/1985,Male,4167 9841 8356,original
img_463.png,Mathew Benjamin,15/09/1993,Female,6789 8635 4602,tampered
img_2284.png,Stephanie Patrick,13/11/1969,Male,3084 4448 2069,original
img_67.png,Donald Evans,05/04/1986,Male,8456 3235 1850,original
img_2008.png,Jim Garcia,12/11/2002,Female,9020 4506 7451,tampered
img_1281.png,Ronnie Quinn,11/09/1995,Female,1359 2032 6325,tampered
img_1914.png,Ms. Jessica Stephenson,23/09/2006,Male,5542 2329 7538,original
img_1727.png,Amanda Harris,05/12/1999,Male,2968 1413 6663,original
img_1692.png,Ruth Frye,23/01/1999,Female,7350 4566 7324,original
img_2031.png,Natalie Holmes,21/07/2001,Female,7717 6870 8218,tampered
img_1109.png,James Moore,29/10/1974,Male,5819 2070 1013,tampered
img_1858.png,James Morales,10/11/1998,Male,4556 9614 1392,tampered
img_409.png,Elizabeth Mason,03/09/1976,Male,1069 4765 8576,tampered
img_2124.png,Tamara Villanueva,22/02/2007,Female,3414 8353 4569,original
img_2120.png,William Wade,24/10/1989,Female,3264 2695 7763,original
img_386.png,Richard Carter,29/03/2006,Male,7046 5433 7448,original
img_1949.png,Tammy Harrison,21/11/1983,Female,4157 9371 9027,tampered
img_1712.png,Jennifer Beck,03/02/2008,Male,9110 1802 1769,original
img_596.png,Amy Scott,07/05/1968,Female,9821 3649 1375,tampered
img_710.png,Cody Rhodes,07/10/1979,Male,5836 8347 6662,original
img_1742.png,Antonio Murphy,03/01/1983,Female,8126 9497 1637,original
img_2945.png,Samantha Bryan,26/02/2003,Female,9279 7466 8011,tampered
img_2563.png,Felicia Cherry,28/02/1998,Female,8390 4603 7457,original
img_1097.png,Nicole Hill,02/06/2004,Female,4959 7463 8536,tampered
img_570.png,Garrett Sanchez,31/12/1981,Female,5244 1318 6149,tampered
img_2204.png,Julia Thomas,19/08/1965,Male,3347 1632 7020,tampered
img_2321.png,Nicholas Thompson,18/12/2006,Male,9244 9153 9535,original
img_1210.png,Angela Hines,14/11/1999,Male,4974 7247 2212,tampered
img_588.png,Christopher Henderson,05/03/1978,Male,4362 7994 3337,tampered
img_15.png,Ashley Haley,18/06/1977,Female,2014 2199 8003,original
img_2583.png,Edwin Collins,24/03/1987,Male,4004 3595 5578,tampered
img_1115.png,Linda Stevens,10/08/1970,Male,1464 4245 8160,tampered
img_1433.png,Kurt Johnson,03/09/2003,Female,9585 1127 3624,original
img_901.png,Carla Hall,14/03/1988,Male,1840 6905 8673,tampered
img_148.png,Richard Davis,05/11/1991,Male,3485 9561 4218,tampered
img_277.png,Aaron Ramirez,26/05/1967,Male,9091 6103 8662,original
img_2064.png,Danny Jackson,01/03/2000,Male,8115 1131 3187,tampered
img_1732.png,Elizabeth Luna,19/04/1973,Female,9163 9483 5528,tampered
img_2501.png,Rachel Robinson,03/06/1975,Male,1977 8941 4728,original
img_1206.png,Brian King,17/04/1988,Male,9805 9544 2164,tampered
img_827.png,Wyatt Jones,15/01/1974,Female,5042 4701 9345,original
img_1728.png,Natalie Burgess,27/06/1974,Female,7531 6595 9208,tampered
img_1879.png,Juan Bell,11/05/1997,Male,5089 9476 5868,tampered
img_47.png,Matthew Noble,20/01/2005,Male,9244 7081 7104,original
img_613.png,James Woods,29/09/1996,Male,6739 2789 1276,original
img_1887.png,Michael Thompson,14/04/1983,Male,6301 2370 9285,tampered
img_1539.png,Samantha Sanchez,28/04/1988,Male,1442 6770 6776,original
img_214.png,Nicholas Barnes,09/07/1967,Female,7663 5371 4885,tampered
img_650.png,Zachary Russell,30/12/2002,Male,2784 8097 8557,original
img_2177.png,Heather Parker,17/04/1994,Female,5922 9770 5398,original
img_431.png,Seth Palmer,12/01/2002,Male,1592 4467 3400,original
img_572.png,Paul Thomas,28/03/2003,Male,6253 1988 8559,original
img_2541.png,Jerry Bird,05/07/2007,Female,4967 1917 7052,original
img_2647.png,Robert Johnson,08/02/1982,Female,7048 8071 1526,original
img_735.png,Anthony Pruitt,10/11/2005,Female,6661 1354 2868,original
img_404.png,Brenda Flores,05/03/1996,Male,8469 2446 2994,original
img_1749.png,Dennis Shah,06/05/1998,Female,9258 8135 4587,original
img_2858.png,Alexis Martin,27/07/1965,Male,4216 7238 8451,original
img_1520.png,Jordan Graham,29/11/1974,Male,4344 1920 6549,tampered
img_2756.png,Benjamin Patel,29/09/1990,Male,7177 7412 8628,original
img_1385.png,Fernando Watts,11/04/1966,Female,3982 6417 5131,tampered
img_772.png,Kevin Simmons DDS,16/11/1999,Male,5274 3634 4491,original
img_2680.png,Robert Torres,11/09/1977,Female,4857 9035 8975,tampered
img_1223.png,Austin Johnson,11/02/1993,Female,9975 1988 6443,original
img_2843.png,David King,29/09/2004,Male,8328 2176 5455,tampered
img_360.png,Christopher Parks,07/08/2007,Female,9162 8922 2547,tampered
img_2741.png,Timothy Singh,28/08/1965,Female,2969 8416 2927,tampered
img_2425.png,Jeremy Rodriguez,12/08/1992,Male,4246 9061 3034,original
img_1005.png,Andre Schmidt,06/09/1990,Female,6324 6395 3172,original
img_2119.png,David Case,30/01/1975,Male,1536 6856 6489,tampered
img_2705.png,Elizabeth Stewart,18/04/1990,Male,6795 3860 9342,original
img_1075.png,Christopher Richards,02/02/2008,Male,4773 8458 2930,original
img_39.png,Brenda Porter MD,15/05/1976,Female,1154 3040 8688,original
img_274.png,Mario Frye,02/02/1975,Female,2293 9214 6032,original
img_1425.png,Jerry Bowen,15/04/1993,Female,8258 8471 9725,original
img_1243.png,Eric Paul,23/04/1987,Female,9206 6945 5783,tampered
img_255.png,Mr. Stephen Moody,06/12/1996,Male,9282 1451 8758,original
img_323.png,Andres Fitzgerald,01/07/1997,Male,7808 8362 1897,tampered
img_751.png,Kevin Taylor,08/08/1981,Male,8443 8679 9925,tampered
img_2693.png,Tyler Carter,19/05/2003,Male,4314 1179 7009,tampered
img_1804.png,Jason Stone,16/12/1992,Female,9646 3156 7200,tampered
img_2813.png,Adam Smith,09/11/1975,Female,8486 9942 9963,original
img_1881.png,Jillian Ramirez,28/10/1982,Female,1092 5723 9911,tampered
img_485.png,Mark Hale,02/07/1966,Male,8408 5791 7350,original
img_812.png,Jessica Smith,13/11/1996,Male,7467 1484 2396,original
img_1922.png,Joanna Long,07/11/1990,Male,7876 7895 9881,tampered
img_2404.png,Matthew Randolph,23/12/1966,Male,3877 9603 1690,original
img_661.png,Andrea Coleman,22/07/1990,Female,9724 3927 1195,original
img_1883.png,Rodney Smith,03/11/1965,Female,5759 6341 4850,original
img_1558.png,Steve Green MD,17/06/1995,Male,7422 9795 9671,tampered
img_1119.png,Christine Richard,22/12/1965,Male,9557 7936 6070,tampered
img_257.png,Monica Lopez MD,09/03/1975,Female,4525 1820 5421,original
img_2742.png,Olivia Martinez,21/03/1985,Male,2525 8558 9744,tampered
img_512.png,Richard Fleming,08/06/1999,Female,8682 2196 7930,tampered
img_2319.png,Jesus Odonnell,27/10/1993,Female,8037 8077 9682,tampered
img_74.png,Toni Hunt,28/02/2001,Female,1283 8710 2222,original
img_1738.png,Chelsea Acevedo,07/06/1973,Male,7520 2499 3875,original
img_1089.png,Terry Brooks,05/10/1994,Male,2670 9240 5343,original
img_2310.png,Paul Delgado,23/11/1981,Male,5176 8883 8748,original
img_1019.png,Mark Haas,12/03/1980,Female,2796 5386 6937,original
img_2183.png,Ryan Chapman,14/06/2002,Male,8894 4195 3789,tampered
img_1294.png,Veronica Lee,17/04/1976,Male,2789 8312 7778,tampered
img_316.png,Matthew Hampton,30/07/2005,Female,6141 1162 5927,tampered
img_686.png,Kimberly Martin,20/06/1991,Male,4646 2328 1288,tampered
img_2792.png,David Jimenez,22/10/1981,Female,2547 5667 2054,original
img_945.png,Omar Fisher,01/01/2008,Female,6975 8410 1797,tampered
img_2090.png,Jamie Ramirez,27/11/2006,Male,7812 2739 7353,original
img_1611.png,Carlos Garcia,21/07/2002,Male,6314 6554 1650,original
img_2670.png,Shirley Heath,27/06/2003,Male,1837 2154 9922,tampered
img_2603.png,Deborah Walker,13/10/1996,Male,8150 8749 8931,tampered
img_1507.png,Brian Ho,18/07/2000,Female,7905 5579 8071,original
img_1653.png,Linda Kemp,22/07/1992,Female,2756 3119 6072,tampered
img_1377.png,Deborah White,16/03/1978,Female,2701 4418 6715,original
img_506.png,Robert Porter,06/06/1972,Male,2207 2063 1780,original
img_2063.png,Paul Crane,05/12/1995,Male,9832 5691 8192,tampered
img_1463.png,Nicholas Dunn,03/09/1996,Female,1179 1770 1425,original
img_121.png,Sabrina Medina,20/12/2001,Male,4845 5682 8916,tampered
img_1771.png,Jose Duncan,07/10/1970,Female,5699 9088 2432,original
img_2770.png,Molly Bryant,01/03/1998,Female,9524 8718 5092,tampered
img_2820.png,Christopher Wong,03/07/1985,Female,4831 6739 3340,original
img_1458.png,Ashley Carpenter,04/10/2000,Female,6319 2448 2826,original
img_1624.png,William Martin,17/11/1985,Male,8560 9899 3315,original
img_2822.png,Joshua Flynn,28/12/1987,Female,8181 7985 5238,tampered
img_2218.png,Ronald Byrd,12/07/1985,Male,4056 9596 5896,tampered
img_1715.png,Matthew Kennedy,11/04/2000,Male,4995 1235 2336,tampered
img_989.png,Christopher Hall,10/03/1966,Male,2804 4267 1145,original
img_898.png,Rebecca Clark,29/04/1982,Female,5528 9585 9934,original
img_102.png,Amanda Jenkins,18/06/2007,Female,7369 1709 8449,original
img_2322.png,Caitlin Perry,22/02/1994,Female,8456 2038 5704,tampered
img_1805.png,Jesse Smith,13/07/1999,Female,5290 4918 9196,original
img_2960.png,Lisa Baker,18/05/2000,Female,3714 8392 4782,tampered
img_689.png,Eric Smith,18/09/2000,Male,1333 5590 2568,original
img_437.png,Stephanie Long,13/07/1979,Female,6813 9382 3895,original
img_1396.png,James Walton,27/11/1971,Male,2796 3534 7723,original
img_2075.png,Terry Scott,07/03/1975,Female,1567 1923 5270,original
img_584.png,Elizabeth Stafford,07/02/1986,Female,4641 6274 4684,tampered
img_2712.png,Kenneth Gomez,15/06/1970,Female,5662 1190 1292,original
img_538.png,Eric Kelly,27/08/1986,Female,4673 2295 4147,tampered
img_2488.png,Michael Howe,30/01/2007,Male,6917 4701 5679,tampered
img_813.png,Wanda Lopez,07/09/1987,Male,2860 5057 1092,tampered
img_1718.png,Anthony Nunez,16/02/1995,Female,5917 7299 8586,original
img_2383.png,Paula Potter,23/05/1997,Female,6619 8107 3130,tampered
img_129.png,Todd Cabrera,07/12/1977,Male,8395 5846 9768,original
img_2438.png,Amy Donovan,23/10/1973,Male,5406 1877 3757,tampered
img_1725.png,Destiny Smith,13/03/1982,Female,8669 7852 4898,original
img_999.png,James Snyder,06/11/1984,Male,4534 1286 5339,original
img_913.png,Thomas Bradley,14/09/1987,Male,6681 2013 4294,original
img_2366.png,Tanya Maldonado,07/03/1973,Male,6567 9771 3406,original
img_2099.png,Tiffany Frost,14/10/1969,Male,4838 1497 3723,original
img_1957.png,Daniel Sullivan,22/09/2000,Male,9622 8873 5688,original
img_915.png,Anthony Wright,01/04/1971,Male,2344 2696 5145,tampered
img_559.png,Diana Jimenez,22/10/1996,Female,5110 3306 1520,tampered
img_1216.png,Ryan Serrano,11/12/2002,Male,3652 8360 4052,tampered
img_1915.png,Robin Young,17/05/1982,Female,8310 1076 4465,original
img_1667.png,Sarah Wood,21/04/1999,Female,3645 9001 5938,original
img_1554.png,Anne Gutierrez,10/03/1991,Male,1528 2404 3507,original
img_479.png,David Coleman,10/02/1969,Male,4043 7627 2345,original
img_1864.png,Rebecca Gibson,26/02/1973,Female,3899 2148 3003,original
img_2234.png,Michael Bryant,19/02/1980,Male,6884 9272 6450,original
img_2342.png,Sandra Lucero,15/11/1981,Female,4974 8979 5309,original
img_2412.png,Jesus Lewis,17/04/1968,Female,5070 5343 6917,tampered
img_374.png,Jon Brown,03/12/1997,Female,2005 7050 7763,original
img_2042.png,Brandon Mcdonald,20/01/1990,Male,7886 2998 2949,tampered
img_748.png,Nathan Hernandez,01/02/1997,Male,9187 9035 4777,original
img_274.png,Mario Frye,02/02/1975,Female,2293 9214 6032,tampered
img_452.png,Michael Martin,18/11/1976,Male,2644 2260 8515,tampered
img_98.png,Anthony Ramirez,11/09/1976,Male,8600 3422 7606,tampered
img_1826.png,Jeffrey Taylor,04/03/1986,Male,7737 4330 7215,original
img_2812.png,Brittany Nguyen,04/03/1977,Female,1314 5894 4686,original
img_2195.png,Jeffrey Alexander,18/11/2006,Female,6743 2834 7039,tampered
img_2055.png,Angela Hopkins,05/09/2004,Male,6124 9599 9238,tampered
img_2676.png,Julia Davies,12/05/1982,Female,8717 8848 7991,tampered
img_2977.png,Michael Davis,01/05/1991,Male,7275 6583 1858,tampered
img_160.png,Michael Jacobson,24/11/1985,Male,4171 4505 7238,tampered
img_1733.png,Kelly Cabrera,17/11/1965,Female,4984 7804 3000,tampered
img_2354.png,Peter White,20/07/2006,Male,5961 2496 9918,tampered
img_1805.png,Jesse Smith,13/07/1999,Female,5290 4918 9196,tampered
img_688.png,Barbara Gomez,09/05/2001,Male,5375 8946 1945,tampered
img_800.png,Joshua Alexander,02/01/1997,Male,9984 9090 6370,original
img_2308.png,Henry Hendricks,11/05/1972,Female,9590 5406 4687,original
img_447.png,Maria Villa,20/10/1987,Female,1510 9765 2847,tampered
img_1213.png,Logan James,14/04/1983,Female,6543 3278 8403,original
img_826.png,Rebecca Walker,14/06/2000,Male,8010 2258 3554,original
img_700.png,Vincent Barnes,05/11/2003,Male,4345 9227 1627,original
img_2433.png,Catherine Glenn,15/09/1965,Female,7052 4384 6132,tampered
img_1609.png,Abigail Clark,28/06/1966,Male,8322 4326 3149,original
img_671.png,Richard Brown,07/06/2000,Male,2011 3312 1452,tampered
img_2047.png,Adriana Haas,29/03/1967,Male,8147 3789 2041,tampered
img_684.png,Jessica Mcbride,04/07/1996,Female,5455 8503 3544,tampered
img_2393.png,Cynthia Martin,23/12/1988,Male,1063 8414 4482,tampered
img_2714.png,Gina Villegas,23/06/1969,Female,5686 1931 2486,original
img_2469.png,Todd Cox,02/01/1969,Female,7522 7506 3597,original
img_1604.png,Eric Smith,07/10/1973,Female,5230 5104 8490,original
img_696.png,Scott Newman,22/05/1986,Male,4946 1516 4432,original
img_180.png,Jordan Spencer,20/03/1992,Male,8306 7368 4596,tampered
img_159.png,Julie Wagner,22/07/1975,Female,9135 7992 8525,original
img_2969.png,Makayla Stafford,12/04/1984,Female,2224 3985 9036,tampered
img_463.png,Mathew Benjamin,15/09/1993,Female,6789 8635 4602,original
img_2209.png,Julie Davis,04/02/1989,Female,4155 9114 8793,tampered
img_688.png,Barbara Gomez,09/05/2001,Male,5375 8946 1945,original
img_2828.png,Michael Howard,03/01/2001,Female,9311 7659 1003,original
img_1171.png,Shannon Gonzalez,06/02/1972,Male,1342 1988 7058,original
img_1987.png,Sarah Wiley,10/08/1985,Male,7598 7666 2339,original
img_2562.png,David Benson,20/12/1967,Male,8498 5718 9111,tampered
img_1335.png,Todd Beltran,30/04/1987,Female,9589 9036 8965,tampered
img_1419.png,Mary Ross,17/07/1973,Male,4807 8202 1093,original
img_2397.png,Amy Proctor,19/07/1990,Female,2433 5620 7048,original
img_212.png,Brandon Brown,30/10/1971,Male,3944 4637 8318,original
img_2983.png,Theresa Hill,07/09/1967,Female,5030 5431 1540,tampered
img_1067.png,Maureen Walter,28/12/1976,Female,5012 9789 7383,original
img_1121.png,Kristopher Macias,27/10/1970,Female,3759 6754 9747,original
img_2748.png,David Logan,24/10/1996,Female,4862 3624 4763,tampered
img_1143.png,Gregg Gates,09/05/1979,Female,5146 3694 1160,original
img_1922.png,Joanna Long,07/11/1990,Male,7876 7895 9881,original
img_1652.png,Matthew Smith,26/09/1997,Female,8765 4811 3208,original
img_2303.png,Denise English,28/11/1988,Male,7262 9972 8481,original
img_1296.png,Jeffrey Estrada,08/06/1991,Male,8591 6051 6525,tampered
img_2868.png,Steven Olson,06/11/1997,Male,7426 9887 9593,original
img_195.png,Shelby Gentry,29/10/2004,Male,3185 2252 7047,tampered
img_2755.png,Frank Martinez,07/09/1999,Female,9984 3631 5603,tampered
img_1372.png,Robert Flynn,30/11/1986,Male,6701 6755 5233,original
img_686.png,Kimberly Martin,20/06/1991,Male,4646 2328 1288,original
img_1936.png,Derek Williams,14/11/1968,Female,1136 7779 7878,original
img_513.png,Jessica Wolf,29/06/1981,Male,5588 4664 1914,original
img_2408.png,Kenneth Berry,30/05/1977,Male,3290 1285 4812,tampered
img_2083.png,Mary Williams,08/02/1989,Female,6748 5528 1228,tampered
img_1106.png,Megan Medina,23/10/1996,Male,3201 6418 5893,original
img_865.png,Michael Rodriguez,23/05/1993,Female,9814 5182 6539,original
img_2159.png,Brandon James,28/10/1996,Female,7985 5571 3079,tampered
img_951.png,Cathy Roth,13/06/2004,Male,2696 8185 6622,original
img_2905.png,Robert Lee,14/10/1978,Female,2117 9292 9393,original
img_1211.png,Robert Wallace,05/12/1965,Female,6620 2220 9481,original
img_2154.png,Dr. Jay Edwards,28/01/1989,Female,6558 6418 3740,original
img_2563.png,Felicia Cherry,28/02/1998,Female,8390 4603 7457,tampered
img_77.png,Alexis Bush,02/10/1970,Male,2599 5662 5342,original
img_2765.png,Richard Garcia,20/02/1983,Female,6898 7275 7504,original
img_1044.png,Mark Leon,18/03/2007,Female,5782 9183 4737,tampered
img_344.png,Jessica Bailey,16/07/1970,Female,3841 7703 7052,original
img_924.png,Justin Kim,09/08/1981,Female,4003 2133 3620,original
img_638.png,Jasmin Powell,17/09/1984,Female,7541 3311 6490,original
img_355.png,Fred Warren,22/04/1973,Female,3423 1258 3239,tampered
img_286.png,John Richards,14/10/1970,Male,1455 6455 1257,original
img_2698.png,Sarah Carey,21/07/2003,Male,1877 5497 9235,tampered
img_2338.png,Julie Miller,07/03/1999,Female,4224 2596 3707,original
img_2446.png,Sherri Hunter,09/11/1969,Female,1749 4508 3433,tampered
img_1649.png,Robert Hawkins,03/04/1991,Female,7273 4040 6864,tampered
img_808.png,Christine Andrews,23/09/2002,Female,3181 6664 6637,tampered
img_437.png,Stephanie Long,13/07/1979,Female,6813 9382 3895,tampered
img_1558.png,Steve Green MD,17/06/1995,Male,7422 9795 9671,original
img_1612.png,Matthew Diaz,16/02/1971,Male,6770 6440 2225,original
img_495.png,Candace Davis,02/04/1985,Male,4062 1401 1602,original
img_1622.png,Scott Shaw,14/03/1976,Female,6242 1059 8990,original
img_646.png,Stacy Johnston,05/02/1983,Female,1712 9859 5395,tampered
img_1845.png,Roger Sweeney,19/10/1991,Male,5124 6200 6898,original
img_640.png,Tyler Miller,13/12/1995,Male,5352 9100 1256,tampered
img_377.png,Mary Young DVM,24/11/1990,Female,1364 6331 3356,original
img_2652.png,Michael Williamson,21/09/1992,Male,1316 2560 5588,original
img_2508.png,Laura Murray,25/07/1970,Female,2809 2663 1767,original
img_1329.png,Kelly White,21/08/1996,Male,3867 3591 8045,original
img_1645.png,Raymond Horn,09/12/1971,Female,2022 8327 5702,original
img_87.png,Andrea Andrews,03/03/1966,Female,7774 4856 9790,tampered
img_1517.png,Caleb Zuniga,21/02/1969,Female,2381 8087 6901,original
img_2815.png,Lori Mack,25/06/1993,Female,1530 8827 2179,tampered
img_244.png,Andrew Griffin,10/10/1975,Female,2331 7721 9077,original
img_579.png,Gregory Shelton,28/09/1987,Female,3927 9882 6700,original
img_2721.png,Allison Dodson,09/10/1988,Female,8522 3867 7583,tampered
img_471.png,Lisa Gutierrez,11/07/1967,Female,7773 5468 3132,tampered
img_2247.png,Andrea Ballard,08/05/2004,Female,5878 8743 8243,tampered
img_2687.png,Nicole Martinez,21/06/1977,Male,8156 8361 3504,tampered
img_329.png,Donna Rich,30/12/1994,Male,7696 5777 7037,original
img_111.png,Bryan Gonzalez,26/11/1967,Female,3600 9504 1583,tampered
img_1853.png,Arthur Wang,13/12/1998,Male,9706 4447 7808,tampered
img_2694.png,Gene Olson,09/07/1972,Male,1003 6497 4090,original
img_121.png,Sabrina Medina,20/12/2001,Male,4845 5682 8916,original
img_715.png,Mr. Bobby Garrett,26/08/2007,Female,1454 8758 4307,original
img_2413.png,Linda Ponce,10/11/2001,Female,4456 9886 5485,tampered
img_1547.png,Rita White,30/11/1972,Female,6959 9570 3692,original
img_1794.png,Daniel Bates,27/10/1989,Male,8153 8608 1663,tampered
img_2447.png,Randy Chambers,02/11/1992,Female,2162 3380 3929,tampered
img_1735.png,Brittany Johnson,23/03/1972,Female,2451 5315 6318,original
img_1278.png,Kimberly Smith,24/09/1979,Female,1749 2327 4318,original
img_2915.png,Samantha Garcia,12/03/1974,Female,9551 3739 6843,tampered
img_2293.png,Patricia Keller,05/08/1975,Female,5149 9736 9532,original
img_1362.png,Gerald Daniels,16/08/1991,Female,6478 4019 4775,tampered
img_2934.png,Matthew Banks,03/01/2001,Male,4412 5664 9920,tampered
img_1985.png,Katie Boyd,14/10/1992,Male,4698 9753 6354,original
img_103.png,Ashley Cisneros,05/03/2003,Female,1950 9072 7492,tampered
img_2376.png,Jordan Price,26/01/2004,Male,6558 8631 5244,original
img_681.png,Jorge Bradley,26/04/1979,Male,2104 6695 6122,tampered
img_1397.png,David Martin,29/06/1997,Male,5267 6493 9824,original
img_2716.png,Lisa Bartlett,31/08/1979,Female,8498 4937 6562,original
img_2749.png,Christopher Norton,05/04/1972,Female,7010 8352 4565,original
img_84.png,Charles Chavez,20/11/1974,Female,2432 4857 2662,original
img_2406.png,Craig Black,03/11/1991,Female,3194 6963 8856,tampered
img_2389.png,Michael Knapp,22/03/2002,Female,2631 1349 5506,tampered
img_515.png,Lisa Mason,20/12/1994,Male,9301 1375 4963,tampered
img_1331.png,Michelle Hunter,13/12/1979,Female,1541 4174 2241,tampered
img_542.png,Wendy Diaz,04/03/1974,Male,4870 8256 8390,tampered
img_2152.png,Pamela Woods,07/10/1965,Male,9814 8306 2943,tampered
img_1382.png,Duane Harding,25/06/1967,Male,5884 7297 9432,tampered
img_793.png,Alexander King,16/09/2006,Male,5957 4382 7884,original
img_1787.png,Barbara Wilson,11/09/2001,Female,5315 9675 8466,tampered
img_2110.png,William Galvan,26/05/1997,Male,1850 9957 3489,original
img_2499.png,Steven Wagner,25/09/1992,Male,9365 2365 1680,original
img_462.png,Brian Herrera,08/01/1997,Male,3050 4416 3621,original
img_163.png,Haley Wong,27/01/2008,Female,3098 1483 6186,tampered
img_1032.png,Robert Ali,26/06/1995,Male,2965 6578 8044,tampered
img_847.png,Eddie Blair,29/09/1986,Female,2101 1127 2409,tampered
img_2871.png,Sarah Clay,21/08/2004,Female,2933 4323 9727,tampered
img_2463.png,Dawn Ramirez,20/10/1976,Female,6825 6124 1223,original
img_1030.png,William Garza,05/05/1995,Female,4177 3156 6627,tampered
img_1145.png,Daniel Gray,16/12/1984,Male,1781 3663 9766,tampered
img_1833.png,Tara Macias,15/04/2006,Female,2400 1151 2276,original
img_1692.png,Ruth Frye,23/01/1999,Female,7350 4566 7324,tampered
img_2192.png,Eric Mcgee,27/03/1970,Female,3504 7810 3122,tampered
img_2515.png,Jennifer Wallace,21/11/2006,Female,9311 7252 5131,original
img_513.png,Jessica Wolf,29/06/1981,Male,5588 4664 1914,tampered
img_1426.png,Victoria Flores,18/05/2003,Male,9316 3475 1302,tampered
img_191.png,Austin Jones,03/04/2000,Male,6385 7052 9426,tampered
img_157.png,Lisa Hayden,03/01/1994,Male,1936 6569 8573,original
img_2508.png,Laura Murray,25/07/1970,Female,2809 2663 1767,tampered
img_1468.png,James Smith,19/11/1995,Female,9497 7011 8355,tampered
img_938.png,Sandra Allen,23/09/1979,Male,8666 3445 3768,original
img_734.png,Christopher Welch,26/01/1974,Male,8538 8161 3154,original
img_2298.png,Peter Myers,19/09/1999,Male,8799 7613 1622,original
img_643.png,Danielle Mason,27/05/1973,Male,7969 8383 7721,tampered
img_1174.png,Nicole Allen,04/08/1995,Female,4565 2068 1716,tampered
img_226.png,Stephen Barrett,02/10/1979,Male,4191 7180 1656,original
img_1244.png,Kristina Hall,18/07/2000,Male,1011 4005 5872,tampered
img_1242.png,Sean Cannon,13/10/1989,Male,1495 9675 9070,original
img_932.png,Anthony Jackson,15/06/1992,Male,5903 5700 3060,tampered
img_867.png,Taylor Rice,27/09/1980,Female,4157 2104 1831,tampered
img_1151.png,Robert Williams,08/10/1966,Female,3897 2661 9746,tampered
img_1614.png,Cameron White,19/01/1985,Male,5867 6953 4665,original
img_869.png,Michael Smith II,15/09/1982,Female,2976 7648 9786,original
img_1215.png,Natalie Barrett,13/11/1967,Male,9202 9289 9115,tampered
img_313.png,Ashley Davis,12/09/1976,Male,6432 9308 4006,original
img_1093.png,Julie Valdez,04/09/1986,Female,8533 8149 7365,original
img_2190.png,Scott Lopez,18/01/1968,Male,4907 1608 9960,tampered
img_1137.png,Marie Schmidt,10/09/1965,Male,7993 9112 8236,original
img_352.png,Jeffrey Bender,17/09/1969,Male,6226 2752 6840,original
img_293.png,Tracy Young,02/07/1993,Male,8578 6664 6146,tampered
img_885.png,Andrea Scott,18/09/1973,Female,1141 2974 8197,original
img_2635.png,Scott Johnston,12/08/2002,Female,8095 8187 8856,tampered
img_650.png,Zachary Russell,30/12/2002,Male,2784 8097 8557,tampered
img_2457.png,Kelly Davis,22/12/1989,Female,8598 5565 6915,tampered
img_2892.png,Robert Bush,24/09/1992,Female,9196 4783 2116,tampered
img_132.png,Janet Edwards,14/12/1992,Female,7398 9115 6933,original
img_2269.png,Joshua West,22/06/1984,Female,6237 3219 8553,original
img_1010.png,Dwayne Mills,07/02/1966,Male,5143 6591 3376,original
img_273.png,Jesus Rojas,23/05/1998,Male,9752 8718 5433,original
img_158.png,Megan Adams,09/04/1979,Female,6586 7006 2953,tampered
img_1669.png,Dylan Obrien,23/05/1965,Male,8263 4789 4103,original
img_1574.png,John Cobb,16/09/2005,Female,5524 1454 8007,original
img_2773.png,Jared Green,25/10/1997,Male,1649 1180 7131,tampered
img_486.png,Terry Kennedy,12/04/1986,Female,7224 4135 2985,original
img_1355.png,Sean Mayer,16/03/1971,Male,8684 4800 8679,original
img_2602.png,Eric Hodge,21/01/2002,Female,1971 8541 8408,tampered
img_1459.png,Lisa Jones,09/01/2006,Female,4641 9187 3255,original
img_2571.png,David Smith PhD,31/08/2004,Female,4191 5707 8904,tampered
img_432.png,Karen Harper,26/03/1980,Male,6581 1672 3956,original
img_256.png,Kimberly Rivas,28/11/1986,Female,9279 4838 4493,original
img_25.png,Pamela Armstrong,18/10/1977,Female,5601 3580 6579,tampered
img_2441.png,John Turner,22/07/1967,Male,9821 5880 1246,original
img_181.png,Anthony Mclean,08/09/2000,Male,8547 7957 9555,tampered
img_1640.png,Robert Maynard,14/02/1988,Male,9744 7127 7103,original
img_2382.png,Brandon Peterson,01/03/1976,Female,2049 2393 4042,tampered
img_407.png,Christopher Henson,24/12/1994,Male,4808 6111 1939,tampered
img_183.png,Christopher Garcia,08/08/1987,Female,2259 8770 1876,original
img_1086.png,Kristi Dalton,24/10/1967,Male,8454 5114 5273,original
img_2371.png,Leslie Gonzalez,01/06/2006,Female,3756 9774 2509,original
img_840.png,Benjamin Andrews,05/07/1986,Male,2518 8516 2341,original
img_148.png,Richard Davis,05/11/1991,Male,3485 9561 4218,original
img_2462.png,Megan Reeves,05/10/1985,Female,1435 8130 5063,original
img_1318.png,Allison King,11/09/1979,Female,5524 4177 5398,tampered
img_2012.png,Jeffrey Bell,30/12/1988,Male,3278 4527 9626,original
img_1183.png,Charles Cabrera,04/03/1968,Male,3362 1074 3495,tampered
img_2153.png,Veronica Navarro,17/11/1997,Female,4206 1583 7542,original
img_2941.png,Alicia Lopez,30/04/1984,Female,2478 2548 6881,original
img_1765.png,Andrew Boyd,11/12/1977,Male,3635 8182 6060,tampered
img_834.png,Harry Dunn,30/01/1991,Male,9689 7814 9536,original
img_2951.png,Jennifer Nicholson MD,15/07/1990,Female,4824 1429 1169,original
img_2906.png,Dennis Green,10/07/1986,Female,9195 5280 5801,original
img_669.png,Angelica Nielsen,08/08/1966,Female,4161 9805 1426,tampered
img_1644.png,Beverly Hull,18/09/1993,Male,8815 6857 3148,original
img_500.png,Henry Moss,14/03/1991,Female,1235 6755 4355,original
img_2155.png,Tammy Jones,28/07/1988,Female,6569 4483 2458,tampered
img_755.png,Dr. Jennifer Marquez DDS,12/07/2005,Female,1799 7505 1954,original
img_1967.png,Mary Parker,03/07/1967,Female,2506 4706 2108,original
img_1170.png,Emily Simon,30/10/2001,Female,2722 5434 6123,tampered
img_1915.png,Robin Young,17/05/1982,Female,8310 1076 4465,tampered
img_172.png,Angel Alexander,10/02/1985,Male,9901 9368 5132,tampered
img_543.png,Aaron Taylor,23/12/1999,Male,8407 7281 5890,tampered
img_2605.png,Holly Mayo,05/02/1982,Male,5633 3002 2841,original
img_1181.png,Jonathan Williams,19/05/1979,Female,6907 2603 8852,tampered
img_813.png,Wanda Lopez,07/09/1987,Male,2860 5057 1092,original
img_762.png,Joshua Cochran,21/07/1988,Female,7303 6844 2078,tampered
img_2622.png,Kevin Krueger,13/03/2001,Female,9584 6567 8920,original
img_2356.png,Lisa Sherman,16/04/1977,Female,9836 7466 7152,original
img_1267.png,April Sanchez,09/03/1994,Female,2439 7376 6101,tampered
img_1741.png,Ashley Burgess,15/07/1979,Female,3053 3271 7778,original
img_137.png,Bonnie Stone,19/05/1998,Male,4867 9479 1557,tampered
img_1154.png,Benjamin Davidson,06/06/1976,Female,9550 2968 1580,tampered
img_1282.png,Jennifer Landry,26/10/1989,Male,5738 9168 8860,tampered
img_179.png,Jose Richardson,23/07/1975,Male,8416 4999 8379,tampered
img_138.png,Michael Escobar,16/09/1972,Male,1730 7975 9601,original
img_610.png,Brittney Ritter,03/10/1966,Female,9452 5887 4026,original
img_616.png,Drew Savage,03/05/1984,Male,7162 6894 8898,tampered
img_2124.png,Tamara Villanueva,22/02/2007,Female,3414 8353 4569,tampered
img_1900.png,Brian King,25/01/1993,Female,2766 2557 3349,original
img_43.png,Christopher Whitney,05/05/1985,Female,3134 3106 3025,tampered
img_88.png,Bruce Myers,05/09/1971,Female,4790 3516 8498,original
img_291.png,Candice Greer,17/01/1998,Male,9078 1354 8659,tampered
img_196.png,Elizabeth Morton,30/06/1979,Male,8440 8011 3038,tampered
img_565.png,Karen Hull,05/08/1991,Female,9070 6336 1748,tampered
img_283.png,Juan Brown,02/08/1979,Male,9324 5717 4048,original
img_1156.png,Michael Wagner,13/05/2007,Male,5612 7990 5925,tampered
img_2414.png,Connie Collins,30/06/1983,Female,5985 6591 8123,tampered
img_2922.png,James Schneider,19/11/1976,Female,6454 2566 8176,tampered
img_2174.png,Jacob Hartman,26/11/1980,Male,3378 6063 6187,original
img_2206.png,Brooke Brown,09/04/1993,Female,8942 4488 1398,original
img_1231.png,Ann Beck,18/02/1971,Female,9456 1734 4089,tampered
img_2754.png,Mr. Jeffrey Maxwell,09/11/1980,Male,5149 3880 6939,tampered
img_1049.png,Jason Flores,26/08/1970,Female,9626 2907 2341,tampered
img_1667.png,Sarah Wood,21/04/1999,Female,3645 9001 5938,tampered
img_744.png,Dawn Wells,24/02/1996,Female,8478 4220 2497,tampered
img_1551.png,Michelle Barnes,07/09/1969,Male,1142 7344 1819,original
img_2197.png,Teresa Smith,25/12/1978,Male,1239 9879 1753,tampered
img_2881.png,Robert Brown,15/11/1986,Male,8780 4110 7142,tampered
img_1650.png,Hannah Stevens,28/11/1982,Male,4867 7256 8306,tampered
img_116.png,George Reese MD,30/06/1977,Male,1023 5860 6804,tampered
img_1658.png,Keith Wells,08/12/1968,Female,3458 8420 4747,tampered
img_1728.png,Natalie Burgess,27/06/1974,Female,7531 6595 9208,original
img_2279.png,Lisa Marsh,04/12/1986,Female,8482 3846 4593,original
img_1361.png,Joann Wolf,23/08/1976,Female,1552 2518 3258,original
img_1767.png,Kathryn Powers,06/02/1986,Male,4557 7851 8018,original
img_1604.png,Eric Smith,07/10/1973,Female,5230 5104 8490,tampered
img_834.png,Harry Dunn,30/01/1991,Male,9689 7814 9536,tampered
img_2906.png,Dennis Green,10/07/1986,Female,9195 5280 5801,tampered
img_1033.png,Terry Jensen,27/06/1988,Male,9350 1764 2390,original
img_2974.png,Carlos Jennings,15/12/1995,Female,5731 2987 7877,tampered
img_1283.png,Christopher Morris,01/08/1974,Female,6290 9862 8459,tampered
img_1981.png,Jody Williamson,25/12/1969,Male,5112 3860 2564,tampered
img_2831.png,Jesse Perez,29/07/2001,Female,8769 2072 8130,original
img_2520.png,Jonathan Reed,02/01/1976,Female,7274 4035 3145,tampered
img_1701.png,Tina Williams,05/11/1975,Female,3782 6759 3851,original
img_723.png,Kristin Salas,16/10/1966,Male,3496 5568 7845,original
img_2460.png,Stacey Barber,17/05/2000,Male,4680 3148 9929,tampered
img_296.png,Dr. Kristy Mccarty,19/04/1975,Male,6843 8982 3054,original
img_2251.png,Jennifer Smith DVM,19/12/1995,Male,2329 3031 2321,original
img_606.png,Danielle Reynolds,24/08/1989,Female,7543 4344 7585,tampered
img_2496.png,Michael Henderson,04/01/1984,Female,5836 2249 5167,tampered
img_1938.png,Jessica Lee,11/08/1996,Female,2318 5382 1197,tampered
img_1240.png,Elizabeth Mejia,23/08/1992,Female,7244 7057 2925,tampered
img_2627.png,Chelsea Smith,05/01/1983,Male,5340 6047 6554,tampered
img_2841.png,Sandra Mcdonald,29/03/2001,Female,8141 6692 3750,tampered
img_1690.png,Carmen Williams,29/07/2006,Female,9890 7832 9147,original
img_2793.png,James Torres,24/02/2001,Male,1878 9960 5912,original
img_883.png,Drew Fox,25/05/2007,Female,6597 9564 8651,tampered
img_1557.png,Caroline Carter,26/04/1993,Female,9862 6900 7123,original
img_1383.png,Crystal Francis,09/03/1967,Male,2362 8120 4174,original
img_1055.png,John Powell,01/03/1975,Male,3758 9211 7034,original
img_389.png,Justin Cooley,06/03/2000,Male,9313 8824 7199,tampered
img_1976.png,Mike Jackson,13/10/1997,Female,4389 6319 2952,original
img_2991.png,Alyssa Rodriguez,10/03/1969,Male,2999 1453 9829,original
img_147.png,Diana Gibbs,10/09/2007,Male,7834 1719 3852,original
img_1062.png,Angela Lewis,22/10/1974,Female,9447 5118 8020,tampered
img_714.png,Logan Forbes,12/11/1986,Male,4926 1057 8577,original
img_693.png,Eduardo Peterson,13/11/2003,Male,5675 6654 5841,original
img_1493.png,Laura Jones,14/11/1991,Male,8271 4268 5321,tampered
img_2477.png,Vanessa Page,15/09/1986,Male,8224 8058 9417,tampered
img_407.png,Christopher Henson,24/12/1994,Male,4808 6111 1939,original
img_1950.png,Tracey Clark,18/07/1993,Female,3116 7161 3541,original
img_1506.png,Melissa Davis,08/07/1973,Male,7588 8630 8027,tampered
img_2784.png,Dr. Toni West,16/08/1984,Male,3694 2928 4894,original
img_2818.png,Jeremiah Rangel,12/07/2005,Female,6675 8416 9508,original
img_133.png,Wendy Fisher,12/12/1987,Male,3940 3030 2072,tampered
img_1625.png,Curtis Hall,14/06/1967,Male,7008 4585 4174,tampered
img_130.png,William Franklin,09/05/2004,Male,2387 2165 3070,tampered
img_126.png,Ellen Williams,14/02/1967,Male,2297 4814 9695,tampered
img_1276.png,Jason Robinson,24/09/1999,Female,3474 2338 5277,original
img_575.png,Sarah Thomas,13/04/1999,Female,2297 3461 6161,original
img_1142.png,Sara Clayton,21/04/1974,Female,4174 8527 7711,tampered
img_336.png,Ryan Adams,14/01/1970,Female,7823 6228 8990,tampered
img_72.png,Mark Smith,14/02/1987,Female,6016 9235 2676,tampered
img_341.png,Kathryn Maxwell,29/12/1978,Female,1292 4017 3339,original
img_2220.png,Mark Cook,19/09/2006,Male,7281 5724 1991,original
img_1069.png,Judith Padilla,23/04/1999,Male,1622 9828 8384,tampered
img_246.png,Amanda Jenkins,28/11/1987,Male,8476 1714 5413,original
img_561.png,Julia Velazquez,05/08/1989,Female,9333 4244 3703,original
img_2436.png,Craig Reed,04/11/1971,Male,5924 7015 1203,tampered
img_1875.png,George Young,25/03/1974,Female,3368 8251 7840,original
img_2525.png,David Powell,24/03/1987,Male,4896 4243 5472,original
img_1830.png,Jonathan Rios,06/12/1970,Male,8967 5585 3095,original
img_1938.png,Jessica Lee,11/08/1996,Female,2318 5382 1197,original
img_325.png,Jody Diaz,19/02/1982,Male,7405 7535 8734,tampered
img_2853.png,Erica Adams,04/08/1990,Female,8349 4324 1829,tampered
img_371.png,David Nguyen,02/10/1994,Female,1354 2668 5490,original
img_2878.png,Joshua Burns,21/09/1992,Male,5274 2275 1335,tampered
img_1037.png,Justin Flores,09/11/1977,Male,8862 9249 7883,original
img_1270.png,Sandra Ruiz,09/07/2002,Male,4089 9868 2827,tampered
img_914.png,Gregory Jones,17/01/1986,Female,6162 7747 5646,original
img_676.png,Valerie Ward,28/10/1973,Female,9118 1313 3075,tampered
img_1616.png,Jonathan Murray,23/08/1976,Male,9319 9221 7289,original
img_1365.png,Melvin Howell,12/07/1965,Male,2617 4940 1138,tampered
img_351.png,Cindy Rose,07/02/1995,Female,2602 9434 5466,tampered
img_1730.png,Mr. Jeffrey Monroe,26/11/1968,Male,6694 2002 5856,tampered
img_2299.png,Jill Blake,14/04/2004,Female,3551 1293 2057,tampered
img_1508.png,Adam Davis,02/12/1997,Female,3311 9186 1267,original
img_739.png,Matthew Young,12/11/1985,Female,7654 9937 3067,tampered
img_1725.png,Destiny Smith,13/03/1982,Female,8669 7852 4898,tampered
img_1586.png,Marvin Curtis,25/04/1971,Male,6461 7377 9972,tampered
img_2887.png,Alexis Friedman,11/03/1986,Male,8739 2728 5056,tampered
img_823.png,Brittney Parker,15/09/1996,Male,3639 3417 5442,tampered
img_1232.png,Gary Tucker,12/06/1976,Male,2173 9409 2393,original
img_1414.png,Mary Adams,07/08/1983,Male,4070 7110 1602,original
img_2316.png,Michael Moon,28/04/1992,Female,8214 9029 3083,tampered
img_2225.png,Sandra Wilkerson,16/02/1966,Male,7357 1777 2045,tampered
img_1957.png,Daniel Sullivan,22/09/2000,Male,9622 8873 5688,tampered
img_2370.png,Danielle Marquez,06/11/1967,Female,1940 4335 5804,tampered
img_179.png,Jose Richardson,23/07/1975,Male,8416 4999 8379,original
img_2436.png,Craig Reed,04/11/1971,Male,5924 7015 1203,original
img_1145.png,Daniel Gray,16/12/1984,Male,1781 3663 9766,original
img_1817.png,Mark Cooper,09/09/1992,Male,7881 2817 3330,tampered
img_2907.png,Jimmy Brooks,07/11/1988,Male,9909 3977 4841,original
img_911.png,Joshua Barnes,01/06/1989,Female,9917 5015 2726,tampered
img_2737.png,Ana Mcguire,18/11/2005,Male,1858 2396 1746,tampered
img_2371.png,Leslie Gonzalez,01/06/2006,Female,3756 9774 2509,tampered
img_2216.png,Justin Small,27/09/1996,Female,4827 8233 4858,tampered
img_1926.png,Joshua Roach,31/08/1989,Male,1009 1708 5601,original
img_1540.png,Nathaniel Jackson,05/08/1974,Male,4383 2355 1885,tampered
img_1669.png,Dylan Obrien,23/05/1965,Male,8263 4789 4103,tampered
img_2421.png,Margaret Orozco,23/08/2005,Male,6484 1530 8347,tampered
img_408.png,Katherine Brewer PhD,20/03/1996,Female,8799 6176 2631,tampered
img_2469.png,Todd Cox,02/01/1969,Female,7522 7506 3597,tampered
img_690.png,Tyler Mcmillan,23/11/1968,Female,5851 9743 2996,original
img_1051.png,Sarah Hall,19/07/1967,Female,8188 5178 8567,tampered
img_2535.png,Kristin Hart MD,26/06/1997,Male,5464 8431 6324,original
img_545.png,David Gray,06/01/1977,Female,9300 8820 9017,tampered
img_2405.png,Olivia Gardner,24/06/1999,Female,9017 1564 5903,original
img_2459.png,Alyssa Thomas,13/12/1995,Female,2150 2225 1912,original
img_1724.png,Ricardo Palmer,14/06/1971,Female,2995 1609 6526,original
img_2055.png,Angela Hopkins,05/09/2004,Male,6124 9599 9238,original
img_5.png,Michael Cruz,05/12/2003,Male,3246 9871 3881,original
img_840.png,Benjamin Andrews,05/07/1986,Male,2518 8516 2341,tampered
img_2061.png,Linda Roberts,09/08/2002,Male,3544 2546 8343,tampered
img_1739.png,Hannah Dougherty,13/05/1997,Female,3788 4210 3238,original
img_2729.png,Brandi Alvarez,26/05/2001,Female,4308 1670 7481,tampered
img_958.png,Christopher Dyer,25/01/2008,Male,4131 1699 1587,original
img_1718.png,Anthony Nunez,16/02/1995,Female,5917 7299 8586,tampered
img_250.png,Victoria Johnston,12/05/1984,Female,7597 8998 1178,original
img_1502.png,Jack Sanchez,08/04/1988,Female,9515 9969 7798,original
img_1097.png,Nicole Hill,02/06/2004,Female,4959 7463 8536,original
img_1046.png,Kathleen Sanchez,25/04/2001,Female,5232 5905 2907,original
img_462.png,Brian Herrera,08/01/1997,Male,3050 4416 3621,tampered
img_803.png,Angela Ruiz,01/07/2007,Male,9845 7731 9675,tampered
img_1110.png,Nicole Cortez,18/04/1987,Male,8725 6116 8561,original
img_1004.png,Carlos Collier,26/03/1970,Female,2546 8084 6348,original
img_339.png,Alyssa Woods,28/07/1976,Male,6731 1401 4581,original
img_2929.png,Dr. Scott Mckenzie Jr.,22/01/1993,Female,4074 6420 9775,original
img_2425.png,Jeremy Rodriguez,12/08/1992,Male,4246 9061 3034,tampered
img_1453.png,Eric Murphy,10/07/2006,Female,1577 6740 6284,tampered
img_1108.png,Zachary Buck,23/03/1982,Male,8729 7203 6948,original
img_604.png,Isabel Johnson,13/10/1968,Female,2752 7204 4938,original
img_2684.png,Patricia Hayden,30/03/1999,Male,3153 1164 9192,tampered
img_1175.png,Cole Robinson,21/02/2001,Male,9443 9220 9761,original
img_1911.png,Angela Watson,30/04/2003,Female,5245 7312 1518,original
img_79.png,Amanda Humphrey,08/06/1993,Male,8200 1591 5953,tampered
img_2850.png,Nicholas Collins,04/03/1973,Male,5455 4448 7153,tampered
img_139.png,Carl Nichols,10/11/1975,Female,1638 8485 8171,original
img_707.png,Caitlin Odonnell,24/04/1986,Female,5845 7770 5073,original
img_728.png,Betty Whitehead,04/09/1978,Female,4981 8030 2975,tampered
img_1811.png,Cynthia Patel,10/08/1990,Female,5352 5722 8474,original
img_2038.png,Mary Harris,31/07/1966,Female,2326 9503 8905,tampered
img_940.png,Mrs. Christina Grimes,01/10/1981,Female,4615 4524 3570,tampered
img_536.png,Debra Hayes,19/11/1984,Male,2296 7382 1458,tampered
img_2618.png,Michelle Turner,24/10/1965,Male,3844 8990 5262,tampered
img_1747.png,Rachel Mclean,16/10/1999,Male,1905 5167 5533,original
img_811.png,Christopher Parker,15/02/1968,Female,5957 8709 5577,original
img_1195.png,Helen Young,20/02/1977,Male,7819 8634 5060,original
img_1546.png,Renee Snyder,19/08/1965,Male,9888 8555 8020,tampered
img_2407.png,Tony Miller,19/05/1970,Male,1530 2031 9076,tampered
img_887.png,Steve Freeman,04/07/2007,Male,1492 8960 7133,original
img_832.png,Brianna Terry,18/08/1970,Female,2852 9584 9841,original
img_2706.png,Carlos Sawyer,30/12/1998,Female,7611 6516 4919,original
img_2050.png,Emily Myers,14/10/1978,Male,1427 8847 7431,tampered
img_2207.png,Barbara Campbell,01/03/1993,Female,2160 2985 8098,tampered
img_203.png,Melanie Reed,15/02/1978,Female,3196 5272 5765,tampered
img_1279.png,Bailey Castro,21/07/1975,Male,6218 2748 5140,original
img_249.png,Tiffany Mendoza,30/05/1995,Female,7322 1443 6387,original
img_2045.png,David Shaffer,11/12/1965,Female,1874 8529 8348,tampered
img_1519.png,Daniel Page,20/05/1974,Female,2057 5605 5881,tampered
img_620.png,Kathryn Mata,15/11/1980,Female,1521 2021 9821,original
img_2626.png,Cindy Williams,19/12/2003,Male,6960 9948 4204,tampered
img_415.png,Robin Atkinson,20/05/1982,Female,7778 2433 1693,tampered
img_2066.png,Brittney Flores,07/05/1977,Female,6582 5952 8421,original
img_705.png,Alex Rivera,02/10/2006,Female,2666 7832 3038,tampered
img_2173.png,Richard Dixon,07/08/1989,Female,7764 2894 6884,tampered
img_833.png,Jennifer Ross,12/04/1985,Male,9356 5046 1721,tampered
img_2264.png,Eric Jones,30/11/1983,Male,9576 6133 3820,tampered
img_324.png,John Byrd,22/12/1970,Male,6504 4083 5421,original
img_2304.png,Anthony Jones,03/04/1988,Male,7647 8856 2113,tampered
img_1334.png,Frederick Bennett,23/07/2000,Female,6382 9091 5909,tampered
img_2985.png,Charles Howard,31/10/1984,Male,3437 1444 2412,original
img_2785.png,John Brown,05/02/2001,Male,9832 9140 4865,tampered
img_1422.png,Lynn Hull,30/07/1984,Male,4472 1085 6608,tampered
img_2097.png,Don Gonzalez,24/04/1987,Female,9033 9480 6527,original
img_2410.png,Kimberly Kelly,26/09/1970,Male,7413 9735 7854,original
img_1220.png,Claudia Hodges,10/08/1978,Male,1867 1146 8297,original
img_2707.png,Joy Rich,08/05/1977,Male,1103 4864 6102,tampered
img_1778.png,Jamie Hutchinson,08/12/1978,Male,3564 1835 7734,tampered
img_2920.png,Mr. Joshua Thomas,13/09/1986,Female,7723 1699 6529,tampered
img_747.png,Anna Moore,01/06/1987,Male,4796 7529 2559,tampered
img_2333.png,Tammy Padilla,31/10/1981,Male,2897 2938 9141,original
img_1973.png,Alison Mullen,10/07/1975,Male,3182 1842 8304,original
img_123.png,Claire Jackson,02/11/2007,Female,5259 7538 2148,original
img_2923.png,Lauren Jefferson,10/04/1986,Male,9306 6920 6235,tampered
img_1873.png,Joseph Young,15/06/1971,Male,5542 3009 4522,original
img_2526.png,Julie Mcclain,03/09/2004,Female,1965 9620 8578,tampered
img_1834.png,Laura Kelly,11/06/2004,Female,4089 2642 4172,tampered
img_245.png,David Garcia,19/06/1995,Male,4731 6833 5354,tampered
img_1317.png,Jennifer Fitzgerald,24/02/1997,Male,9136 3923 1085,tampered
img_1406.png,Christine Smith,03/12/2003,Male,5467 8034 1425,tampered
img_2821.png,Ronald Graham,03/08/1997,Female,6846 9016 9345,original
img_1375.png,Joshua Rodgers,31/03/1985,Male,6751 1016 6392,original
img_2108.png,Holly Smith,07/10/1994,Male,7740 8282 9786,original
img_1029.png,Jason Ford,23/11/1996,Female,1671 4569 6227,original
img_211.png,Jared Graham,07/10/1990,Male,6904 2507 5394,tampered
img_709.png,Vanessa Watson,11/09/2005,Male,2762 5269 1231,tampered
img_1353.png,John Carter,01/05/1981,Male,9059 9184 5516,original
img_2645.png,Cindy Hamilton,14/04/1980,Male,2834 7627 9970,original
img_619.png,Angel Bradshaw,03/11/1989,Female,5973 6578 3802,original
img_1921.png,Jennifer Cook,06/02/1976,Male,7881 4418 3213,original
img_972.png,Jamie Alexander,13/10/2006,Female,3758 3784 7727,tampered
img_1375.png,Joshua Rodgers,31/03/1985,Male,6751 1016 6392,tampered
img_968.png,Ryan Mcbride,12/06/1993,Male,9523 8714 1166,original
img_1907.png,Cody Robertson,14/09/1988,Male,7210 1748 5925,original
img_1637.png,Gabriella Ramirez,23/02/1984,Female,7504 1198 7093,original
img_1995.png,Mr. John Williamson DDS,02/03/1971,Male,7264 1465 3263,original
img_108.png,Manuel Miller,15/11/1977,Male,9243 6996 8575,tampered
img_111.png,Bryan Gonzalez,26/11/1967,Female,3600 9504 1583,original
img_1197.png,Michael Yoder,03/10/2004,Male,6160 5509 3870,tampered
img_2236.png,Kenneth Olson MD,29/07/1971,Female,2355 4803 5855,original
img_2738.png,Nicholas Mendoza,04/06/1995,Male,9804 7748 3799,tampered
img_2583.png,Edwin Collins,24/03/1987,Male,4004 3595 5578,original
img_1272.png,Ryan Lloyd,04/10/1967,Female,2236 6913 4077,original
img_2091.png,Courtney Mccoy,28/02/1988,Male,5206 2993 9592,original
img_949.png,Tammy Lee,12/09/2007,Male,1950 2919 4199,original
img_1780.png,Jorge Ramirez,19/11/1989,Male,6613 6777 1934,tampered
img_2519.png,James Miller,01/07/1970,Female,6888 1602 9912,tampered
img_2204.png,Julia Thomas,19/08/1965,Male,3347 1632 7020,original
img_497.png,Michelle Cox,27/01/1990,Male,6686 2042 5331,tampered
img_2444.png,Jocelyn Crawford,12/03/1971,Female,3869 1625 2192,tampered
img_2958.png,Abigail Richardson,03/06/1980,Male,3556 9334 2113,original
img_451.png,Mike Burgess,11/05/1965,Male,8788 7868 6981,tampered
img_1225.png,Tracy Bailey,01/06/1983,Male,5981 4677 5335,original
img_1857.png,Steven Brown,23/03/2004,Male,5602 7488 1211,original
img_242.png,Robert Perez,25/03/1966,Male,9570 5216 7913,original
img_2674.png,Travis Townsend,28/09/2005,Male,4408 9305 3510,tampered
img_1234.png,Alexis Dunn,31/07/1973,Male,8978 4306 2113,tampered
img_1939.png,James Clark,22/07/1999,Female,4908 1428 7335,tampered
img_1757.png,Cindy Phillips,18/12/1970,Female,7762 8713 7142,tampered
img_1324.png,Jeffrey Owens,14/05/1984,Female,1409 2446 4702,tampered
img_226.png,Stephen Barrett,02/10/1979,Male,4191 7180 1656,tampered
img_1017.png,Deborah Flores,25/10/1971,Male,4886 2403 1352,original
img_1600.png,Christine Herrera,10/05/1970,Male,1903 2357 3487,tampered
img_2910.png,Ann Howard,18/10/1988,Female,9461 5276 7374,tampered
img_2068.png,Gloria Hansen,11/05/1983,Female,7918 6509 9393,tampered
img_1793.png,Erin Norman,08/01/1986,Male,4444 1493 1232,original
img_465.png,Kristen Stephens,22/11/1965,Male,7627 4142 4551,original
img_1975.png,Victoria Smith,21/07/1980,Female,3838 1293 4176,original
img_759.png,Brett Wood,07/08/1986,Male,8938 3128 6108,tampered
img_528.png,Julie Roberts,17/05/2001,Male,9860 5412 2231,tampered
img_483.png,Crystal Romero,07/11/2004,Female,4681 1058 1747,original
img_2010.png,Allen Goodman,04/04/1996,Male,6728 9226 9175,original
img_529.png,Austin Jackson,26/09/1966,Male,2621 5844 9281,original
img_492.png,Lori Brown MD,06/12/1997,Male,4725 3715 5790,tampered
img_2158.png,Autumn Hicks,12/07/1993,Male,6601 6233 1566,original
img_1330.png,Jessica Franklin,19/02/1981,Female,3248 9986 6140,original
img_582.png,Jason Becker,25/08/1996,Female,4604 3512 2756,tampered
img_2106.png,Timothy Frederick,27/11/1966,Male,5822 8755 1085,tampered
img_1245.png,Steven Johnson,07/09/1995,Female,3064 3602 6716,tampered
img_1088.png,Jacqueline Hopkins,26/02/1970,Male,4630 9065 4933,original
img_2668.png,Taylor Collins,06/05/1966,Male,4430 5678 7743,original
img_366.png,Timothy Castro,27/12/1996,Male,9068 3600 2840,tampered
img_1002.png,Laurie Stone,12/04/1969,Female,7671 9780 1662,tampered
img_1662.png,Alyssa Clements,26/02/1987,Male,4630 8942 2276,tampered
img_1699.png,Holly Summers,12/03/1974,Female,6449 2283 9574,tampered
img_2270.png,Gregory Roberts,25/02/1993,Female,5782 7110 5777,tampered
img_2288.png,Joseph Buck,06/02/1998,Male,4498 7236 5527,original
img_1753.png,Manuel Anderson,22/09/2002,Female,2115 9851 1279,original
img_2980.png,Thomas Dillon,05/05/1986,Male,9270 9004 3655,tampered
img_1248.png,Julie Richardson,05/01/2005,Male,1282 5071 1894,tampered
img_2919.png,Robert Burnett,11/10/1975,Male,7939 3712 4735,tampered
img_1030.png,William Garza,05/05/1995,Female,4177 3156 6627,original
img_961.png,Henry White,29/10/1975,Male,5443 2538 1377,original
img_484.png,Tracey Henry,02/02/1982,Male,4079 2857 8127,original
img_2658.png,Alvin Thompson,05/07/1977,Male,4288 5574 5850,original
img_2486.png,Kelly Dominguez,09/01/2006,Male,5778 1824 2268,tampered
img_1399.png,Alexander Francis,11/08/2000,Male,3768 3954 5299,original
img_2645.png,Cindy Hamilton,14/04/1980,Male,2834 7627 9970,tampered
img_1239.png,Cynthia Ross,13/05/1970,Male,2114 2648 6430,original
img_2080.png,Eric Frey,22/10/1971,Male,3113 4284 6118,original
img_1155.png,Joel Sullivan,06/04/2005,Female,4765 4580 5740,tampered
img_476.png,Tiffany James,20/10/1994,Female,7119 2308 5705,tampered
img_2845.png,Anthony Underwood,18/04/1987,Female,6054 8211 2176,tampered
img_2465.png,John Barr,02/08/1993,Female,4977 2425 5675,original
img_947.png,Brenda Hicks,02/08/1990,Male,7849 6768 4268,tampered
img_1663.png,Franklin Salazar,24/04/1965,Female,8979 4382 8170,tampered
img_936.png,Michelle Perkins,28/05/1988,Male,3964 7301 5387,original
img_1564.png,Christopher Johnson,19/05/1992,Male,9189 9208 1754,original
img_556.png,Nathan Waters,25/11/1974,Female,1970 6733 4522,original
img_1457.png,Mark Jones,14/09/1984,Male,9931 3565 8483,original
img_444.png,Marcus Rose,06/05/1990,Female,5285 5463 8160,original
img_720.png,Javier Dixon,03/07/1985,Female,8556 4679 6010,original
img_505.png,Linda Turner,30/11/1975,Male,9762 2862 1056,original
img_722.png,David Leach,25/03/1966,Female,8651 2460 2677,tampered
img_2715.png,Jessica Huynh,18/08/1995,Female,1366 8087 3171,original
img_2574.png,Susan Wood,17/10/1982,Male,2034 7744 9981,tampered
img_1099.png,Annette Hendricks,08/08/2000,Female,9855 4107 9666,tampered
img_803.png,Angela Ruiz,01/07/2007,Male,9845 7731 9675,original
img_2037.png,Crystal Anderson,16/08/2002,Female,4709 8479 9965,original
img_2064.png,Danny Jackson,01/03/2000,Male,8115 1131 3187,original
img_177.png,Alison Young,21/07/1992,Male,4128 1087 8671,tampered
img_2591.png,Michael Hudson,24/06/1977,Male,9891 7385 8125,tampered
img_381.png,Richard Collins,27/01/2003,Male,8424 8738 6575,tampered
img_589.png,Wesley Wilson,14/04/1966,Male,9176 5793 6192,original
img_607.png,Diana Mccullough,20/04/1988,Female,5274 7353 8214,original
img_900.png,Melissa Ray,07/07/1994,Female,1690 3515 7670,tampered
img_2757.png,Robert Wu,07/10/1992,Female,4522 4608 8112,tampered
img_685.png,Amanda Barrett,09/12/1992,Male,6135 5474 1463,original
img_2547.png,Joseph Flores,09/01/2004,Female,9752 4523 7676,original
img_1417.png,Richard Hurst,09/01/1970,Male,9184 5089 2464,original
img_2146.png,Miss Heather Scott,30/08/2000,Female,3647 2168 5078,tampered
img_2812.png,Brittany Nguyen,04/03/1977,Female,1314 5894 4686,tampered
img_85.png,Andrew Molina,21/09/1996,Female,5587 8239 8008,original
img_2475.png,Omar Smith,03/11/1985,Female,6557 5978 4620,tampered
img_1684.png,Anthony Dickerson,25/10/2000,Male,3729 7949 5509,tampered
img_2726.png,Elizabeth Mcguire,22/10/1968,Female,4446 8393 4632,tampered
img_2956.png,Melissa Carpenter,04/06/1988,Female,2729 9737 6950,tampered
img_1388.png,Justin Collins,30/10/1970,Male,2182 5148 9086,tampered
img_2409.png,Pamela Mathews,17/01/1988,Female,6674 1420 9886,tampered
img_1058.png,Robert Gonzalez,11/06/1979,Female,3761 7646 2017,original
img_868.png,Derrick Scott,17/04/1976,Female,4659 5620 5938,tampered
img_301.png,Sarah Roberson,14/10/1971,Male,8012 5483 2853,tampered
img_88.png,Bruce Myers,05/09/1971,Female,4790 3516 8498,tampered
img_1310.png,Patricia Rhodes,17/01/1993,Female,8617 6859 3662,original
img_1578.png,Donna Mcclain,25/03/1980,Female,2547 1812 5530,original
img_2664.png,Joshua Hardy,08/07/2007,Female,5773 1743 9955,original
img_2053.png,Brian Jackson,09/05/1967,Male,9502 2459 7822,original
img_75.png,Matthew Deleon,12/03/2004,Female,8336 8306 3426,tampered
img_2341.png,Eduardo Thornton,10/09/1965,Male,1557 4173 5074,original
img_1469.png,Jeffrey French,25/05/1982,Male,4714 4509 8316,original
img_1536.png,Margaret Smith,31/03/2005,Female,6363 9685 5938,tampered
img_762.png,Joshua Cochran,21/07/1988,Female,7303 6844 2078,original
img_2019.png,Katherine Fisher,23/12/2002,Male,3193 6196 9549,original
img_2263.png,Jason Acosta,08/07/1982,Female,3039 9833 3059,tampered
img_1947.png,Kathryn Holloway,14/01/1966,Female,9666 5373 1722,original
img_567.png,Dennis Barrett,10/12/1984,Male,5696 7066 8448,original
img_1798.png,John Moore,15/09/2005,Male,7303 8654 9349,tampered
img_1443.png,Gabriel Price,06/07/1974,Male,6555 3208 3959,tampered
img_1244.png,Kristina Hall,18/07/2000,Male,1011 4005 5872,original
img_1912.png,Raymond Duncan,18/10/1970,Female,6737 7900 5565,original
img_316.png,Matthew Hampton,30/07/2005,Female,6141 1162 5927,original
img_347.png,Gregory Anderson,17/12/1981,Female,6559 4779 6170,original
img_2400.png,Margaret Hicks,09/09/2005,Female,7817 7319 6681,original
img_768.png,William Cherry,07/06/1984,Female,6577 1143 8439,tampered
img_1770.png,Karen Johnson,25/02/2003,Female,8961 8426 4045,tampered
img_2300.png,Lisa Stevenson,21/06/1995,Male,5182 7857 1274,tampered
img_1074.png,John Smith,20/11/1983,Female,4098 2584 3964,original
img_1763.png,Jeffrey Bell,16/07/1966,Male,3755 2461 6204,original
img_72.png,Mark Smith,14/02/1987,Female,6016 9235 2676,original
img_2090.png,Jamie Ramirez,27/11/2006,Male,7812 2739 7353,tampered
img_876.png,Danielle Nunez,06/01/1974,Male,6737 6125 9096,tampered
img_566.png,Robert Horne,07/10/1966,Male,2615 1437 2493,original
img_517.png,Valerie Dillon,28/09/1991,Male,5832 8898 2531,original
img_1009.png,David Thornton,24/07/1972,Male,1651 8123 1143,tampered
img_1968.png,Austin Turner,01/07/1986,Female,2651 5963 2320,original
img_2689.png,Kathleen Welch PhD,01/04/1996,Female,9666 5201 1987,original
img_126.png,Ellen Williams,14/02/1967,Male,2297 4814 9695,original
img_1153.png,Christopher Massey,31/01/1989,Male,9575 3211 9671,tampered
img_2339.png,Heather Baker,23/11/1980,Female,9327 1151 6080,tampered
img_1022.png,Ronald Curtis,06/09/2000,Male,4939 4747 8877,tampered
img_738.png,Robin Johnson,14/03/1966,Male,4304 3650 7287,original
img_585.png,David Lopez,28/05/1965,Female,7718 1486 6895,tampered
img_1895.png,Caitlin Deleon,20/06/1970,Female,2048 6452 6362,tampered
img_480.png,Jared Hill,16/01/1985,Male,1665 2756 6938,original
img_2229.png,Nancy Lewis,24/07/1976,Female,7713 2614 8362,original
img_1933.png,Richard Bates,08/08/1991,Female,5829 5163 6013,original
img_1307.png,Jessica Lee,14/11/1974,Male,1848 4922 1880,original
img_1647.png,Michael Harris,22/11/1974,Female,4401 6203 3391,tampered
img_2317.png,Rebecca Anderson,18/04/1983,Female,7402 1421 1104,tampered
img_2437.png,Howard Doyle MD,02/07/1988,Male,6092 9021 9159,original
img_715.png,Mr. Bobby Garrett,26/08/2007,Female,1454 8758 4307,tampered
img_1204.png,Ann Mcpherson,25/12/2002,Female,1671 5701 1956,original
img_2233.png,Garrett Hamilton,23/05/1990,Female,4189 5238 2626,original
img_2681.png,Diane Copeland,02/01/1993,Female,2407 7364 7860,original
img_1351.png,Andrew Morales,17/03/1974,Female,2227 7762 8240,tampered
img_471.png,Lisa Gutierrez,11/07/1967,Female,7773 5468 3132,original
img_2337.png,George Williams,07/11/1987,Male,6900 2250 3155,original
img_667.png,Michael Johnson,11/06/1994,Female,2072 4968 9221,original
img_2745.png,Joshua Williamson,06/02/1981,Male,2160 9027 6462,tampered
img_1533.png,Dawn Mcdonald,02/09/1982,Female,1183 9642 9222,original
img_615.png,Mrs. Andrea Wade,23/05/1990,Female,7882 2063 9456,original
img_237.png,David Frazier,06/06/1994,Male,6233 9189 2174,original
img_1529.png,Jessica Jimenez,01/11/1992,Female,5691 9798 9828,tampered
img_2811.png,Jessica Daugherty,13/11/1973,Female,7002 5795 3986,original
img_359.png,Robert Wise,29/05/1970,Female,6757 8790 7223,original
img_2048.png,Amber Brooks,09/07/1978,Female,7451 2824 8488,original
img_1056.png,Amy Parker,09/08/1991,Female,9597 6114 6858,original
img_2203.png,Mr. Jeremy Thomas,27/03/1972,Female,8625 7065 4075,tampered
img_2067.png,Dr. Michael Mcbride,29/10/2002,Male,8784 4332 2579,original
img_1489.png,Linda Li,20/10/1987,Female,7326 2274 1727,original
img_1532.png,Austin Jackson,10/01/1969,Female,8753 5741 2595,original
img_499.png,Jean Pitts,18/03/1967,Male,1377 3503 2483,tampered
img_1748.png,Megan Hardin,19/01/1980,Female,3881 3115 9386,original
img_447.png,Maria Villa,20/10/1987,Female,1510 9765 2847,original
img_1518.png,Kathy Cowan,12/11/1980,Female,7957 1572 6454,tampered
img_1430.png,Jeremy Parks,22/02/1994,Female,9799 2278 5744,original
img_2753.png,Jason Brown,05/10/1999,Male,1669 5411 1209,tampered
img_1538.png,Stephanie Parker,28/10/1965,Male,6517 3040 5845,tampered
img_1113.png,Robert Zavala,20/05/1984,Male,5251 3704 2903,tampered
img_2058.png,Kristopher Leach,01/02/1993,Male,6395 2374 3867,tampered
img_1866.png,Shawn Blevins,03/01/1990,Male,3368 5030 6120,original
img_2118.png,Richard Collins,24/01/1971,Female,4738 7959 4367,original
img_2486.png,Kelly Dominguez,09/01/2006,Male,5778 1824 2268,original
img_1157.png,Eric Hernandez,10/09/1977,Male,6212 3827 1984,original
img_568.png,Mark Carlson,08/01/1968,Female,3477 4910 2350,original
img_2725.png,John Gonzalez,22/05/2002,Female,5750 5403 7828,original
img_1598.png,James Rush DDS,17/06/1973,Male,9756 3813 9332,original
img_243.png,Christopher Griffin,09/01/1967,Male,2434 4947 1280,tampered
img_2370.png,Danielle Marquez,06/11/1967,Female,1940 4335 5804,original
img_2834.png,Alyssa Williams,18/03/1966,Female,4819 6685 3520,original
img_1448.png,William Carter,04/08/1986,Female,8947 8641 5772,tampered
img_2927.png,Eric Thompson,10/11/1987,Female,7541 5089 2687,original
img_2214.png,Teresa Robinson,25/08/1970,Male,4062 5131 8883,tampered
img_1553.png,Vanessa Tyler,06/10/1983,Female,7029 4757 1369,tampered
img_1224.png,Benjamin Hardy DDS,11/03/1996,Female,9889 4813 6860,tampered
img_2716.png,Lisa Bartlett,31/08/1979,Female,8498 4937 6562,tampered
img_558.png,Erik Swanson,05/07/1972,Male,3395 7824 5340,tampered
img_1066.png,Leslie Gordon,29/04/1972,Male,8697 3212 1430,tampered
img_390.png,Ronald Le,12/03/2000,Male,1328 5091 7726,original
img_383.png,David Torres,29/04/1981,Female,7044 5486 5311,original
img_2610.png,Daniel Evans,03/03/2001,Male,8539 7420 5355,original
img_2507.png,Stephanie Peterson,05/11/1976,Female,8681 5556 8762,original
img_1645.png,Raymond Horn,09/12/1971,Female,2022 8327 5702,tampered
img_2387.png,Katie Peterson,05/06/1996,Female,6731 4251 4711,original
img_953.png,Catherine Frazier,25/02/1973,Male,1327 3614 8064,tampered
img_1430.png,Jeremy Parks,22/02/1994,Female,9799 2278 5744,tampered
img_1876.png,Austin Cooper,07/05/1975,Male,8520 8301 5381,original
img_937.png,David Campbell,12/01/1975,Female,6056 4268 7287,tampered
img_1525.png,James Morris,17/04/2002,Male,4518 8223 5749,original
img_1564.png,Christopher Johnson,19/05/1992,Male,9189 9208 1754,tampered
img_1338.png,Sean Wade,10/03/1998,Male,3109 1154 4478,original
img_2405.png,Olivia Gardner,24/06/1999,Female,9017 1564 5903,tampered
img_2040.png,Phyllis Sanders,13/09/1989,Male,6114 8017 1092,original
img_874.png,Sarah Williams,31/07/1984,Female,1234 8009 3170,tampered
img_2397.png,Amy Proctor,19/07/1990,Female,2433 5620 7048,tampered
img_2482.png,Andrew King,16/03/1985,Female,7184 6009 6957,original
img_2428.png,Kimberly Butler MD,17/03/1973,Female,5307 6449 2554,tampered
img_1261.png,Stacy Chavez,11/05/1983,Female,2420 7207 8924,original
img_271.png,Destiny Gonzalez,09/01/1976,Male,3726 3604 1747,original
img_42.png,Eileen Randolph,20/06/1999,Female,5323 3879 2851,original
img_2051.png,Alison Kennedy,11/03/1995,Female,8486 5520 4382,original
img_517.png,Valerie Dillon,28/09/1991,Male,5832 8898 2531,tampered
img_2004.png,Erik Reynolds,29/01/1987,Female,5940 6160 4731,original
img_1670.png,Anthony Griffith,02/08/1965,Female,4254 4799 3716,original
img_531.png,Andrea White,22/03/2006,Male,1307 9944 1404,original
img_509.png,James Anderson,07/12/1969,Male,1608 9059 9255,tampered
img_1716.png,Andrew Mckenzie,18/08/1994,Male,6158 2922 8098,original
img_204.png,Yesenia Hernandez,09/12/2007,Female,7461 7829 8587,original
img_366.png,Timothy Castro,27/12/1996,Male,9068 3600 2840,original
img_1821.png,Alexander Hamilton,10/06/1968,Male,3991 8016 3304,tampered
img_1656.png,Jason Finley,27/08/2002,Male,1221 1974 6642,original
img_1056.png,Amy Parker,09/08/1991,Female,9597 6114 6858,tampered
img_2542.png,Russell Rush,05/04/1993,Male,8477 4250 6272,tampered
img_529.png,Austin Jackson,26/09/1966,Male,2621 5844 9281,tampered
img_2072.png,Alexis Castillo,29/07/1980,Female,6457 2997 9505,original
img_1769.png,Maurice Gibson,15/03/1966,Male,9233 4407 5812,original
img_2896.png,Dr. Thomas Phillips,24/11/1986,Female,8511 6738 8997,tampered
img_2429.png,Savannah Wilson,13/04/1979,Male,4810 9822 2117,original
img_1217.png,Colleen Olson,20/06/1967,Male,6634 5134 5351,tampered
img_1454.png,Darren Mcdaniel,06/09/1974,Female,5642 8083 5562,tampered
img_1472.png,Cynthia Olson,09/10/1989,Female,9067 2505 8228,tampered
img_1353.png,John Carter,01/05/1981,Male,9059 9184 5516,tampered
img_2101.png,Stacy Griffin,26/06/2007,Male,7502 7705 5140,tampered
img_668.png,Scott Brooks,03/10/1975,Male,5717 9009 7959,tampered
img_1582.png,Wendy Collins,19/03/1981,Female,4049 8781 8214,original
img_1999.png,George Parsons,15/02/1968,Male,8645 7108 4284,original
img_2567.png,Marcus Benson,31/12/1996,Male,4988 8739 7328,original
img_1427.png,Eric Chaney,08/06/1978,Male,6636 4652 2779,original
img_2001.png,Maria Gonzalez,13/09/1973,Female,7007 9395 8626,original
img_2289.png,Emily Edwards,10/02/1984,Female,3536 5466 4410,tampered
img_2816.png,Timothy Rollins,03/02/1993,Male,3451 7734 3922,original
img_2107.png,Jonathan Ramsey,19/04/1991,Male,5477 1942 6242,tampered
img_2833.png,Jamie Smith,06/04/1966,Female,1450 1790 3210,original
img_1310.png,Patricia Rhodes,17/01/1993,Female,8617 6859 3662,tampered
img_1100.png,Jordan Hubbard,09/01/1969,Male,8811 7244 1464,tampered
img_2076.png,Billy Welch,23/08/2007,Female,9216 1677 6508,tampered
img_2071.png,Teresa Wiggins,31/10/1983,Male,6959 3705 5246,original
img_1284.png,Theodore Robinson,22/05/2002,Female,7321 6470 1551,original
img_1869.png,Blake Brown,28/12/2003,Male,4471 4969 9264,original
img_2023.png,Jill Freeman,05/02/1993,Female,8993 1606 5473,tampered
img_2710.png,Ronald Ball,16/09/1993,Female,9197 8167 1781,tampered
img_2887.png,Alexis Friedman,11/03/1986,Male,8739 2728 5056,original
img_1442.png,Benjamin Vargas,15/03/1991,Male,4486 8337 6617,original
img_20.png,Elizabeth Moore,24/10/1981,Male,4114 3090 9973,original
img_63.png,William Montoya,16/09/1992,Female,4140 5611 7349,original
img_881.png,Megan Wagner,01/04/1988,Female,2278 5588 7755,tampered
img_2720.png,Jennifer Smith,21/03/1977,Male,5600 6720 5689,original
img_152.png,Dr. Eric Zamora,19/08/1974,Female,4536 1641 9059,original
img_1371.png,Dawn Esparza,26/07/1969,Female,4441 3646 9460,original
img_1386.png,Jeffrey Galloway,07/01/2003,Female,3876 8787 2259,original
img_250.png,Victoria Johnston,12/05/1984,Female,7597 8998 1178,tampered
img_789.png,Joseph Stone,09/09/1985,Female,7665 1684 1924,tampered
img_199.png,Ashley Villanueva,24/02/1988,Female,4541 9438 5690,original
img_1626.png,Alicia Ross,11/07/2000,Female,5372 8777 8917,tampered
img_561.png,Julia Velazquez,05/08/1989,Female,9333 4244 3703,tampered
img_623.png,Christopher Nichols,11/03/1966,Female,5564 5794 6526,tampered
img_2219.png,Harry Robinson,27/04/1999,Female,1790 3168 1993,tampered
img_729.png,Colleen Stewart,25/03/1990,Female,4886 4540 9270,original
img_1007.png,Jordan Becker DDS,03/08/1970,Male,7877 1139 8566,tampered
img_672.png,Jennifer Beltran,07/09/1984,Male,8311 7793 3808,tampered
img_61.png,Sharon Bryant,26/03/1992,Male,5990 7892 4842,original
img_2136.png,Emily Watkins,26/09/1984,Female,2419 2886 2099,original
img_994.png,Cathy Lang,18/12/1999,Male,7755 9354 2480,tampered
img_612.png,Teresa Oconnor,21/02/1973,Female,1749 8009 3475,original
img_92.png,Luis Johnson,08/11/1984,Female,5097 3408 5689,original
img_1394.png,Nancy King,05/07/1978,Male,3707 4481 5739,tampered
img_1413.png,Brianna Hall,30/03/1994,Female,5881 1862 1606,tampered
img_233.png,Lauren Bailey,26/02/1972,Male,4419 9538 2910,original
img_1569.png,Pamela Smith,10/11/2004,Male,6638 3602 9104,original
img_1885.png,Chad Martin,12/12/1982,Male,4626 5711 7435,original
img_1248.png,Julie Richardson,05/01/2005,Male,1282 5071 1894,original
img_1122.png,Jamie Cooper,27/09/1982,Male,8648 9697 5149,tampered
img_865.png,Michael Rodriguez,23/05/1993,Female,9814 5182 6539,tampered
img_2672.png,Jenna Singleton,07/07/1984,Male,6261 2871 4163,original
img_887.png,Steve Freeman,04/07/2007,Male,1492 8960 7133,tampered
img_1752.png,Joseph Garner,20/01/1969,Female,5213 3326 2906,original
img_2873.png,Danielle Higgins,13/01/1984,Female,7864 4575 5346,tampered
img_2557.png,Andrew Lee,28/01/1989,Female,2513 1258 9987,tampered
img_2133.png,David Baldwin,10/08/1968,Male,7128 1331 4971,original
img_2151.png,Lisa Barrera,24/07/2004,Female,5788 2122 9605,original
img_2358.png,Ricardo Gordon,17/12/1981,Female,9386 5380 9703,tampered
img_555.png,Sherry Nash,29/06/1974,Female,7385 5642 3891,tampered
img_1734.png,Carmen Reyes,07/01/2005,Female,8153 7915 9566,tampered
img_1268.png,Daniel Hess,02/09/1986,Male,7586 8682 5968,tampered
img_1820.png,Timothy Morris,18/05/1977,Female,4113 1714 2798,tampered
img_490.png,Amanda Johnson,15/12/1986,Male,5163 5981 8209,original
img_849.png,Rebecca Salazar,10/05/1970,Female,1251 6669 4800,original
img_1591.png,Kaitlin Best,28/10/1989,Male,2646 7012 8374,original
img_1606.png,Lisa Carter,08/05/1998,Female,9042 8896 1454,original
img_1138.png,Anthony Farrell,16/07/1981,Female,8505 5424 1431,tampered
img_2240.png,Haley Hardin,15/09/2005,Female,5331 2494 1677,original
img_758.png,Kyle Wood,17/05/1975,Male,4751 9434 5409,tampered
img_1543.png,Scott Dixon,01/08/1972,Female,7018 8921 1605,original
img_1284.png,Theodore Robinson,22/05/2002,Female,7321 6470 1551,tampered
img_230.png,Veronica Burns,10/06/1987,Female,8890 8415 7875,original
img_2528.png,Zachary Goodwin MD,07/11/1992,Female,7274 8666 1774,tampered
img_1473.png,Nicholas Davis,13/07/1967,Male,4386 4438 4210,tampered
img_1057.png,Paul Le,01/01/1969,Male,8609 9700 8922,tampered
img_163.png,Haley Wong,27/01/2008,Female,3098 1483 6186,original
img_1263.png,Jennifer West,06/04/1982,Male,4139 2239 1624,tampered
img_2999.png,Melissa Duran,23/05/2007,Male,7098 6395 9310,tampered
img_982.png,Dana Martinez,21/04/1988,Male,5338 4340 8921,tampered
img_1524.png,Billy Walters,02/04/1992,Male,8560 6199 4513,tampered
img_2835.png,Ryan Robinson,10/05/1991,Male,3952 6158 3485,original
img_47.png,Matthew Noble,20/01/2005,Male,9244 7081 7104,tampered
img_2515.png,Jennifer Wallace,21/11/2006,Female,9311 7252 5131,tampered
img_569.png,Wendy White,01/12/1971,Male,8784 9037 7188,tampered
img_426.png,Kelly Johnson,13/09/1976,Male,6911 5481 8217,tampered
img_892.png,Robert Reyes,03/01/2006,Female,3241 6399 4711,original
img_206.png,Charles Sanchez,16/05/1971,Female,9435 7393 7985,tampered
img_2095.png,Heather Oneal,06/06/1972,Male,3679 6914 4881,tampered
img_1322.png,Bryan Patterson,06/09/1966,Male,2061 9830 3995,tampered
img_2318.png,David Gill,07/04/1970,Male,3899 1789 4031,tampered
img_23.png,Alice Whitehead,24/09/1994,Male,3769 6720 4810,tampered
img_1765.png,Andrew Boyd,11/12/1977,Male,3635 8182 6060,original
img_2522.png,Kelly Phelps,18/08/1984,Female,9895 6637 4526,tampered
img_2726.png,Elizabeth Mcguire,22/10/1968,Female,4446 8393 4632,original
img_2975.png,Scott Wells,11/02/1987,Female,2173 9138 6123,tampered
img_1788.png,Christopher Perez,05/04/1995,Male,4112 4783 5910,tampered
img_2019.png,Katherine Fisher,23/12/2002,Male,3193 6196 9549,tampered
img_2033.png,Timothy Paul,23/06/1991,Male,9943 2573 2286,tampered
img_1235.png,Anita Torres,29/09/1995,Female,1386 6024 9072,original
img_2034.png,Richard Fuller,28/06/1995,Male,5053 3490 9088,tampered
img_2761.png,Mario Castillo,27/11/1997,Male,2430 9387 8807,original
img_401.png,Tracey Rose,27/02/1968,Male,7091 4606 4990,tampered
img_1174.png,Nicole Allen,04/08/1995,Female,4565 2068 1716,original
img_1721.png,James Gates,06/12/1967,Female,7403 2021 4954,tampered
img_1204.png,Ann Mcpherson,25/12/2002,Female,1671 5701 1956,tampered
img_1983.png,Jordan Martin,13/11/1973,Male,8651 4672 9438,original
img_2312.png,Johnathan Bush,25/03/1969,Male,4649 6132 7787,original
img_2607.png,Raymond Burton,07/06/1979,Female,5110 3449 1604,original
img_424.png,Cindy Carlson,03/12/1968,Male,4515 9265 6257,original
img_1125.png,Jennifer Lopez,17/05/1981,Male,7293 1871 1729,original
img_312.png,Jonathan Glass,29/02/1996,Male,5900 9702 8251,tampered
img_2916.png,Anna Thompson,20/07/2006,Female,4301 5562 2708,original
img_1637.png,Gabriella Ramirez,23/02/1984,Female,7504 1198 7093,tampered
img_2262.png,Austin Clark,25/04/1980,Female,1681 8296 9389,original
img_1149.png,Annette Moss,21/06/2004,Female,2881 7290 7751,tampered
img_62.png,Jonathan Estes,21/12/1991,Female,9274 8871 5231,original
img_1880.png,Levi Dickson,11/10/1973,Male,5016 8067 7308,tampered
img_2855.png,Joan Lopez,02/02/2002,Female,1470 5146 7510,original
img_1177.png,Bradley Thompson,08/10/2004,Male,6329 8695 3054,tampered
img_1945.png,Paul Gardner,23/11/1994,Female,6492 2219 4815,original
img_279.png,Jennifer Davis,21/03/1980,Female,4861 8722 7894,original
img_1550.png,Scott Davis,07/05/1973,Female,2684 8071 1685,tampered
img_1084.png,Mark Martinez,16/11/1971,Male,5417 8315 2763,original
img_394.png,Rebecca Williams,11/07/2005,Male,4178 2218 3486,tampered
img_2579.png,Patrick Rhodes,05/10/1969,Female,6272 2868 7962,tampered
img_29.png,Marie Blair,13/05/2006,Female,1090 4883 7852,tampered
img_2391.png,Donna Patrick,28/05/1987,Female,6021 3259 2585,tampered
img_690.png,Tyler Mcmillan,23/11/1968,Female,5851 9743 2996,tampered
img_1828.png,Kim Salas,23/01/1980,Male,4739 7182 1615,tampered
img_679.png,Diane Smith,18/05/1993,Female,5765 4965 9838,tampered
img_894.png,Corey Porter,08/06/1998,Female,1568 2670 7497,tampered
img_794.png,Mary Bates,21/09/1981,Male,5097 5321 1022,tampered
img_2668.png,Taylor Collins,06/05/1966,Male,4430 5678 7743,tampered
img_2966.png,Patrick Morris,05/01/1995,Male,5306 1167 7775,tampered
img_2128.png,Justin Bray,14/02/2001,Male,5361 1356 3191,tampered
img_337.png,Andrew Zamora,06/05/1970,Female,5651 6353 1961,tampered
img_1192.png,Mr. Bradley Gonzalez,24/01/1966,Female,3308 5331 5853,original
img_544.png,Sean Taylor,12/02/1979,Female,9264 4125 9682,original
img_1222.png,Kenneth Watson,21/09/1970,Male,7416 1548 2774,tampered
img_307.png,Eric Hayes,09/04/2004,Female,7560 5494 1675,tampered
img_790.png,Julie Brown,03/12/2003,Male,2277 5426 8165,original
img_982.png,Dana Martinez,21/04/1988,Male,5338 4340 8921,original
img_1231.png,Ann Beck,18/02/1971,Female,9456 1734 4089,original
img_457.png,Tanya Romero,04/07/1986,Male,2990 7517 1817,original
img_2514.png,Jacqueline Miles,05/12/2001,Male,2375 2370 4170,original
img_2900.png,Michelle Brown,10/03/1974,Male,3901 6101 8696,tampered
img_1662.png,Alyssa Clements,26/02/1987,Male,4630 8942 2276,original
img_1261.png,Stacy Chavez,11/05/1983,Female,2420 7207 8924,tampered
img_2408.png,Kenneth Berry,30/05/1977,Male,3290 1285 4812,original
img_886.png,Lisa Coleman,02/02/1987,Male,4645 2418 6330,original
img_2867.png,Haley Gomez,24/08/1984,Male,1145 7414 2026,original
img_2939.png,Damon Scott,26/04/1986,Female,4790 5569 4789,tampered
img_1526.png,Juan Murray,19/08/1992,Female,7996 3444 4381,tampered
img_2175.png,Melissa Evans,24/06/1988,Female,9084 2170 5379,original
img_348.png,Chad Rodriguez,01/12/1983,Female,8779 1504 9573,original
img_2897.png,Autumn Watson,11/07/1970,Female,1309 4655 6551,tampered
img_2537.png,Stephen Miller,17/03/2001,Male,3422 6317 7737,tampered
img_798.png,Heather Williams MD,26/01/1967,Male,6378 3637 7542,original
img_1836.png,Diane Conner,07/01/1988,Male,1905 9317 2489,tampered
img_263.png,Nicholas Moss,16/06/2003,Female,8178 1314 6775,original
img_1196.png,Christopher Torres,25/04/1998,Female,7102 3144 1536,original
img_2883.png,Paul Ali,26/05/1991,Male,4380 8632 9887,tampered
img_2416.png,Paige Sullivan,08/02/2003,Male,7549 7717 1984,original
img_1237.png,Kristen Howard,05/04/1976,Female,5220 9885 7555,original
img_1825.png,Anthony Ferguson,16/04/1974,Male,3658 8859 9504,original
img_31.png,Kenneth Lara,01/07/1969,Female,8810 8497 4394,tampered
img_1437.png,Troy Freeman,05/02/1979,Female,4216 1402 5742,original
img_2677.png,Rachel Anderson,08/04/1993,Male,4124 9672 4129,original
img_1716.png,Andrew Mckenzie,18/08/1994,Male,6158 2922 8098,tampered
img_2443.png,Mrs. Whitney Mckay,18/01/1968,Female,7834 7597 1084,tampered
img_2203.png,Mr. Jeremy Thomas,27/03/1972,Female,8625 7065 4075,original
img_1008.png,Brad Davis,04/01/2002,Female,5414 3527 8074,tampered
img_1101.png,Christopher Price,12/01/1975,Female,7057 3075 3854,tampered
img_322.png,David Middleton,22/05/1994,Male,8195 9873 6594,tampered
img_2249.png,Corey Young,02/02/1985,Male,8485 2249 5281,tampered
img_2243.png,Angela Kirby,05/02/1979,Female,1994 2775 5708,tampered
img_804.png,Kimberly Campbell,29/09/1973,Female,3927 7351 5403,tampered
img_241.png,Benjamin Patel,01/02/2003,Female,3397 8113 3826,tampered
img_2637.png,Jonathan Williamson,16/12/2000,Female,7332 2543 5219,original
img_1329.png,Kelly White,21/08/1996,Male,3867 3591 8045,tampered
img_2106.png,Timothy Frederick,27/11/1966,Male,5822 8755 1085,original
img_2647.png,Robert Johnson,08/02/1982,Female,7048 8071 1526,tampered
img_1067.png,Maureen Walter,28/12/1976,Female,5012 9789 7383,tampered
img_1694.png,Dwayne Schneider,23/03/1992,Female,7329 2560 1204,original
img_867.png,Taylor Rice,27/09/1980,Female,4157 2104 1831,original
img_1880.png,Levi Dickson,11/10/1973,Male,5016 8067 7308,original
img_2082.png,Lori Johnson,21/10/2004,Female,4093 2047 2243,tampered
img_2114.png,Vanessa Morgan,18/08/1988,Male,3163 4730 4862,original
img_1713.png,Joshua Barrett,03/10/1992,Male,6831 7531 9643,original
img_1617.png,Julia Washington,04/12/2003,Male,4932 8473 3477,tampered
img_1741.png,Ashley Burgess,15/07/1979,Female,3053 3271 7778,tampered
img_2407.png,Tony Miller,19/05/1970,Male,1530 2031 9076,original
img_1189.png,Christopher Thomas,02/09/2001,Female,5699 2421 7397,tampered
img_2993.png,Robert Johnson,01/09/1971,Male,1692 1653 7510,original
img_2226.png,Eric Rose,18/01/1971,Male,3950 4273 3831,tampered
img_1339.png,Jacob Duffy,24/01/1997,Female,5031 3426 5096,tampered
img_442.png,Eugene Rogers,15/08/1966,Male,6705 7609 8894,original
img_1532.png,Austin Jackson,10/01/1969,Female,8753 5741 2595,tampered
img_2208.png,Katherine Smith,29/06/1980,Male,9976 3040 5113,original
img_2385.png,Rebecca Miller,27/06/1967,Female,1430 8719 6231,tampered
img_368.png,Melinda Carter,17/06/1988,Male,7288 8940 1252,original
img_174.png,Kristin Everett,27/11/1966,Female,1521 3334 7627,original
img_2632.png,Scott Williams,07/06/1976,Female,9889 6913 8782,tampered
img_1271.png,Troy Anderson,26/03/1977,Female,2390 4723 3995,tampered
img_1383.png,Crystal Francis,09/03/1967,Male,2362 8120 4174,tampered
img_2253.png,Maria Lopez,21/07/2000,Male,8243 4787 3809,tampered
img_262.png,Kyle Smith,01/01/1971,Female,1044 4297 8112,tampered
img_1679.png,William Hubbard,21/07/2000,Male,2600 7117 2063,tampered
img_1543.png,Scott Dixon,01/08/1972,Female,7018 8921 1605,tampered
img_39.png,Brenda Porter MD,15/05/1976,Female,1154 3040 8688,tampered
img_2509.png,Laura Moyer,15/09/1984,Male,5610 9828 3319,tampered
img_782.png,Amanda Grimes,24/11/1982,Female,3401 5622 9347,original
img_2846.png,Tammy Warren,30/09/1991,Female,9997 3338 3396,original
img_2718.png,Molly Ferguson,24/08/1978,Male,6646 8905 7170,original
img_2764.png,Amanda Thompson,06/09/2003,Female,4451 1077 7020,original
img_2193.png,Robert Robbins,02/10/2007,Male,7717 3073 7075,original
img_2677.png,Rachel Anderson,08/04/1993,Male,4124 9672 4129,tampered
img_311.png,Casey Nguyen,17/11/1985,Male,5342 3077 1687,tampered
img_2506.png,Jacqueline Butler,01/10/1982,Male,2058 8971 2138,tampered
img_1919.png,Tina Greer,01/09/2002,Female,6588 3888 8987,tampered
img_2620.png,Eduardo Massey,07/02/1979,Male,5535 4809 4996,original
img_1135.png,Lindsey Harris,22/12/2006,Female,2726 6103 9959,tampered
img_1859.png,Natasha Olsen,24/05/1992,Female,8964 5633 4066,tampered
img_1947.png,Kathryn Holloway,14/01/1966,Female,9666 5373 1722,tampered
img_1429.png,Paula Wright,20/07/1990,Male,5256 2100 7693,original
img_2008.png,Jim Garcia,12/11/2002,Female,9020 4506 7451,original
img_612.png,Teresa Oconnor,21/02/1973,Female,1749 8009 3475,tampered
img_1012.png,Gabriela Bradley,22/07/2007,Female,5176 1877 3585,tampered
img_2325.png,Angela Lewis,25/04/1996,Female,9967 7323 5786,original
img_1496.png,Kevin Morales,07/05/1967,Male,1466 5444 5063,tampered
img_602.png,Mr. Nicholas Graham,04/02/1974,Male,2997 3643 9180,tampered
img_1389.png,Brandon Keith,13/03/1974,Female,4366 5580 8136,original
img_1804.png,Jason Stone,16/12/1992,Female,9646 3156 7200,original
img_2367.png,Joe Kim,10/06/2000,Male,2625 9334 4447,original
img_248.png,Stephanie Miles,11/04/1977,Female,2942 9984 4035,original
img_1754.png,Lauren Berry,09/01/1996,Male,8804 1482 6335,original
img_2298.png,Peter Myers,19/09/1999,Male,8799 7613 1622,tampered
img_1258.png,Caitlin Bryant,14/09/2001,Male,4610 8036 2057,tampered
img_2600.png,Heather Reed,06/03/1971,Male,5361 9914 1527,original
img_480.png,Jared Hill,16/01/1985,Male,1665 2756 6938,tampered
img_218.png,Jacob Velez,23/05/1975,Male,6472 6418 3964,original
img_297.png,Joy Thompson,13/09/2007,Female,2021 8759 1121,tampered
img_2895.png,Thomas Chavez,20/04/2004,Male,1331 8222 6021,original
img_1000.png,Morgan James,21/05/1996,Male,1079 4662 2019,tampered
img_2409.png,Pamela Mathews,17/01/1988,Female,6674 1420 9886,original
img_59.png,Rick Anderson,08/08/1986,Male,4653 8679 5907,original
img_439.png,Connie Ward DDS,22/11/1995,Female,3366 7408 6171,tampered
img_2778.png,Samantha Morgan,03/11/1971,Male,5249 3635 7442,tampered
img_1201.png,Erin Bates,20/04/1972,Female,4340 4938 6742,original
img_1744.png,Jacob Ortega,14/11/1979,Female,3102 9517 7869,tampered
img_1201.png,Erin Bates,20/04/1972,Female,4340 4938 6742,tampered
img_2382.png,Brandon Peterson,01/03/1976,Female,2049 2393 4042,original
img_2700.png,Marco Hunter,05/10/1981,Female,1111 1870 1742,original
img_175.png,Mrs. Destiny Bowen,09/07/1988,Male,6587 6049 4626,tampered
img_1336.png,Courtney Wilson,15/09/1977,Male,3398 2535 1136,original
img_63.png,William Montoya,16/09/1992,Female,4140 5611 7349,tampered
img_986.png,James Brown,13/12/1982,Male,4737 6562 9501,original
img_1303.png,Kevin Flores,03/02/1994,Male,1026 9062 9852,original
img_1255.png,Amy Holt,22/12/1988,Female,5285 5934 7285,tampered
img_871.png,Kayla Guerra,25/07/2005,Male,6665 3801 9758,original
img_2946.png,Daniel Wheeler,29/04/2003,Male,4586 7404 4861,original
img_2742.png,Olivia Martinez,21/03/1985,Male,2525 8558 9744,original
img_2815.png,Lori Mack,25/06/1993,Female,1530 8827 2179,original
img_966.png,Edwin Owen,19/09/2006,Female,4410 4314 9184,tampered
img_1766.png,Deborah Leach,13/04/1975,Male,7826 1954 7143,tampered
img_548.png,Dakota Frazier,14/06/1996,Female,3667 1732 5062,original
img_836.png,Alexander Harris,08/01/1983,Male,7329 5783 5793,tampered
img_2993.png,Robert Johnson,01/09/1971,Male,1692 1653 7510,tampered
img_2849.png,Isaiah Hughes,18/02/1997,Male,8049 1675 6057,tampered
img_223.png,Daniel Cooper,12/01/2004,Male,3993 3052 1532,tampered
img_145.png,Paul Harrison,28/11/2005,Male,4252 5430 1871,original
img_421.png,Elizabeth Taylor,11/02/1990,Female,7579 2077 4970,original
img_2986.png,Jerry Robbins,21/03/1984,Male,6704 5596 5593,tampered
img_1086.png,Kristi Dalton,24/10/1967,Male,8454 5114 5273,tampered
img_637.png,Mr. Bruce Newman PhD,13/04/1972,Female,5118 5127 1317,tampered
img_2619.png,Kara Hernandez,07/01/1970,Male,6367 3626 8639,original
img_808.png,Christine Andrews,23/09/2002,Female,3181 6664 6637,original
img_1094.png,Elizabeth White,18/11/1982,Female,3263 2995 6146,original
img_1650.png,Hannah Stevens,28/11/1982,Male,4867 7256 8306,original
img_2313.png,Christopher Lee,10/03/1985,Male,3825 8058 6100,tampered
img_516.png,Jacqueline Berry,03/01/2002,Female,2725 9886 4609,original
img_552.png,Derek Perkins,17/03/1999,Male,1858 5707 2243,original
img_392.png,Jonathan Smith,09/08/1976,Male,1416 3526 2220,tampered
img_2125.png,James Marsh,19/02/1991,Male,3716 5132 2841,tampered
img_965.png,Michael Lynch,06/07/1995,Male,3424 5170 6816,original
img_1466.png,Alice Molina,04/07/1999,Male,3386 7230 9103,tampered
img_2066.png,Brittney Flores,07/05/1977,Female,6582 5952 8421,tampered
img_1311.png,Cody Gaines,24/10/1991,Male,5494 6446 7527,tampered
img_2014.png,Sheila Santana,04/06/1984,Male,1781 5365 5311,original
img_2851.png,John Adkins,29/08/1984,Female,3465 8581 8348,tampered
img_1509.png,Joshua Larson,08/06/1980,Male,4136 5274 2437,tampered
img_1676.png,Debra Arellano,27/08/1965,Female,5803 2646 7437,tampered
img_969.png,Antonio Myers,03/06/2006,Male,1967 4890 3493,tampered
img_2141.png,John Johnson,08/01/1970,Male,9809 9276 7308,tampered
img_381.png,Richard Collins,27/01/2003,Male,8424 8738 6575,original
img_65.png,Lisa Gibson,13/05/1981,Female,7007 1281 6054,original
img_2258.png,Alexandra Lozano,15/09/1982,Male,3679 5250 4252,tampered
img_1416.png,Sarah James,14/09/1984,Male,4092 2824 5938,tampered
img_12.png,Rebecca Wilson,09/08/2000,Male,8715 6705 5562,tampered
img_1554.png,Anne Gutierrez,10/03/1991,Male,1528 2404 3507,tampered
img_71.png,Michael White,15/09/2004,Male,6853 3980 3188,original
img_1603.png,Angela Shaw,25/01/2007,Female,7269 2648 4202,tampered
img_2277.png,Kimberly Reyes,03/12/1996,Female,4437 2490 1200,tampered
img_2634.png,Matthew Hernandez,24/04/1992,Female,3137 5187 2318,tampered
img_653.png,David Dominguez,01/02/1984,Male,1435 3760 3400,original
img_2223.png,Sandra Miller,29/12/2000,Female,2485 6475 7811,original
img_2361.png,Jacob Morris,13/09/1983,Female,8241 4082 2708,tampered
img_2221.png,Joseph Murphy,05/02/1979,Female,4677 7868 4662,original
img_2595.png,Robert Morrison,24/03/2005,Female,1934 2912 9448,tampered
img_2489.png,Tammy White,04/01/1967,Female,9949 6313 7643,tampered
img_1702.png,Scott Hernandez,19/05/1973,Female,7153 6175 7769,original
img_1899.png,Taylor Donaldson,03/05/1982,Male,3798 4316 4850,tampered
img_2505.png,James Meyers,19/07/1969,Male,8027 6646 5307,original
img_2724.png,Mary Brown,18/06/2004,Female,2008 9930 8341,tampered
img_1359.png,Lauren Jennings,10/09/2000,Male,6290 4890 6204,original
img_376.png,Nichole Kim,05/12/2004,Female,5036 4252 8578,original
img_560.png,Kevin Thompson,03/08/1985,Male,4559 1990 1574,original
img_2153.png,Veronica Navarro,17/11/1997,Female,4206 1583 7542,tampered
img_164.png,Jacob Anderson,16/05/1996,Female,9390 2661 9367,original
img_2503.png,Norma Morris,02/10/1979,Male,4930 7244 4260,tampered
img_976.png,Cynthia Cruz,21/07/1997,Female,4615 2368 2972,original
img_110.png,Heather Snyder,06/01/1997,Female,6041 4931 2052,original
img_1971.png,Kathryn Porter,05/08/1997,Female,1398 5787 1757,tampered
img_2185.png,Michael Whitney,14/05/1971,Male,6467 1592 8682,original
img_2628.png,Amy Robinson,17/08/1971,Male,3670 6780 3277,tampered
img_1789.png,Raymond Fuentes,10/05/1999,Male,4476 6073 4359,original
img_519.png,Joseph Duran,02/02/2003,Male,6809 7770 4714,original
img_2745.png,Joshua Williamson,06/02/1981,Male,2160 9027 6462,original
img_2761.png,Mario Castillo,27/11/1997,Male,2430 9387 8807,tampered
img_1191.png,Michael Copeland,07/01/1976,Female,3312 4385 5310,tampered
img_767.png,Dr. Christopher Harris,23/04/1977,Female,1840 1396 4163,original
img_1719.png,Debra Hernandez MD,15/09/1967,Male,7896 7162 2637,original
img_1401.png,Stephen Watts,21/01/1992,Female,2370 8738 2042,tampered
img_2705.png,Elizabeth Stewart,18/04/1990,Male,6795 3860 9342,tampered
img_2288.png,Joseph Buck,06/02/1998,Male,4498 7236 5527,tampered
img_136.png,Amanda Dalton,18/05/1978,Male,9646 3185 3384,original
img_2782.png,Sarah Franklin,04/12/1987,Male,5214 7716 2220,tampered
img_952.png,Michael Mccoy,29/11/1965,Male,7885 2652 7705,original
img_1313.png,Catherine Chang,05/11/1996,Female,6653 7524 7582,original
img_2937.png,Scott Schultz,18/01/1991,Female,1995 9105 4792,original
img_2840.png,Sarah Cochran,08/07/1981,Male,8385 8401 3848,tampered
img_1081.png,Peter Anderson,12/04/1971,Female,8384 9336 5187,tampered
img_1319.png,Thomas Scott,21/05/1977,Male,9040 8614 6058,tampered
img_478.png,Jason Evans,21/04/1995,Female,3631 2319 1542,original
img_1064.png,Connie Adkins,08/11/1990,Female,2870 1470 8932,original
img_2243.png,Angela Kirby,05/02/1979,Female,1994 2775 5708,original
img_1210.png,Angela Hines,14/11/1999,Male,4974 7247 2212,original
img_2682.png,Christopher York,16/03/1974,Male,5542 8966 4978,tampered
img_936.png,Michelle Perkins,28/05/1988,Male,3964 7301 5387,tampered
img_1566.png,Ashley Martinez,05/01/2005,Female,8215 2400 1921,original
img_457.png,Tanya Romero,04/07/1986,Male,2990 7517 1817,tampered
img_2448.png,Courtney Cruz,12/03/2000,Male,1028 3811 7906,original
img_2730.png,Joy Young,10/03/1991,Male,8871 5292 3496,tampered
img_1291.png,Joe Cunningham,22/02/1990,Male,3604 1085 1101,tampered
img_1573.png,Kyle Rodriguez,20/09/1980,Female,2976 7588 8538,original
img_1892.png,Ian Novak,09/02/2002,Female,9748 9170 8490,tampered
img_1176.png,Emily Walters,11/06/1977,Female,6636 7309 8672,tampered
img_2994.png,Stephen Rogers,11/05/1988,Female,2733 1727 3124,original
img_862.png,Bryan Watson,09/02/1975,Male,8991 8182 3695,tampered
img_2198.png,Christopher Smith,30/03/1968,Female,3792 5102 4334,tampered
img_1538.png,Stephanie Parker,28/10/1965,Male,6517 3040 5845,original
img_1230.png,Mary Reynolds,13/12/1970,Male,4891 4087 5961,original
img_718.png,Peter Landry,17/04/1974,Male,6801 4457 1687,tampered
img_104.png,Amanda Osborne,22/01/1976,Female,1951 8456 9254,original
img_377.png,Mary Young DVM,24/11/1990,Female,1364 6331 3356,tampered
img_1096.png,Jessica Wright,20/01/2000,Female,4659 4977 4436,tampered
img_1144.png,Jennifer Mitchell,16/12/1999,Male,7768 7866 8027,tampered
img_1533.png,Dawn Mcdonald,02/09/1982,Female,1183 9642 9222,tampered
img_2593.png,Preston James,16/03/1974,Female,7480 7231 5477,original
img_770.png,Mark Martinez,01/06/1969,Male,8231 8653 7929,original
img_105.png,Kevin Cunningham,19/02/2002,Male,5294 1248 4583,original
img_423.png,Amber Clark,16/07/1987,Male,7344 7362 8001,original
img_1431.png,Suzanne Robertson,07/05/1979,Male,5861 7634 7524,original
img_1488.png,Jose Rodriguez,27/10/1987,Male,2522 6059 4500,original
img_1671.png,Tina Larson,16/06/2006,Male,8442 4755 1874,tampered
img_2046.png,Peter Wilkerson,05/02/1967,Female,5233 7976 6867,original
img_2442.png,Stacy Scott,31/01/1999,Male,6044 9382 6219,original
img_1105.png,Karen Johnson,04/03/1989,Female,8503 3165 4068,original
img_722.png,David Leach,25/03/1966,Female,8651 2460 2677,original
img_1831.png,Dillon Nelson,27/01/1968,Male,6776 2767 3671,original
img_1746.png,Heather Sherman MD,29/04/2006,Male,8303 5319 4139,original
img_1622.png,Scott Shaw,14/03/1976,Female,6242 1059 8990,tampered
img_315.png,Jennifer Rodriguez,04/01/1995,Female,5170 5304 5016,original
img_1059.png,Aaron Wood,11/11/1994,Female,5709 5671 6265,tampered
img_2581.png,Scott Lawson,26/04/2005,Male,5298 8225 5320,original
img_1360.png,Taylor Johnson,25/03/1987,Male,5924 4097 4871,original
img_2924.png,Anthony Brown,17/01/1989,Female,5892 8682 9914,tampered
img_2289.png,Emily Edwards,10/02/1984,Female,3536 5466 4410,original
img_1397.png,David Martin,29/06/1997,Male,5267 6493 9824,tampered
img_2899.png,Dennis Bridges,26/11/2007,Male,4128 8335 5539,original
img_1760.png,Dawn Mitchell,01/01/1982,Female,3060 7035 6778,tampered
img_664.png,Christina Kelly,26/10/1970,Female,9776 5135 7973,original
img_1641.png,Ronald Gamble,12/11/1981,Female,1865 6219 7120,original
img_1513.png,Christopher Kane,07/12/1982,Female,2804 2925 1804,original
img_1434.png,Stephanie Adams,20/03/2000,Male,2237 8855 4459,tampered
img_1378.png,Michael Taylor,30/01/1986,Male,3598 7758 9231,original
img_822.png,George Lee,28/11/1990,Male,4805 2983 4481,original
img_1024.png,Denise Pope,24/11/2004,Male,3463 7971 1368,original
img_2105.png,Julia Campbell,16/07/1987,Female,1322 2685 6080,original
img_2755.png,Frank Martinez,07/09/1999,Female,9984 3631 5603,original
img_2509.png,Laura Moyer,15/09/1984,Male,5610 9828 3319,original
img_2821.png,Ronald Graham,03/08/1997,Female,6846 9016 9345,tampered
img_2365.png,Alex Green,30/09/1969,Female,1837 2791 7547,tampered
img_2098.png,Kendra Jones,04/12/2005,Female,1692 2574 3515,original
img_1584.png,William Duran,06/05/1978,Male,9172 7048 2511,tampered
img_547.png,Debra Frye,07/04/1993,Male,6355 2266 2051,original
img_778.png,Alyssa Russo,02/04/1967,Female,1977 1407 1000,original
img_2649.png,Jessica Schmitt DDS,05/03/1965,Male,6150 1755 6094,original
img_588.png,Christopher Henderson,05/03/1978,Male,4362 7994 3337,original
img_1855.png,Chelsea Smith,30/08/2004,Male,4937 3708 1690,original
img_2541.png,Jerry Bird,05/07/2007,Female,4967 1917 7052,tampered
img_521.png,Robert Shelton,27/07/1970,Female,8657 7120 5531,original
img_2711.png,Tina Morales,08/09/1990,Female,2361 8034 9848,original
img_2830.png,Jessica Benson,23/05/1994,Female,3453 4504 8400,tampered
img_2464.png,Michael Lopez,29/07/1979,Female,7174 6959 8603,tampered
img_2118.png,Richard Collins,24/01/1971,Female,4738 7959 4367,tampered
img_2081.png,Michael Adkins,13/01/1975,Female,1762 8203 9864,original
img_981.png,Jessica Taylor,31/10/2000,Male,5886 7122 6354,original
img_25.png,Pamela Armstrong,18/10/1977,Female,5601 3580 6579,original
img_815.png,Mary Stone,27/12/1980,Male,8202 5511 3513,tampered
img_817.png,Justin Brown,26/01/1966,Female,5976 1724 9620,original
img_128.png,Nicholas Gonzales,15/11/1985,Female,3733 2085 5224,original
img_1962.png,Mark Mendez,10/01/1985,Male,9938 6006 3323,original
img_2175.png,Melissa Evans,24/06/1988,Female,9084 2170 5379,tampered
img_1512.png,Sarah King,04/02/1978,Male,5436 5637 4433,original
img_2540.png,Benjamin Petersen,19/08/1988,Female,5910 9957 8254,original
img_1424.png,Zachary Hamilton,29/09/1992,Male,9312 4542 2986,tampered
img_2302.png,John Mccarthy,20/11/2001,Male,6449 2092 3167,original
img_799.png,Jamie Porter,18/04/1996,Female,8000 4589 4596,tampered
img_144.png,John Brown,15/09/1969,Male,5328 5543 7604,original
img_1449.png,Denise Gonzales,04/08/2004,Female,8300 6709 3977,original
img_2094.png,Zachary Rodriguez,16/11/2003,Male,3011 2499 1777,tampered
img_2283.png,Dr. Charles Taylor DDS,30/12/1972,Female,8249 9107 9332,original
img_1052.png,Vanessa Acosta,26/11/1969,Male,3383 4055 1341,tampered
img_1481.png,Micheal Gonzalez,14/02/2003,Male,8996 5721 8717,tampered
img_2186.png,Kathryn Clark,02/04/1969,Male,6050 6893 2664,original
img_2500.png,Samantha Roman,10/03/1969,Female,5476 2595 9199,tampered
img_1223.png,Austin Johnson,11/02/1993,Female,9975 1988 6443,tampered
img_929.png,Tamara Harris,05/06/1992,Female,7598 8576 1409,original
img_320.png,Deborah Mcclure,19/01/2007,Male,8384 9504 6823,tampered
img_873.png,Kelly Smith,04/07/1989,Female,8289 2477 5230,tampered
img_1632.png,Kristopher Nelson,26/10/2003,Male,2066 9572 7262,tampered
img_2308.png,Henry Hendricks,11/05/1972,Female,9590 5406 4687,tampered
img_2883.png,Paul Ali,26/05/1991,Male,4380 8632 9887,original
img_1098.png,Elizabeth Lara,10/01/1984,Female,9538 2982 9034,original
img_165.png,Jerry Leblanc,04/01/1996,Male,6541 2186 7781,original
img_1484.png,Paul Jones,22/01/1993,Male,5027 4136 8023,tampered
img_2044.png,Nicole Compton,06/05/1989,Female,3649 1914 1308,original
img_1169.png,Tammy Drake,06/10/1991,Male,9073 2569 6970,tampered
img_493.png,David Parker,03/07/1968,Female,7966 8667 9293,original
img_974.png,Jesse Elliott,15/05/1975,Male,5848 9159 4056,original
img_340.png,Toni Crosby,08/12/1970,Female,9094 8573 8784,original
img_2539.png,Caleb Brennan,19/12/1989,Female,2085 1166 9688,original
img_118.png,Jordan Hurley,02/07/1987,Male,1870 6732 6377,tampered
img_170.png,Stephen King,30/03/1966,Male,2278 4572 2315,original
img_2481.png,Jessica Martin,09/09/1986,Male,5977 4643 2142,original
img_2984.png,Doris Wyatt,06/10/1969,Female,1899 5287 2046,tampered
img_1613.png,David Melendez,07/05/2007,Female,9921 8680 4032,tampered
img_2430.png,Steve Miller,01/07/1980,Female,4357 6605 9599,original
img_1731.png,Valerie Mckee,19/02/1979,Female,9305 5202 3947,original
img_899.png,Lori Bender,23/09/1982,Male,8994 2349 5769,original
img_2.png,Rachael Torres,30/07/1991,Female,8236 9797 6129,original
img_2746.png,Robert Bailey,25/09/2005,Female,8455 6653 9142,original
img_227.png,Michael Morgan,09/02/1975,Male,2469 9989 4954,tampered
img_239.png,Thomas Colon,19/07/1980,Male,9272 7546 3659,tampered
img_1521.png,Devin Wright,11/03/1969,Male,4494 1698 2402,original
img_254.png,Justin Oconnell,17/11/2002,Male,4321 4344 8482,tampered
img_2884.png,Mark Hernandez,28/04/2000,Male,1442 4227 1390,tampered
img_1172.png,Scott Esparza,08/01/1973,Female,9074 9032 1106,tampered
img_511.png,Joshua Mercado,22/03/1990,Female,1879 8562 2274,tampered
img_9.png,Megan Reese,24/06/2003,Female,6928 5170 2755,original
img_1446.png,Gloria Thomas,09/03/1975,Female,2537 8160 4240,original
img_1408.png,Mark Alexander,30/01/1997,Male,3679 3954 4339,tampered
img_2290.png,Kara Murphy,25/09/1982,Male,9008 5400 3846,original
img_2701.png,Ryan Sheppard,18/11/2001,Female,8085 3697 2205,tampered
img_1448.png,William Carter,04/08/1986,Female,8947 8641 5772,original
img_2738.png,Nicholas Mendoza,04/06/1995,Male,9804 7748 3799,original
img_2875.png,Linda Carter,05/08/1988,Female,1785 8048 6452,tampered
img_2321.png,Nicholas Thompson,18/12/2006,Male,9244 9153 9535,tampered
img_1409.png,Tyrone Simon,07/12/1973,Male,9413 8265 4169,tampered
img_2451.png,Cassandra Hartman,25/05/1965,Male,1968 2727 5592,original
img_1188.png,Chelsea Williams,15/04/1969,Male,8635 8365 2682,tampered
img_440.png,Nathaniel Thomas,25/07/1996,Female,7335 4495 3248,original
img_1844.png,Courtney Walker,25/01/1967,Female,8012 3062 7599,tampered
img_1423.png,Richard Smith,01/06/1992,Female,6850 4688 7608,original
img_2278.png,Christopher Brown,05/11/2007,Female,9284 2192 4328,tampered
img_303.png,Tara Harris,29/10/2004,Female,3122 4770 1496,tampered
img_657.png,Justin Vazquez,20/04/1993,Male,7464 1031 7571,original
img_2412.png,Jesus Lewis,17/04/1968,Female,5070 5343 6917,original
img_1125.png,Jennifer Lopez,17/05/1981,Male,7293 1871 1729,tampered
img_1801.png,Timothy Weaver,10/09/1988,Male,1559 2848 2277,tampered
img_2765.png,Richard Garcia,20/02/1983,Female,6898 7275 7504,tampered
img_919.png,Taylor Briggs MD,08/12/1988,Male,3244 1911 9386,original
img_680.png,Curtis Reid,15/10/1966,Male,4348 8448 7765,original
img_2642.png,Aaron Coleman,15/04/2003,Female,2993 6272 9878,tampered
img_2148.png,Russell Hall,20/03/2007,Female,6970 8832 9580,tampered
img_1898.png,Tami Ayala,11/02/2007,Female,8783 8020 3179,tampered
img_351.png,Cindy Rose,07/02/1995,Female,2602 9434 5466,original
img_2641.png,Francisco Russell,12/09/1971,Male,8873 5797 3634,tampered
img_2089.png,Ariel Gonzalez,30/07/2003,Female,6053 4486 5680,original
img_2750.png,Larry Johnson,28/02/2001,Female,3647 8864 2085,original
img_1336.png,Courtney Wilson,15/09/1977,Male,3398 2535 1136,tampered
img_45.png,Courtney Payne,05/09/1970,Female,8424 3732 2965,tampered
img_1283.png,Christopher Morris,01/08/1974,Female,6290 9862 8459,original
img_2024.png,Tammy Phillips,14/01/1969,Male,3656 2732 1772,tampered
img_510.png,Kenneth Dalton,25/11/1982,Male,1716 8887 8180,tampered
img_1373.png,Gary Fields,18/07/1971,Male,2488 3742 8593,original
img_807.png,Nicholas Mccoy,22/02/1979,Female,3673 4909 7336,tampered
img_1703.png,Matthew Roberson,02/07/1973,Female,7938 8894 9175,tampered
img_2852.png,Donna Cole,30/09/1976,Male,8012 3072 9402,tampered
img_2252.png,Joseph Hayes,24/11/1993,Male,4033 2015 6259,original
img_1877.png,Chloe Hardy,20/08/1976,Female,6181 9781 3776,tampered
img_1857.png,Steven Brown,23/03/2004,Male,5602 7488 1211,tampered
img_2167.png,Patrick Meyer,25/10/1994,Male,5370 1806 1165,original
img_101.png,Laura Thompson,14/09/2003,Male,5985 9240 3481,tampered
img_2880.png,Ashley Cameron,20/07/1989,Male,6820 3764 5029,original
img_2026.png,Randall Thompson,18/02/1985,Female,7149 3031 7825,original
img_592.png,James Carter,19/01/2003,Male,1174 7851 1992,original
img_1869.png,Blake Brown,28/12/2003,Male,4471 4969 9264,tampered
img_847.png,Eddie Blair,29/09/1986,Female,2101 1127 2409,original
img_2937.png,Scott Schultz,18/01/1991,Female,1995 9105 4792,tampered
img_1123.png,Robert Miles,16/08/1977,Male,9122 1468 5628,original
img_2708.png,Mrs. Stacy Cisneros MD,27/04/1975,Female,2092 3833 4636,tampered
img_824.png,Lisa Johnston,03/10/1981,Male,6926 7436 7661,original
img_1732.png,Elizabeth Luna,19/04/1973,Female,9163 9483 5528,original
img_2902.png,Katie Stewart MD,05/11/1991,Female,7063 9509 8075,original
img_2611.png,James Ramirez,29/05/1969,Male,6043 4936 7595,tampered
img_1615.png,Carmen Kelly,26/06/1966,Male,2729 2125 6962,tampered
img_2458.png,Carl Walton,11/02/1982,Female,5142 5879 6476,tampered
img_2679.png,Nicole Garrison,10/08/1989,Male,9868 4952 7619,tampered
img_2724.png,Mary Brown,18/06/2004,Female,2008 9930 8341,original
img_584.png,Elizabeth Stafford,07/02/1986,Female,4641 6274 4684,original
img_904.png,Rebecca Harris,15/02/1973,Male,1188 9241 4681,tampered
img_198.png,Sarah Kirby,13/05/1990,Female,1510 2674 6929,original
img_859.png,Karen Williams,01/08/1967,Male,3517 7353 5221,tampered
img_2285.png,Charles Stewart,29/12/1987,Female,5433 9711 7970,original
img_1380.png,Joseph Murphy,03/07/1980,Male,9469 7580 6960,original
img_2240.png,Haley Hardin,15/09/2005,Female,5331 2494 1677,tampered
img_187.png,Regina Morris,28/08/1988,Female,5075 3528 6333,original
img_2299.png,Jill Blake,14/04/2004,Female,3551 1293 2057,original
img_1668.png,Sarah Webb,30/01/1992,Female,5409 5147 9249,original
img_314.png,Anna Perez,02/01/1973,Male,4642 3312 6864,tampered
img_127.png,Cheryl Williams,01/05/2000,Female,6852 5636 7006,tampered
img_1729.png,Mitchell Deleon,15/06/1970,Male,1272 5026 1904,tampered
img_2998.png,Heather Williams,01/05/1967,Male,7750 5613 8286,tampered
img_89.png,Michael Nixon,05/10/1980,Male,5769 7324 7029,tampered
img_2470.png,Andrea Benson,30/10/1978,Male,2546 5818 4370,original
img_931.png,Michael Martin,12/09/1992,Female,1535 4379 2557,original
img_899.png,Lori Bender,23/09/1982,Male,8994 2349 5769,tampered
img_554.png,Jasmine David,20/02/1967,Male,6690 1414 4116,original
img_704.png,Olivia Bowers,18/09/2000,Male,7086 3680 8749,original
img_171.png,Steven Hawkins,02/10/1989,Male,1243 1186 3270,tampered
img_2930.png,Jennifer Townsend,09/08/1993,Female,2787 7061 3840,tampered
img_1063.png,Connie Romero,25/10/1984,Male,7710 1075 6134,tampered
img_1491.png,Lance Walker,28/05/1982,Female,2236 6342 6414,original
img_1851.png,Ronald Miranda,12/04/2004,Male,6460 4257 6993,tampered
img_461.png,Michelle King,13/02/1995,Female,8389 3168 9314,original
img_433.png,Patricia Stevens,13/06/1994,Female,5774 7847 1080,original
img_2604.png,Miranda Bowen,17/03/1973,Female,1263 9409 3404,tampered
img_1337.png,Matthew Baker,13/04/1997,Male,9588 3338 1191,tampered
img_1861.png,Victoria French,02/12/2006,Male,7494 3777 1649,tampered
img_1078.png,Michael Williams,26/12/1988,Female,7256 7348 5824,tampered
img_917.png,Robert Munoz,08/02/1981,Female,9728 1990 1053,tampered
img_367.png,Shaun Smith,29/05/1983,Male,9105 5044 5385,tampered
img_431.png,Seth Palmer,12/01/2002,Male,1592 4467 3400,tampered
img_208.png,Sydney Ewing,26/11/2001,Male,5485 7554 4681,tampered
img_1797.png,Raymond Jackson,24/06/1979,Female,9922 6342 7689,tampered
img_1748.png,Megan Hardin,19/01/1980,Female,3881 3115 9386,tampered
img_2779.png,Adam Edwards,19/05/1965,Male,5005 5630 7435,original
img_2599.png,David Murphy,01/06/1973,Female,2707 9363 4364,tampered
img_751.png,Kevin Taylor,08/08/1981,Male,8443 8679 9925,original
img_2578.png,Jennifer Valdez,16/03/1992,Male,1371 2504 8860,original
img_1824.png,Erin Rogers,15/05/1996,Female,3628 7870 3338,original
img_1575.png,Melanie Jones,30/12/1979,Female,3753 1814 7326,original
img_2709.png,Hayley Rogers,30/03/1996,Male,4612 2759 8227,tampered
img_892.png,Robert Reyes,03/01/2006,Female,3241 6399 4711,tampered
img_613.png,James Woods,29/09/1996,Male,6739 2789 1276,tampered
img_2344.png,Rodney Munoz,12/09/1968,Female,3915 4727 5789,original
img_1584.png,William Duran,06/05/1978,Male,9172 7048 2511,original
img_1566.png,Ashley Martinez,05/01/2005,Female,8215 2400 1921,tampered
img_1796.png,Max Freeman,07/04/1988,Male,7959 4205 9849,tampered
img_2624.png,Antonio Knight DDS,18/08/1980,Female,6075 6955 2669,original
img_41.png,Brett Mcdaniel,16/06/2002,Female,9171 3159 2283,tampered
img_610.png,Brittney Ritter,03/10/1966,Female,9452 5887 4026,tampered
img_1896.png,Christopher Wilkins,07/04/1973,Male,7988 8380 3603,original
img_638.png,Jasmin Powell,17/09/1984,Female,7541 3311 6490,tampered
img_2166.png,Scott Guzman,23/04/1998,Female,9804 8476 7247,original
img_2840.png,Sarah Cochran,08/07/1981,Male,8385 8401 3848,original
img_626.png,Gregory Cross,14/12/2001,Female,5649 6766 3608,tampered
img_406.png,Heather Peterson,19/02/1985,Male,8845 7402 5165,tampered
img_406.png,Heather Peterson,19/02/1985,Male,8845 7402 5165,original
img_354.png,Gloria Skinner,17/07/1977,Female,3356 8030 7472,original
img_2162.png,Thomas Barber,29/01/1995,Female,5258 6160 5159,tampered
img_2692.png,Nicole Brown,31/12/1997,Male,6806 4093 9378,tampered
img_184.png,Vanessa Jones,01/11/1981,Female,3370 8149 5898,original
img_1513.png,Christopher Kane,07/12/1982,Female,2804 2925 1804,tampered
img_812.png,Jessica Smith,13/11/1996,Male,7467 1484 2396,tampered
img_320.png,Deborah Mcclure,19/01/2007,Male,8384 9504 6823,original
img_265.png,Albert Porter,15/10/1986,Female,7089 2235 1133,original
img_601.png,Austin Mills,28/08/1978,Male,6859 3179 2172,original
img_2329.png,Anthony Hartman DVM,29/12/2003,Female,6993 1568 5244,original
img_387.png,Karen Rodgers,28/05/1994,Female,5409 1947 6976,tampered
img_864.png,Katie Gordon,15/01/1974,Male,3698 9375 4172,original
img_2614.png,Michael Schmidt,21/08/1966,Female,1013 6999 5643,original
img_2246.png,Peter Carr,03/09/1973,Male,6308 3123 4774,original
img_1491.png,Lance Walker,28/05/1982,Female,2236 6342 6414,tampered
img_2934.png,Matthew Banks,03/01/2001,Male,4412 5664 9920,original
img_2157.png,Alexis Moore,27/01/1996,Male,6133 6831 6098,original
img_2374.png,Keith Moore,13/04/1973,Female,5196 4416 4162,tampered
img_1537.png,Megan Sharp,16/11/1995,Male,7438 1694 8748,original
img_921.png,Joel Myers,24/01/1986,Male,5256 8872 9832,original
img_473.png,David Cabrera,24/02/1979,Male,4617 6431 7889,tampered
img_2845.png,Anthony Underwood,18/04/1987,Female,6054 8211 2176,original
img_766.png,Ryan Hernandez,15/08/1999,Female,4818 8801 9700,tampered
img_1070.png,Paul Marshall,05/02/1976,Male,8983 3760 6879,tampered
img_2350.png,Mary Morgan,12/04/1972,Male,4638 9961 3794,tampered
img_73.png,David Reynolds,01/06/1968,Female,1665 3383 2125,tampered
img_458.png,Lisa Morton,20/02/1995,Male,5652 5738 5657,original
img_362.png,Andrew Phillips,13/03/1990,Male,7774 1593 2953,original
img_560.png,Kevin Thompson,03/08/1985,Male,4559 1990 1574,tampered
img_2302.png,John Mccarthy,20/11/2001,Male,6449 2092 3167,tampered
img_796.png,Danielle Bean,17/05/2003,Female,2204 6169 9692,original
img_2592.png,Taylor Buck,09/06/1989,Female,1809 1725 1990,original
img_2254.png,Danielle Richard,29/08/1980,Male,3261 4130 5595,tampered
img_2933.png,Diana Mendoza,10/03/1995,Female,9691 8874 3805,tampered
img_773.png,David Collins,09/01/1992,Female,9428 3017 3522,tampered
img_725.png,Zachary Contreras,30/10/1978,Female,5536 4645 3551,original
img_2423.png,Kristin Chung,21/03/1989,Female,7169 5080 9919,tampered
img_1373.png,Gary Fields,18/07/1971,Male,2488 3742 8593,tampered
img_2539.png,Caleb Brennan,19/12/1989,Female,2085 1166 9688,tampered
img_1808.png,Cheryl Horn,12/05/1976,Male,6897 6200 9335,original
img_2115.png,Valerie Gordon,13/01/1979,Male,3113 2763 4908,tampered
img_1485.png,James Nichols,11/04/1970,Female,1534 1596 9084,tampered
img_2669.png,Scott Montoya,31/03/1966,Female,7946 3876 9179,original
img_927.png,Jessica Harvey,23/04/2002,Female,9287 1909 4463,original
img_1961.png,Julie Harvey,26/05/1972,Female,4934 4075 4245,original
img_336.png,Ryan Adams,14/01/1970,Female,7823 6228 8990,original
img_1657.png,Kelsey Solis,14/09/1997,Male,4718 3582 1110,tampered
img_332.png,Ashley Stanley MD,20/02/2001,Female,2760 2080 3320,tampered
img_844.png,Mark Curry,25/03/1985,Male,3171 3631 5339,original
img_2688.png,Amy Weaver,11/09/1992,Male,3638 2890 7992,original
img_235.png,Jason Pham,23/01/1980,Female,3634 5444 1397,tampered
img_2780.png,Philip Sanchez,13/06/1983,Female,1950 7055 4412,tampered
img_1149.png,Annette Moss,21/06/2004,Female,2881 7290 7751,original
img_122.png,Charles Pope,27/06/1982,Male,2754 5275 1229,tampered
img_1571.png,Teresa Smith,24/09/1999,Female,2143 9563 6087,tampered
img_1619.png,Anna Reed,07/01/1987,Female,7985 7615 7592,original
img_19.png,Morgan Jackson,08/05/2003,Female,6849 2455 2282,tampered
img_1832.png,Karen Bell,19/12/1976,Male,3158 5196 3724,original
img_753.png,Timothy Scott,24/12/1982,Female,2178 9732 4222,tampered
img_1225.png,Tracy Bailey,01/06/1983,Male,5981 4677 5335,tampered
img_1956.png,Dr. Daniel Guzman,17/01/2002,Female,8856 3548 3358,tampered
img_59.png,Rick Anderson,08/08/1986,Male,4653 8679 5907,tampered
img_2609.png,Jeremy Baldwin,25/03/1968,Male,6366 9898 7069,tampered
img_1040.png,Crystal Young,29/05/2003,Female,4468 3293 7053,original
img_908.png,Andrea Gibbs,21/12/2007,Male,5335 7677 1970,original
img_627.png,Natalie Alvarez,21/03/1984,Female,8742 5445 4500,tampered
img_1580.png,Daniel Dennis,18/01/1984,Male,1726 3416 6507,original
img_326.png,Shannon Burns,28/03/1982,Male,7863 8121 7553,original
img_486.png,Terry Kennedy,12/04/1986,Female,7224 4135 2985,tampered
img_2715.png,Jessica Huynh,18/08/1995,Female,1366 8087 3171,tampered
img_2774.png,Richard Hammond,21/06/1997,Female,9027 5739 4764,original
img_319.png,Suzanne Heath,06/03/2003,Male,6895 6866 5495,tampered
img_674.png,Mrs. Katie Haynes MD,28/08/1969,Male,2087 3248 5664,tampered
img_1735.png,Brittany Johnson,23/03/1972,Female,2451 5315 6318,tampered
img_1363.png,Alejandra Perez,21/01/1982,Female,8157 9719 8283,tampered
img_441.png,Alyssa Goodman,12/05/1995,Female,1042 1852 3995,tampered
img_260.png,Holly Vincent,27/06/1978,Male,1656 2528 2907,original
img_1256.png,Robert Welch,02/04/1992,Female,8225 3870 4511,tampered
img_970.png,Duane Brewer,04/05/1995,Male,8287 1640 8400,tampered
img_2670.png,Shirley Heath,27/06/2003,Male,1837 2154 9922,original
img_339.png,Alyssa Woods,28/07/1976,Male,6731 1401 4581,tampered
img_2353.png,Gary Pena,28/04/1967,Male,3248 9421 3976,original
img_1550.png,Scott Davis,07/05/1973,Female,2684 8071 1685,original
img_1888.png,James Eaton,06/12/1996,Male,5011 4518 1684,tampered
img_2979.png,Matthew Gaines,30/09/1990,Female,8482 7021 9942,tampered
img_2347.png,Kenneth Todd,25/01/1966,Male,2751 3632 1034,original
img_1613.png,David Melendez,07/05/2007,Female,9921 8680 4032,original
img_494.png,Cory George,05/05/1982,Male,7432 6327 5050,tampered
img_2394.png,Danielle Reynolds,19/04/1977,Female,6856 5189 6342,original
img_2603.png,Deborah Walker,13/10/1996,Male,8150 8749 8931,original
img_2646.png,Rachel French,13/11/1993,Female,7603 6989 8044,original
img_2880.png,Ashley Cameron,20/07/1989,Male,6820 3764 5029,tampered
img_2295.png,Megan King,07/09/1977,Male,3620 8181 1402,tampered
img_1696.png,Randy Hurley,08/08/1968,Male,7373 3492 8178,tampered
img_1610.png,Brett Duncan,25/08/1987,Male,1539 7701 1550,original
img_2353.png,Gary Pena,28/04/1967,Male,3248 9421 3976,tampered
img_2802.png,Timothy Frye,16/03/1970,Female,9344 8609 8201,tampered
img_1939.png,James Clark,22/07/1999,Female,4908 1428 7335,original
img_765.png,Nicholas Miller,15/07/1976,Female,9196 3156 7657,original
img_702.png,Tonya Green,17/08/1981,Female,6323 6538 1081,tampered
img_578.png,Tyrone Schaefer,04/04/2001,Male,9910 7197 9284,original
img_2030.png,Dr. Morgan Campos DDS,20/05/1986,Male,8565 4757 9040,tampered
img_2807.png,Sue Young,11/10/1984,Male,3802 2572 2403,original
img_1200.png,Christian Bright,15/09/1992,Male,5780 2850 5619,original
img_2925.png,Nancy Jones,19/04/2003,Female,8035 6315 1941,tampered
img_2672.png,Jenna Singleton,07/07/1984,Male,6261 2871 4163,tampered
img_1190.png,Susan Gonzalez,03/07/1967,Male,1944 3403 8033,original
img_2388.png,Karen Moore,23/09/1987,Male,4998 5447 6125,tampered
img_239.png,Thomas Colon,19/07/1980,Male,9272 7546 3659,original
img_641.png,Billy Dennis,04/08/1993,Female,9795 1981 3494,tampered
img_342.png,Nicole Lewis,13/11/1990,Female,2653 8748 2602,original
img_2021.png,Elizabeth Richards DDS,03/04/1979,Female,9926 2273 8413,original
img_549.png,Heather Lambert,13/11/1991,Male,3187 9295 1954,tampered
img_1034.png,Frank Villa,25/08/1996,Male,3168 7615 7617,tampered
img_605.png,Jessica Hardin,01/05/1995,Male,5077 1317 5090,tampered
img_168.png,Terry Phillips,16/01/1999,Male,8010 9954 8904,original
img_2657.png,Mr. Caleb Walters,13/07/1973,Female,3033 4413 5823,tampered
img_1126.png,Todd Fleming,11/03/1983,Male,3063 8591 9190,tampered
img_1587.png,Steven Simmons,22/02/1982,Female,3682 4173 3480,original
img_1689.png,Patricia Kim,05/11/1978,Male,9833 4162 4335,tampered
img_548.png,Dakota Frazier,14/06/1996,Female,3667 1732 5062,tampered
img_2893.png,Christina Moore,11/11/2005,Female,7283 5110 1152,tampered
img_891.png,Amanda Garcia,05/12/2005,Male,1529 9285 4487,original
img_718.png,Peter Landry,17/04/1974,Male,6801 4457 1687,original
img_1800.png,Terry Figueroa,06/08/2007,Female,9027 5833 9037,original
img_999.png,James Snyder,06/11/1984,Male,4534 1286 5339,tampered
img_856.png,Todd Campbell,21/02/2005,Male,7282 1395 8218,original
img_2161.png,Joshua Mcclure,27/01/2003,Female,8696 3679 8735,tampered
img_2810.png,Brandon Young,18/02/1990,Female,7037 4200 7191,original
img_2360.png,Mrs. Margaret Johnson,19/02/1978,Female,7461 3239 2998,tampered
img_1055.png,John Powell,01/03/1975,Male,3758 9211 7034,tampered
img_1341.png,Crystal Gutierrez,26/06/1984,Male,9845 1269 6843,original
img_525.png,Megan Martin,07/04/1976,Female,1383 8389 4936,tampered
img_992.png,Patricia Jones,22/03/1981,Female,2806 3047 3400,tampered
img_2638.png,Steven Smith,19/05/1968,Female,1063 4603 7655,original
img_484.png,Tracey Henry,02/02/1982,Male,4079 2857 8127,tampered
img_590.png,Theodore Freeman,06/12/1980,Male,1137 2895 4560,original
img_890.png,Ashley Shannon,06/03/1995,Female,9306 8204 4519,original
img_2754.png,Mr. Jeffrey Maxwell,09/11/1980,Male,5149 3880 6939,original
img_2585.png,Brittany Brown,20/06/1965,Male,8629 6705 1505,tampered
img_83.png,Richard Ware,19/06/2001,Male,5744 9754 1223,original
img_1316.png,David Lee,16/06/1987,Female,9969 8670 7090,original
img_649.png,Tony Garcia,18/01/1968,Male,1730 1928 5419,tampered
img_742.png,Samuel Smith,20/11/1971,Female,7969 3961 1005,tampered
img_460.png,Patricia Miller,16/06/1995,Male,9807 7472 8806,tampered
img_2835.png,Ryan Robinson,10/05/1991,Male,3952 6158 3485,tampered
img_1498.png,Katie Adams,16/04/2002,Male,9691 8868 6723,tampered
img_2119.png,David Case,30/01/1975,Male,1536 6856 6489,original
img_716.png,Alexis Rivers,18/05/1983,Male,9537 3211 7024,tampered
img_1526.png,Juan Murray,19/08/1992,Female,7996 3444 4381,original
img_877.png,Karen Marquez,15/04/1988,Female,7480 3770 2984,tampered
img_2505.png,James Meyers,19/07/1969,Male,8027 6646 5307,tampered
img_2629.png,David Beck,02/08/2000,Female,2947 4836 4603,tampered
img_1729.png,Mitchell Deleon,15/06/1970,Male,1272 5026 1904,original
img_1287.png,Michael Garcia,03/09/1997,Male,6679 6410 8955,tampered
img_794.png,Mary Bates,21/09/1981,Male,5097 5321 1022,original
img_2251.png,Jennifer Smith DVM,19/12/1995,Male,2329 3031 2321,tampered
img_1290.png,Amanda Moore,17/05/1984,Female,7683 1547 8841,tampered
img_1422.png,Lynn Hull,30/07/1984,Male,4472 1085 6608,original
img_1379.png,Shannon Black,01/05/1984,Male,7395 9354 2126,tampered
img_2472.png,Tyler Brady,04/08/1995,Female,1216 1486 5646,original
img_146.png,Caleb Myers,25/04/1990,Female,6773 5358 6896,tampered
img_1602.png,Thomas Stanton,16/02/1991,Male,6566 3499 3521,tampered
img_1293.png,Lisa Mckinney,21/07/1987,Male,2228 9492 7449,tampered
img_1046.png,Kathleen Sanchez,25/04/2001,Female,5232 5905 2907,tampered
img_132.png,Janet Edwards,14/12/1992,Female,7398 9115 6933,tampered
img_1790.png,William Johnson,19/08/2001,Female,5204 9886 2042,original
img_2356.png,Lisa Sherman,16/04/1977,Female,9836 7466 7152,tampered
img_2739.png,Tina Bridges,04/07/1997,Male,6318 4430 9998,tampered
img_2491.png,Mrs. Danielle Sullivan DVM,10/09/1978,Male,4389 7321 2634,tampered
img_2740.png,Nicholas Henry,04/08/1996,Male,9747 3910 2709,tampered
img_1546.png,Renee Snyder,19/08/1965,Male,9888 8555 8020,original
img_1487.png,Heather Phillips,02/06/1965,Male,4878 7992 6088,tampered
img_2111.png,Tiffany Moore,03/07/1966,Female,4387 2815 8716,original
img_2275.png,Hannah Moore,08/07/1992,Female,5171 9005 5793,tampered
img_1966.png,Samantha Ashley,11/02/2004,Female,6011 2329 1026,original
img_30.png,Tina Collins,19/07/1986,Male,4651 9999 2724,tampered
img_450.png,Marc Sims,10/10/1969,Female,6012 7673 2110,original
img_2549.png,April Mueller,14/08/1996,Female,3918 4153 8703,original
img_1627.png,Sheena Baxter,24/02/1993,Male,6226 1860 8198,original
img_2963.png,Dr. Dawn Woodard,12/02/1974,Female,9438 3647 9182,tampered
img_1721.png,James Gates,06/12/1967,Female,7403 2021 4954,original
img_2637.png,Jonathan Williamson,16/12/2000,Female,7332 2543 5219,tampered
img_430.png,Alisha Durham,26/09/1981,Male,6317 9016 4217,original
img_918.png,Denise Wilson,31/01/1977,Male,4745 6497 1201,tampered
img_1436.png,Mario Anderson,26/07/1975,Male,6513 8969 7808,original
img_911.png,Joshua Barnes,01/06/1989,Female,9917 5015 2726,original
img_265.png,Albert Porter,15/10/1986,Female,7089 2235 1133,tampered
img_1929.png,Victor Newman,07/04/1984,Female,5282 9987 8479,original
img_2873.png,Danielle Higgins,13/01/1984,Female,7864 4575 5346,original
img_1025.png,Cynthia Davis,24/08/1992,Male,1841 6286 8130,original
img_1209.png,William Wilson,28/03/1979,Female,2154 7656 6534,tampered
img_1027.png,Jessica Price,19/06/1983,Male,1341 7268 3005,tampered
img_1369.png,Jason Harris,24/10/1998,Male,1610 3015 1791,tampered
img_2888.png,Nicholas Matthews,19/06/1969,Female,7915 9052 7539,tampered
img_1038.png,Julie Bell,09/01/1966,Female,7600 5170 8941,tampered
img_1224.png,Benjamin Hardy DDS,11/03/1996,Female,9889 4813 6860,original
img_1173.png,Susan Johnson,07/03/1982,Male,1233 4622 3277,tampered
img_218.png,Jacob Velez,23/05/1975,Male,6472 6418 3964,tampered
img_2848.png,David Stone,22/10/1998,Male,6018 1667 4717,tampered
img_300.png,Travis Jones,27/03/2004,Male,9547 7144 6353,original
img_1464.png,John Grant,05/05/1984,Male,9078 5863 9120,original
img_475.png,Samantha Roberson,11/09/1977,Male,9549 6493 9185,original
img_2550.png,Michele Brown,31/10/2005,Male,1561 4659 3272,original
img_2953.png,Jeffrey Miller,21/08/2007,Female,1555 6559 9976,original
img_2874.png,Colin Alexander,27/12/1987,Male,1815 7081 5963,original
img_757.png,Nancy Gardner,16/10/1968,Female,1615 6344 5122,original
img_2918.png,Anthony Rodriguez,01/05/1976,Male,5318 3940 9850,tampered
img_2513.png,Cindy Simmons,20/04/1988,Male,4489 2607 8244,original
img_2105.png,Julia Campbell,16/07/1987,Female,1322 2685 6080,tampered
img_80.png,Gary Pollard,22/02/1985,Female,7783 7147 7874,original
img_565.png,Karen Hull,05/08/1991,Female,9070 6336 1748,original
img_1031.png,Austin Cunningham,02/11/1983,Male,3110 5691 1954,original
img_2698.png,Sarah Carey,21/07/2003,Male,1877 5497 9235,original
img_2666.png,Bobby Webster,25/02/1982,Male,2217 5920 8645,tampered
img_1848.png,Michael Boone,15/10/1998,Female,1466 6850 1756,original
img_2346.png,Joseph Patterson,30/11/1989,Male,9391 4022 1670,original
img_2731.png,Jacqueline Lang,07/09/1978,Female,8243 2661 7196,tampered
img_2523.png,Laura Cooper PhD,03/04/1989,Male,2557 3414 7133,tampered
img_2992.png,Lisa Walker,02/12/1972,Male,4489 8130 5940,tampered
img_50.png,Danny Palmer,08/05/1978,Male,5757 3359 2195,tampered
img_598.png,David Fields DDS,24/09/1985,Female,7011 7089 1673,original
img_1797.png,Raymond Jackson,24/06/1979,Female,9922 6342 7689,original
img_1878.png,Crystal Sharp,09/05/2007,Male,6661 2880 4772,original
img_107.png,Victoria Price,16/03/1984,Female,9073 9486 6686,tampered
img_925.png,Kim Jackson,17/07/1989,Male,1617 8036 2135,original
img_1006.png,Eric Rush,25/06/2007,Male,9933 6702 4725,tampered
img_2013.png,Wanda Hunt,04/07/1972,Male,7330 5639 5365,tampered
img_553.png,Nicolas Ramirez,12/12/1989,Male,1714 5341 1110,original
img_2947.png,Terry Cole,27/01/1974,Female,3930 3155 8420,original
img_2087.png,Andrew Wilson,17/09/1968,Female,4614 8243 8403,original
img_376.png,Nichole Kim,05/12/2004,Female,5036 4252 8578,tampered
img_1186.png,Kenneth Walker,06/03/1985,Male,5316 5667 2171,tampered
img_1780.png,Jorge Ramirez,19/11/1989,Male,6613 6777 1934,original
img_1846.png,Kimberly Novak,07/12/2006,Male,4482 3497 7455,original
img_701.png,Claire Gardner,13/12/1983,Female,1710 5946 8376,tampered
img_2110.png,William Galvan,26/05/1997,Male,1850 9957 3489,tampered
img_1713.png,Joshua Barrett,03/10/1992,Male,6831 7531 9643,tampered
img_1000.png,Morgan James,21/05/1996,Male,1079 4662 2019,original
img_1945.png,Paul Gardner,23/11/1994,Female,6492 2219 4815,tampered
img_2690.png,Jesse Evans,11/07/2007,Female,7083 4086 7488,tampered
img_1666.png,Louis Carlson,22/10/1984,Male,9881 4381 7492,tampered
img_2029.png,Jamie Walsh,24/03/2006,Male,7171 7922 6603,tampered
img_1865.png,Courtney Hunter,03/12/2005,Male,5228 9584 3092,original
img_2965.png,Samantha Romero,03/09/1970,Female,6661 3566 1318,original
img_1074.png,John Smith,20/11/1983,Female,4098 2584 3964,tampered
img_55.png,Stanley Frederick,18/01/1999,Male,3774 9386 4121,tampered
img_1198.png,Thomas Hill,29/01/1980,Male,1242 1811 5747,tampered
img_935.png,Regina Smith,17/02/1985,Male,9577 7983 6893,original
img_2410.png,Kimberly Kelly,26/09/1970,Male,7413 9735 7854,tampered
img_2335.png,Mary Morton,29/05/2004,Male,7462 8384 8490,original
img_482.png,Lawrence Rubio,17/10/1991,Male,9539 9862 2337,original
img_470.png,Paul Acosta,20/10/1982,Female,8224 4956 6742,original
img_1773.png,Vanessa Gonzalez,22/10/2006,Male,4201 8249 9949,tampered
img_1302.png,Ryan Lee,04/11/1984,Female,4354 2369 9075,original
img_2616.png,Zachary Lowe,13/09/1972,Female,9677 7285 5582,original
img_2794.png,Harold Price,24/02/1975,Male,6476 3737 3795,tampered
img_1980.png,Amy Martin,28/03/1976,Female,3833 5514 2969,original
img_1879.png,Juan Bell,11/05/1997,Male,5089 9476 5868,original
img_1902.png,Lisa Wood,14/10/1974,Male,9855 4282 3433,original
img_2473.png,Denise Hanson,17/02/1971,Female,4321 2344 8147,original
img_788.png,Carl Wyatt,12/01/1981,Male,9876 2454 1705,original
img_305.png,Joseph Barnes,05/07/1973,Female,7900 3054 2167,tampered
img_2600.png,Heather Reed,06/03/1971,Male,5361 9914 1527,tampered
img_2122.png,Eric Walter,02/12/1974,Female,8482 4526 6557,original
img_2378.png,Mark Adams,28/07/1967,Female,8040 1676 7623,tampered
img_2833.png,Jamie Smith,06/04/1966,Female,1450 1790 3210,tampered
img_1274.png,Michael Gonzalez,12/04/1969,Female,1549 2631 2278,tampered
img_2972.png,Michael Dawson,25/11/1981,Male,3739 7035 7501,tampered
img_693.png,Eduardo Peterson,13/11/2003,Male,5675 6654 5841,tampered
img_2252.png,Joseph Hayes,24/11/1993,Male,4033 2015 6259,tampered
img_2648.png,Martha Allen,29/09/1980,Female,2663 7317 7566,original
img_2017.png,Erika Warren,24/04/1986,Male,3551 5113 2956,tampered
img_674.png,Mrs. Katie Haynes MD,28/08/1969,Male,2087 3248 5664,original
img_2024.png,Tammy Phillips,14/01/1969,Male,3656 2732 1772,original
img_2132.png,Matthew Mendoza,20/07/1981,Male,4321 3392 2019,original
img_2794.png,Harold Price,24/02/1975,Male,6476 3737 3795,original
img_564.png,Kelly Rivera,23/11/1970,Female,5588 1225 8506,original
img_721.png,Michelle Simpson,31/01/1989,Male,5558 5596 7776,original
img_534.png,Richard Reynolds,22/10/1973,Female,3381 9750 4142,original
img_2016.png,Richard Greene,16/09/1984,Male,7308 2644 1624,tampered
img_1753.png,Manuel Anderson,22/09/2002,Female,2115 9851 1279,tampered
img_280.png,Denise Arias,22/06/1990,Female,9083 4532 6481,original
img_897.png,Brian Mcdonald,09/11/1972,Female,9959 2599 1050,original
img_1646.png,Jonathan Moses,12/05/2004,Female,5785 5761 2647,original
img_1108.png,Zachary Buck,23/03/1982,Male,8729 7203 6948,tampered
img_1289.png,Bradley Santos,31/10/1970,Male,9206 6941 5011,original
img_1508.png,Adam Davis,02/12/1997,Female,3311 9186 1267,tampered
img_248.png,Stephanie Miles,11/04/1977,Female,2942 9984 4035,tampered
img_2616.png,Zachary Lowe,13/09/1972,Female,9677 7285 5582,tampered
img_2467.png,Tiffany Maxwell,30/09/1985,Male,8785 9633 4585,original
img_87.png,Andrea Andrews,03/03/1966,Female,7774 4856 9790,original
img_587.png,Jessica Smith,11/08/1978,Female,8022 7633 1241,original
img_2000.png,Clifford Williams,04/02/1985,Female,6119 1341 9060,original
img_2923.png,Lauren Jefferson,10/04/1986,Male,9306 6920 6235,original
img_1994.png,James Romero,04/09/1990,Female,1868 3667 6921,tampered
img_2869.png,Glenn Wright,18/04/1983,Male,5041 2855 5466,tampered
img_56.png,Eric Dillon,19/01/1984,Female,2296 9140 2907,original
img_2189.png,Barbara Lee,16/11/1987,Male,1129 8417 9024,tampered
img_2478.png,Melissa Burns,26/10/1994,Female,2041 5183 9853,original
img_741.png,Jeffrey Patel,25/05/2004,Female,1031 6412 7448,original
img_2332.png,Terri Wilson,14/04/2004,Female,4813 7502 4099,tampered
img_70.png,Aimee Sanchez,24/06/1991,Female,4776 6968 4243,tampered
img_1560.png,Miranda Andrews,16/05/1991,Female,1644 2838 6941,original
img_974.png,Jesse Elliott,15/05/1975,Male,5848 9159 4056,tampered
img_1040.png,Crystal Young,29/05/2003,Female,4468 3293 7053,tampered
img_2126.png,Maria Lopez,14/07/1983,Male,9856 1845 5665,original
img_1245.png,Steven Johnson,07/09/1995,Female,3064 3602 6716,original
img_2494.png,Mark Hill,16/06/1994,Male,8156 8696 9079,original
img_1766.png,Deborah Leach,13/04/1975,Male,7826 1954 7143,original
img_2970.png,Christina Powers,13/08/1982,Male,7952 1736 5689,original
img_491.png,Zachary Adams,29/04/1981,Female,9023 7717 1573,original
img_579.png,Gregory Shelton,28/09/1987,Female,3927 9882 6700,tampered
img_564.png,Kelly Rivera,23/11/1970,Female,5588 1225 8506,tampered
img_967.png,Justin Mckay,02/01/1996,Female,5281 3962 2962,original
img_2001.png,Maria Gonzalez,13/09/1973,Female,7007 9395 8626,tampered
img_1691.png,Cassidy Barnes,30/07/1990,Male,4271 3856 1113,tampered
img_1776.png,April Travis,27/02/1991,Female,3930 9713 6739,tampered
img_1159.png,Bradley Gomez,11/09/1968,Female,4036 2718 6257,original
img_329.png,Donna Rich,30/12/1994,Male,7696 5777 7037,tampered
img_2329.png,Anthony Hartman DVM,29/12/2003,Female,6993 1568 5244,tampered
img_2378.png,Mark Adams,28/07/1967,Female,8040 1676 7623,original
img_538.png,Eric Kelly,27/08/1986,Female,4673 2295 4147,original
img_27.png,Thomas Martinez,12/08/1985,Female,5055 8778 9173,original
img_365.png,Mr. Shannon Mckinney,01/07/1993,Male,5251 7514 9069,tampered
img_2682.png,Christopher York,16/03/1974,Male,5542 8966 4978,original
img_893.png,Matthew Buchanan,09/01/2004,Male,5720 5126 7535,original
img_2016.png,Richard Greene,16/09/1984,Male,7308 2644 1624,original
img_837.png,Dustin Castro,08/10/1988,Male,4005 9158 3230,tampered
img_2552.png,Latasha Roberts,11/08/1991,Female,1262 6598 7457,tampered
img_2553.png,Christine Burns,05/08/1995,Male,8278 4815 5121,tampered
img_2986.png,Jerry Robbins,21/03/1984,Male,6704 5596 5593,original
img_2401.png,Corey Johnson,13/09/1982,Female,2608 4797 3165,original
img_2597.png,Matthew Dickson,21/05/1989,Male,7392 4302 7848,original
img_1330.png,Jessica Franklin,19/02/1981,Female,3248 9986 6140,tampered
img_2802.png,Timothy Frye,16/03/1970,Female,9344 8609 8201,original
img_2049.png,Kayla Martinez,25/08/1985,Male,3739 5864 5490,tampered
img_1854.png,Kenneth Armstrong,01/11/1971,Male,1496 1371 4101,tampered
img_2510.png,Samantha Jones,27/04/1971,Female,9626 9084 3231,original
img_505.png,Linda Turner,30/11/1975,Male,9762 2862 1056,tampered
img_760.png,Barbara Gonzalez,31/12/1993,Female,8603 6202 8702,original
img_2135.png,David Figueroa,25/02/2002,Male,8901 9065 6201,tampered
img_1364.png,Barbara Robbins,21/12/1984,Female,4107 9194 6360,tampered
img_1789.png,Raymond Fuentes,10/05/1999,Male,4476 6073 4359,tampered
img_2900.png,Michelle Brown,10/03/1974,Male,3901 6101 8696,original
img_438.png,Christian Padilla,30/03/2002,Female,4167 1206 1752,original
img_2978.png,Veronica Carr,03/08/1999,Male,6049 4003 2307,original
img_1311.png,Cody Gaines,24/10/1991,Male,5494 6446 7527,original
img_1659.png,Sandra Vincent,09/03/1975,Male,6435 8335 4444,original
img_409.png,Elizabeth Mason,03/09/1976,Male,1069 4765 8576,original
img_1302.png,Ryan Lee,04/11/1984,Female,4354 2369 9075,tampered
img_2091.png,Courtney Mccoy,28/02/1988,Male,5206 2993 9592,tampered
img_651.png,Ivan Jackson,03/08/1973,Male,4789 3319 4505,tampered
img_2831.png,Jesse Perez,29/07/2001,Female,8769 2072 8130,tampered
img_1182.png,Keith Hardin,01/11/2003,Male,4593 2828 8370,original
img_738.png,Robin Johnson,14/03/1966,Male,4304 3650 7287,tampered
img_1510.png,Stacey Doyle,05/12/1971,Male,7239 5044 5241,original
img_1872.png,Dennis Lopez,07/04/1980,Male,9502 4255 5271,original
img_1039.png,Rebecca Lawrence,06/09/1970,Female,9421 5021 3237,tampered
img_1612.png,Matthew Diaz,16/02/1971,Male,6770 6440 2225,tampered
img_1157.png,Eric Hernandez,10/09/1977,Male,6212 3827 1984,tampered
img_663.png,Victor Simmons,16/02/1971,Male,7783 7514 9249,tampered
img_85.png,Andrew Molina,21/09/1996,Female,5587 8239 8008,tampered
img_2995.png,Christopher Thomas,10/04/1974,Female,7674 3885 2936,original
img_1091.png,Kevin Fisher,12/01/1982,Female,8075 5992 9755,original
img_483.png,Crystal Romero,07/11/2004,Female,4681 1058 1747,tampered
img_523.png,Sean Berg,19/12/1981,Female,8352 3000 7033,original
img_535.png,Chad Levy,21/08/1997,Female,6705 1191 8394,original
img_2820.png,Christopher Wong,03/07/1985,Female,4831 6739 3340,tampered
img_2902.png,Katie Stewart MD,05/11/1991,Female,7063 9509 8075,tampered
img_731.png,John Williams,04/11/2001,Male,8097 5688 4722,original
img_1441.png,Denise Miller,02/01/1978,Male,8528 7342 7284,original
img_2760.png,Danielle Black,14/03/2005,Female,2549 3359 8533,original
img_1561.png,Mary Sullivan,29/01/1983,Female,7280 5803 1871,original
img_2023.png,Jill Freeman,05/02/1993,Female,8993 1606 5473,original
img_7.png,James Ramirez,06/09/1997,Female,7122 5001 5162,original
img_1382.png,Duane Harding,25/06/1967,Male,5884 7297 9432,original
img_1933.png,Richard Bates,08/08/1991,Female,5829 5163 6013,tampered
img_845.png,Melissa Price,27/06/1980,Female,3588 3489 6968,original
img_2748.png,David Logan,24/10/1996,Female,4862 3624 4763,original
img_2547.png,Joseph Flores,09/01/2004,Female,9752 4523 7676,tampered
img_2503.png,Norma Morris,02/10/1979,Male,4930 7244 4260,original
img_2932.png,John Morrison,10/10/1984,Male,5632 8887 7025,tampered
img_1567.png,Patricia Jones,28/07/1968,Female,4521 6402 4481,tampered
img_754.png,William Baker,08/02/1981,Male,6461 7440 1737,original
img_1265.png,Betty Gill,10/08/1992,Male,6960 1736 6602,tampered
img_1575.png,Melanie Jones,30/12/1979,Female,3753 1814 7326,tampered
img_2617.png,Dustin Davis,02/05/1998,Female,2544 3366 3291,original
img_1350.png,Zachary Lynn,18/05/1992,Male,2631 1945 4666,original
img_943.png,Scott Pearson,11/08/2002,Female,2006 5821 3440,tampered
img_7.png,James Ramirez,06/09/1997,Female,7122 5001 5162,tampered
img_1270.png,Sandra Ruiz,09/07/2002,Male,4089 9868 2827,original
img_1021.png,John Davis,05/10/1965,Female,8981 8420 1224,tampered
img_1832.png,Karen Bell,19/12/1976,Male,3158 5196 3724,tampered
img_653.png,David Dominguez,01/02/1984,Male,1435 3760 3400,tampered
img_2608.png,Maria Simmons,14/02/1995,Male,6026 5476 7649,tampered
img_1688.png,Benjamin Gentry,19/06/1988,Male,5764 3487 4252,original
img_2250.png,Lauren Smith,23/08/1989,Male,8569 7108 5802,original
img_2588.png,Matthew Mckenzie,09/07/1967,Male,6756 3352 1642,original
img_2212.png,Christopher Boone,23/10/1975,Male,9698 1613 2363,tampered
img_2323.png,Amy Craig,14/08/1994,Female,6453 4148 7428,original
img_1057.png,Paul Le,01/01/1969,Male,8609 9700 8922,original
img_788.png,Carl Wyatt,12/01/1981,Male,9876 2454 1705,tampered
img_425.png,William Bennett,23/02/1996,Male,9525 5661 2567,original
img_1698.png,Justin Ward,16/01/2002,Female,2088 6753 5702,tampered
img_1705.png,Hunter Hartman,13/03/2001,Male,6196 4639 4975,tampered
img_2734.png,Jacob Cortez,06/08/1976,Female,8090 2661 6915,tampered
img_2687.png,Nicole Martinez,21/06/1977,Male,8156 8361 3504,original
img_1216.png,Ryan Serrano,11/12/2002,Male,3652 8360 4052,original
img_1903.png,Phillip Juarez,04/04/1985,Female,8785 8123 6181,tampered
img_1301.png,Jason Conley,23/05/1982,Male,4875 9047 7753,original
img_553.png,Nicolas Ramirez,12/12/1989,Male,1714 5341 1110,tampered
img_533.png,Christopher Green,30/07/1968,Male,4731 1214 5209,original
img_140.png,Albert Johnson,18/05/2004,Male,2691 6604 1565,original
img_290.png,Brian Stone,29/02/1972,Female,2475 7345 3490,original
img_497.png,Michelle Cox,27/01/1990,Male,6686 2042 5331,original
img_1630.png,Brandon Anderson,11/04/1978,Male,2650 9203 7294,tampered
img_771.png,Jason Sutton,18/05/1976,Male,2370 9776 5169,original
img_419.png,Martha Reed,28/12/1971,Male,9396 6477 4107,original
img_1583.png,William Horton,11/08/1997,Male,1760 5007 3293,original
img_557.png,Christina Pace,28/04/1998,Female,8405 2460 8697,original
img_719.png,Christopher Conley,02/01/1985,Male,4193 9833 7141,tampered
img_2832.png,Dr. Michael Holder II,02/08/1983,Male,8610 2092 5971,original
img_926.png,Angela Wagner,15/07/1974,Female,7153 8611 9538,tampered
img_2648.png,Martha Allen,29/09/1980,Female,2663 7317 7566,tampered
img_2208.png,Katherine Smith,29/06/1980,Male,9976 3040 5113,tampered
img_2003.png,John Morris,30/09/1973,Female,7147 3714 9908,original
img_2312.png,Johnathan Bush,25/03/1969,Male,4649 6132 7787,tampered
img_2121.png,Leroy Harrison,24/10/1993,Male,9700 7086 6025,tampered
img_1321.png,Stephen Ruiz,10/01/1996,Male,2189 1317 9800,original
img_1809.png,Ana Dennis,06/05/1983,Female,8682 8772 7925,original
img_1118.png,Gregory Austin,20/06/1990,Female,9795 6847 2935,tampered
img_2787.png,Melissa Smith,18/11/1978,Male,2064 6256 4669,tampered
img_2779.png,Adam Edwards,19/05/1965,Male,5005 5630 7435,tampered
img_2623.png,Anthony Hayes,23/10/1980,Male,8435 9057 1774,tampered
img_2764.png,Amanda Thompson,06/09/2003,Female,4451 1077 7020,tampered
img_114.png,Katie Davis,07/01/1984,Male,3843 9083 5521,tampered
img_1196.png,Christopher Torres,25/04/1998,Female,7102 3144 1536,tampered
img_2615.png,Randall Rogers,14/09/1991,Female,6692 8071 6062,tampered
img_711.png,Scott Torres,06/05/1984,Male,7686 2335 1458,original
img_1934.png,Steven Daniels,15/05/1984,Male,4254 4396 8640,tampered
img_360.png,Christopher Parks,07/08/2007,Female,9162 8922 2547,original
img_1447.png,Lisa Crawford,01/03/2003,Female,6229 7412 5191,original
img_2007.png,Jeffery Terrell,15/11/1974,Male,8145 8082 8269,original
img_1779.png,Adrian Ward,08/06/1983,Male,6819 3736 1939,tampered
img_113.png,Bryan Thomas,19/07/2007,Female,7799 2871 3181,tampered
img_1511.png,Adam Roman,04/03/1995,Female,6290 6501 4083,original
img_988.png,Cassandra Greene,25/08/2000,Male,3015 8054 5041,original
img_2476.png,Diane Ramirez,04/09/2002,Female,5016 3975 8531,tampered
img_2054.png,Timothy Patrick,17/10/1974,Male,3718 1662 3564,original
img_2079.png,Scott Avila,12/11/1989,Female,2765 5432 7647,original
img_530.png,Caitlin Gonzalez,06/02/1985,Female,6074 6801 3018,original
img_80.png,Gary Pollard,22/02/1985,Female,7783 7147 7874,tampered
img_2984.png,Doris Wyatt,06/10/1969,Female,1899 5287 2046,original
img_1161.png,Megan Garrett,29/10/1974,Male,7810 8055 9855,tampered
img_1761.png,Shannon White,22/03/1985,Female,1008 6577 8493,original
img_787.png,Kimberly Newman,28/06/1965,Male,9828 8503 1464,original
img_1325.png,Matthew Shaw,04/01/2002,Female,7316 6817 4584,original
img_2808.png,Vanessa Jones,04/12/2003,Male,8770 8267 9738,tampered
img_1332.png,Jeffrey Wilson,19/11/1965,Male,3403 6129 1755,original
img_1226.png,Tony Newton,26/08/1970,Female,6412 4838 2370,original
img_1025.png,Cynthia Davis,24/08/1992,Male,1841 6286 8130,tampered
img_334.png,Jonathan Cox,25/01/2007,Male,3593 9823 8950,original
img_2639.png,Laura Sims,11/01/2007,Female,3220 2330 7816,tampered
img_514.png,Taylor Rodriguez,02/11/1967,Male,2140 7158 2146,tampered
img_2857.png,Sarah Hall,20/05/1995,Female,9601 1230 8337,tampered
img_1870.png,Monica Smith,24/11/1968,Female,3384 3460 1440,original
img_1512.png,Sarah King,04/02/1978,Male,5436 5637 4433,tampered
img_707.png,Caitlin Odonnell,24/04/1986,Female,5845 7770 5073,tampered
img_1629.png,Paul Burnett,12/01/1992,Female,7326 3135 9321,original
img_1606.png,Lisa Carter,08/05/1998,Female,9042 8896 1454,tampered
img_191.png,Austin Jones,03/04/2000,Male,6385 7052 9426,original
img_2767.png,Todd Owen,01/09/1985,Female,1934 5629 1219,tampered
img_1172.png,Scott Esparza,08/01/1973,Female,9074 9032 1106,original
img_1555.png,Felicia Hodge,04/09/1977,Male,9692 3688 2338,original
img_1014.png,Austin Williams,22/07/1972,Male,4534 7636 2300,original
img_2287.png,Elizabeth Hardy,31/01/2001,Male,7538 6616 5091,original
img_1987.png,Sarah Wiley,10/08/1985,Male,7598 7666 2339,tampered
img_1090.png,Edward Christian,28/01/1967,Male,5369 9667 6625,tampered
img_2234.png,Michael Bryant,19/02/1980,Male,6884 9272 6450,tampered
img_2926.png,Bernard Johnson,02/08/1987,Male,4853 4398 9712,original
img_1306.png,James Morris,02/02/1966,Female,1533 8000 6885,tampered
img_1072.png,Morgan Blackwell,02/09/2006,Female,2155 9694 5025,original
img_1013.png,Hannah Sosa,26/10/1980,Male,8360 7298 9281,tampered
img_1631.png,Melissa Lawson,27/11/1998,Female,3138 7426 2862,tampered
img_2178.png,Sarah Floyd,09/01/1983,Female,2208 4875 5645,tampered
img_831.png,Jeffrey Garcia,28/03/2003,Female,9808 9580 9252,original
img_861.png,Cristina Montoya,26/01/1994,Female,1394 4800 7445,original
img_915.png,Anthony Wright,01/04/1971,Male,2344 2696 5145,original
img_1561.png,Mary Sullivan,29/01/1983,Female,7280 5803 1871,tampered
img_2386.png,Sandra Morse,02/07/1997,Male,3622 2439 9791,tampered
img_637.png,Mr. Bruce Newman PhD,13/04/1972,Female,5118 5127 1317,original
img_2736.png,Jorge King,26/01/1968,Female,8905 1573 7913,original
img_225.png,Albert Bradley,29/12/1996,Female,7244 1055 5779,tampered
img_306.png,Joseph Caldwell,01/05/1986,Female,2534 4333 8263,tampered
img_2606.png,Gregory Castillo,23/07/2002,Female,7811 4170 6288,original
img_1954.png,Christopher Moore,24/03/1994,Male,2131 2954 6613,tampered
img_1709.png,Corey Meyer,06/05/2006,Female,8572 2686 9462,tampered
img_1994.png,James Romero,04/09/1990,Female,1868 3667 6921,original
img_1901.png,Vincent Jimenez,31/03/2003,Female,2089 9842 1065,tampered
img_2770.png,Molly Bryant,01/03/1998,Female,9524 8718 5092,original
img_1280.png,Lisa Montgomery,24/10/1997,Male,4206 9726 3867,tampered
img_930.png,James Lee,01/05/2003,Male,4462 3252 3374,tampered
img_542.png,Wendy Diaz,04/03/1974,Male,4870 8256 8390,original
img_2359.png,Amber Lee,08/07/2007,Male,6233 2032 2645,tampered
img_309.png,Katherine Yang,25/10/1996,Female,6994 5599 1248,tampered
img_1412.png,Jack Mcclure,05/02/1967,Male,3022 3426 1477,tampered
img_1626.png,Alicia Ross,11/07/2000,Female,5372 8777 8917,original
img_1859.png,Natasha Olsen,24/05/1992,Female,8964 5633 4066,original
img_1953.png,Amanda Anderson,20/11/1967,Female,6070 9746 7253,tampered
img_725.png,Zachary Contreras,30/10/1978,Female,5536 4645 3551,tampered
img_743.png,Lori Walker,27/06/1984,Male,6052 5617 7308,tampered
img_311.png,Casey Nguyen,17/11/1985,Male,5342 3077 1687,original
img_1991.png,James Smith,18/05/1997,Male,8407 7756 1861,original
img_784.png,Tonya Barr,24/12/1982,Male,8099 6988 7122,tampered
img_388.png,Aaron Thompson,06/02/2001,Male,6028 6901 7609,original
img_477.png,Carl Herman DVM,22/12/2004,Female,6788 2172 3596,tampered
img_1633.png,Stephanie Nixon,07/06/1972,Female,3550 5627 3086,tampered
img_1186.png,Kenneth Walker,06/03/1985,Male,5316 5667 2171,original
img_1677.png,Kathryn Curtis,29/08/1975,Female,1996 6001 6252,original
img_1689.png,Patricia Kim,05/11/1978,Male,9833 4162 4335,original
img_155.png,Blake Austin,18/12/1971,Male,9455 9980 4844,tampered
img_383.png,David Torres,29/04/1981,Female,7044 5486 5311,tampered
img_2374.png,Keith Moore,13/04/1973,Female,5196 4416 4162,original
img_1273.png,Catherine Fox,12/08/2000,Female,8603 4418 2208,tampered
img_991.png,Dana Peters,09/02/2008,Male,5694 3683 9825,tampered
img_550.png,Michael Mcdaniel,05/02/2000,Male,3646 1217 2119,tampered
img_1890.png,Jorge Gutierrez,03/02/2008,Female,7223 9724 5097,tampered
img_541.png,Christopher Sanders,24/11/2005,Male,8340 9775 8265,original
img_2059.png,Lee Moore,19/11/1976,Male,5313 2520 6751,original
img_2836.png,Sherry Levy,24/07/1990,Female,1534 9334 7800,original
img_1937.png,Michael Guerra,07/02/1970,Male,3094 4752 7996,tampered
img_1068.png,Scott Jones,26/01/1996,Female,7596 7422 1319,original
img_255.png,Mr. Stephen Moody,06/12/1996,Male,9282 1451 8758,tampered
img_574.png,Sarah Barrett,30/07/1998,Male,3298 4614 7158,tampered
img_2518.png,Mr. Christopher Smith,08/09/1969,Male,6061 9235 2927,tampered
img_551.png,David Clayton,25/04/1974,Female,1950 4271 9210,original
img_1595.png,Emily Bell,10/07/1965,Male,5689 8651 9425,tampered
img_1898.png,Tami Ayala,11/02/2007,Female,8783 8020 3179,original
img_685.png,Amanda Barrett,09/12/1992,Male,6135 5474 1463,tampered
img_1977.png,Jeffrey Black,07/06/1993,Female,1746 9425 9340,original
img_2534.png,Joseph Collins,22/05/1966,Female,9124 4386 6103,tampered
img_1775.png,Sue Dominguez,28/09/1970,Male,3943 9551 9824,tampered
img_2553.png,Christine Burns,05/08/1995,Male,8278 4815 5121,original
img_1395.png,Monica Baird,26/09/1989,Male,6424 1288 8260,tampered
img_1295.png,Marissa Robinson,15/05/1973,Male,9545 6053 4604,original
img_198.png,Sarah Kirby,13/05/1990,Female,1510 2674 6929,tampered
img_1813.png,Daniel Wallace,25/05/1976,Female,6453 1214 6849,original
img_1032.png,Robert Ali,26/06/1995,Male,2965 6578 8044,original
img_1444.png,Holly Adams,05/06/1991,Male,9612 1183 3400,original
img_689.png,Eric Smith,18/09/2000,Male,1333 5590 2568,tampered
img_2536.png,Christina Watson,21/04/1989,Male,4097 6959 6280,tampered
img_781.png,Brandi Coleman,18/10/1983,Male,4201 7877 9184,tampered
img_755.png,Dr. Jennifer Marquez DDS,12/07/2005,Female,1799 7505 1954,tampered
img_5.png,Michael Cruz,05/12/2003,Male,3246 9871 3881,tampered
img_323.png,Andres Fitzgerald,01/07/1997,Male,7808 8362 1897,original
img_49.png,Christopher Boyd,12/08/2006,Male,1808 4567 8983,original
img_2180.png,Katie Howard,30/04/1970,Male,8540 3270 3836,tampered
img_2096.png,John Cross,04/04/1993,Male,2729 1500 9961,original
img_682.png,Elizabeth Kelly,05/07/1983,Male,5862 3058 6591,original
img_1498.png,Katie Adams,16/04/2002,Male,9691 8868 6723,original
img_93.png,Amanda Graham,21/09/2006,Female,6078 9034 9654,tampered
img_1354.png,Richard Edwards,17/06/1997,Male,2434 2607 2726,tampered
img_1391.png,Carol Whitaker,12/11/2005,Female,2332 7788 3425,tampered
img_298.png,Andrew Miller,02/10/1979,Male,8313 1294 6775,tampered
img_307.png,Eric Hayes,09/04/2004,Female,7560 5494 1675,original
img_302.png,Emily Parker,30/04/1975,Female,6835 2150 2630,original
img_2498.png,Michael Watson,05/11/1970,Female,9233 2873 7465,original
img_2471.png,Terry Howe,10/05/1988,Male,5179 6221 9803,tampered
img_535.png,Chad Levy,21/08/1997,Female,6705 1191 8394,tampered
img_745.png,Amy Gray MD,08/08/1997,Male,2411 5858 9025,original
img_1858.png,James Morales,10/11/1998,Male,4556 9614 1392,original
img_1381.png,Carolyn Newton,17/06/2003,Female,1052 8719 3702,original
