File,Label,Name,DOB,Aadhaar,Name_Valid,DOB_Valid,Aadhaar_Valid,Document_Valid
img_0.png,original,Jerome Johnson,22/10/1971,2414 6827 4414,True,True,True,True
img_10.png,original,,14/10/2003,8563 5593 7470,False,True,True,False
img_100.png,original,,26/09/1898,,False,True,False,False
img_1000.png,original,,,,False,False,False,False
img_1001.png,original,Alicia Rivera,12/06/1978,,True,True,False,False
img_1002.png,original,,12/04/1969,,False,True,False,False
img_1003.png,original,,11/12/1973,7808 2744 7157,False,True,True,False
img_1004.png,original,CarlosCollier,26/03/1970,,True,True,False,False
img_1005.png,original,,06/09/1890,,False,True,False,False
img_1006.png,original,Eric Rush,25/06/2007,8933 6702 4725,True,True,True,True
img_1007.png,original,,03/08/1970,7877 1139 8568,False,True,True,False
img_1009.png,original,David Thornton,24/07/1972,1651 8123 1143,True,True,True,True
img_101.png,original,Laure Thompson,,6985 9240 3431,True,False,True,False
img_1010.png,original,Dwayne Mills,07/02/1968,,True,True,False,False
img_1011.png,original,Jamie Sullivan,10/10/1975,,True,True,False,False
img_1013.png,original,Hannah Sosa,26/10/1880,8360 7288 9281,True,True,True,True
img_1014.png,original,Austin Williams,22/07/1972,4534 7636 2300,True,True,True,True
img_1017.png,original,Deborah Flores,25/10/1971,4886 2403 1352,True,True,True,True
img_1018.png,original,,19/04/1885,,False,True,False,False
img_1019.png,original,Mark Haas,12/03/1880,2796 5388 6937,True,True,True,True
img_102.png,original,Amanda Jenkins,18/06/2007,7368 1700 8449,True,True,True,True
img_1022.png,original,,06/09/2000,,False,True,False,False
img_1023.png,original,,,8404 4785 1504,False,False,True,False
img_1024.png,original,,24/11/2004,,False,True,False,False
img_1025.png,original,Cynthia Davis,41/08/1892,1841 6288 8120,True,True,True,True
img_1026.png,original,,21/12/1895,,False,True,False,False
img_1027.png,original,,19/06/1883,1341 7268 3005,False,True,True,False
img_1029.png,original,Jason Ford,23/11/1898,1671 4569 6227,True,True,True,True
img_1030.png,original,William Garza,,4177 3156 6627,True,False,True,False
img_1031.png,original,Austin Cunningham,02/11/1883,,True,True,False,False
img_1032.png,original,,26/06/1895,,False,True,False,False
img_1033.png,original,,,8350 1764 2380,False,False,True,False
img_1034.png,original,Frank Villa,25/08/1898,3168 7815 7617,True,True,True,True
img_1035.png,original,,13/11/1971,6928 5839 1852,False,True,True,False
img_1036.png,original,Tylar Jacobs,25/01/1968,6254 5112 8738,True,True,True,True
img_1037.png,original,Justin Flores,08/11/1977,8862 9249 7883,True,True,True,True
img_1039.png,original,Rabecea Lawrence,06/09/1970,8421 5021 3237,True,True,True,True
img_104.png,original,Amanda Osborne,22/01/1976,1951 8456 9254,True,True,True,True
img_1040.png,original,Crnstal Young,,4468 3293 7053,True,False,True,False
img_1041.png,original,Justin Harrison,19/03/1882,7402 9672 2731,True,True,True,True
img_1042.png,original,Gary Williams,21/10/2001,7722 1513 3741,True,True,True,True
img_1043.png,original,,11/12/1972,3113 1071 4035,False,True,True,False
img_1044.png,original,,18/03/2007,,False,True,False,False
img_1046.png,original,Kaihleen Sanchez,25/04/2001,,True,True,False,False
img_1047.png,original,John Kim,12/03/2007,2266 6872 9288,True,True,True,True
img_1048.png,original,,08/09/1885,,False,True,False,False
img_1049.png,original,Jason Flores,26/08/1970,8626 2807 2341,True,True,True,True
img_105.png,original,,19/02/2002,,False,True,False,False
img_1050.png,original,,18/01/1898,,False,True,False,False
img_1052.png,original,Vanessa Acceta,26/11/1969,3383 4055 1341,True,True,True,True
img_1053.png,original,,11/05/1885,8470 7563 4912,False,True,True,False
img_1054.png,original,Janet Reed,46/99/7410,,True,True,False,False
img_1055.png,original,John Powell,01/03/1975,3758 9211 7034,True,True,True,True
img_1056.png,original,,08/08/1891,,False,True,False,False
img_1057.png,original,PaulLe,01/01/1969,8808 9700 8922,True,True,True,True
img_1058.png,original,,,,False,False,False,False
img_106.png,original,Veronica Martin,08/10/1984,8237 8311 3693,True,True,True,True
img_1061.png,original,,24/11/1882,,False,True,False,False
img_1063.png,original,Connie Fomero,25/10/1884,,True,True,False,False
img_1064.png,original,Connie Adkins,08/11/1890,2870 1470 8932,True,True,True,True
img_1067.png,original,Maureen Walter,28/12/1976,,True,True,False,False
img_1068.png,original,,26/01/1898,,False,True,False,False
img_107.png,original,Victoria Price,16/03/1884,8073 9488 6688,True,True,True,True
img_1070.png,original,Paul Marshall,,8983 3760 6879,True,False,True,False
img_1071.png,original,Tristan Donakdson Jr,10/07/1968,1418 2396 9405,True,True,True,True
img_1072.png,original,,02/09/2008,2155 9894 5025,False,True,True,False
img_1073.png,original,Cody Atkinson,23/03/2004,6020 1956 7014,True,True,True,True
img_1074.png,original,John Smith,20/11/1883,4088 2584 3964,True,True,True,True
img_1075.png,original,,02/02/2008,,False,True,False,False
img_1078.png,original,Michael Williams,26/12/1888,7256 7348 5824,True,True,True,True
img_1079.png,original,,25/01/1888,,False,True,False,False
img_108.png,original,Manuel Miller,15/11/1977,8243 6996 8575,True,True,True,True
img_1080.png,original,Subrina Torres,,,True,False,False,False
img_1083.png,original,,26/08/1972,,False,True,False,False
img_1084.png,original,Mark Martinez,16/11/1971,,True,True,False,False
img_1085.png,original,KaitlinChen,02/11/1971,8831 4107 8029,True,True,True,True
img_1086.png,original,Kristi Dalton,24/10/1967,8454 5114 5273,True,True,True,True
img_1087.png,original,,08/11/1979,,False,True,False,False
img_1088.png,original,,26/02/1970,4830 9065 4933,False,True,True,False
img_1089.png,original,Terry Brooks,05/10/1994,2870 9240 5343,True,True,True,True
img_109.png,original,,24/12/1883,1845 6641 3560,False,True,True,False
img_1090.png,original,Edward Christian,28/01/1967,,True,True,False,False
img_1091.png,original,Kevin Fisher,12/01/1882,8075 5992 9755,True,True,True,True
img_1093.png,original,Julie Valdez,04/09/1888,8533 8149 7365,True,True,True,True
img_1094.png,original,Elizabath Whita,18/11/1882,3263 2895 6148,True,True,True,True
img_1096.png,original,Jessica Wright,20/01/2000,4858 4977 4438,True,True,True,True
img_1097.png,original,Nicole Hill,02/06/2004,4958 7463 8538,True,True,True,True
img_1098.png,original,Elizabeth Lara,10/01/1884,8538 2832 9034,True,True,True,True
img_1099.png,original,Annetia Hendricks,08/08/2000,8855 4107 9668,True,True,True,True
img_110.png,original,,06/01/1897,6041 4931 2052,False,True,True,False
img_1100.png,original,Jordan Hubbard,08/01/1969,,True,True,False,False
img_1101.png,original,Christopher Prica,12/01/1975,7057 3075 3864,True,True,True,True
img_1102.png,original,Robert Moore,10/03/2007,8764 1766 7200,True,True,True,True
img_1103.png,original,Melanie Jenkins MD,01/08/1971,2585 2810 6819,True,True,True,True
img_1104.png,original,Shannon Podriguez,28/10/1978,,True,True,False,False
img_1105.png,original,Karan Johnson,04/03/1889,8503 3165 4068,True,True,True,True
img_1106.png,original,Megan Medina,23/10/1898,3201 6418 5893,True,True,True,True
img_1107.png,original,Patricia Sanders,06/08/1888,4477 8718 4153,True,True,True,True
img_1108.png,original,,23/03/1882,8728 7203 6948,False,True,True,False
img_1109.png,original,James Moore,29/10/1974,,True,True,False,False
img_111.png,original,Bnan Gonzalez,26/11/1967,3800 9504 1583,True,True,True,True
img_1110.png,original,Nicole Cortaz,18/04/1887,8725 6116 8561,True,True,True,True
img_1111.png,original,Kenneth Paul,13/07/1884,,True,True,False,False
img_1112.png,original,,24/10/2002,,False,True,False,False
img_1113.png,original,Robert Zavala,20/05/1884,,True,True,False,False
img_1114.png,original,,04/08/1965,,False,True,False,False
img_1116.png,original,Robert Ross,20/08/2003,8151 9817 4573,True,True,True,True
img_1117.png,original,Richard Woods,03/05/1967,1487 1426 8724,True,True,True,True
img_1118.png,original,Gregory Austin,20/06/1890,8795 6847 2935,True,True,True,True
img_112.png,original,Jonathan Anderon,18/12/1975,3868 6859 9268,True,True,True,True
img_1120.png,original,Shelia Garner,13/04/1994,,True,True,False,False
img_1121.png,original,,27/10/1970,3758 6754 9747,False,True,True,False
img_1123.png,original,Robert Miles,16/08/1977,8122 1468 5628,True,True,True,True
img_1124.png,original,Brian Peters,19/06/2005,3578 3363 2291,True,True,True,True
img_1125.png,original,,17/05/1881,7293 1871 1729,False,True,True,False
img_1127.png,original,,06/06/1968,8114 2210 1548,False,True,True,False
img_1128.png,original,,02/01/2000,7934 9248 2542,False,True,True,False
img_113.png,original,Bnan Thomas,19/07/2007,7799 2871 3181,True,True,True,True
img_1131.png,original,Phyllis Hernandez,23/10/1885,1610 1187 1700,True,True,True,True
img_1132.png,original,Michael Kane,17/10/1890,,True,True,False,False
img_1133.png,original,,40/34/3401,8284 4034 3401,False,True,True,False
img_1134.png,original,Jordan Jackson,07/10/1891,6094 3245 9795,True,True,True,True
img_1135.png,original,,22/12/2008,2726 6103 9959,False,True,True,False
img_1137.png,original,Marie Schmidt,10/09/1865,7993 9112 8238,True,True,True,True
img_1138.png,original,,16/07/1881,,False,True,False,False
img_1142.png,original,Sata Clayton,21/04/1974,4174 8527 7711,True,True,True,True
img_1143.png,original,,,,False,False,False,False
img_1144.png,original,Jennifer Mitchell,16/12/1899,7768 7866 8027,True,True,True,True
img_1145.png,original,DanialGray,16/12/1884,1781 3863 9768,True,True,True,True
img_1146.png,original,Carlos Murphy,41/08/1890,8420 9483 3293,True,True,True,True
img_1149.png,original,Annette Moss,21/06/2004,2881 7290 7781,True,True,True,True
img_115.png,original,Barbara Williams,18/06/1888,4024 8959 4405,True,True,True,True
img_1151.png,original,Robert Williams,08/10/1968,3897 2661 9748,True,True,True,True
img_1157.png,original,Eric Hernandez,10/09/1977,6212 3827 1984,True,True,True,True
img_1159.png,original,Gradlay Gomez,11/09/1968,4036 2718 6257,True,True,True,True
img_1160.png,original,Jonathan Carter,18/04/1975,8378 6235 8139,True,True,True,True
img_1161.png,original,Megan Garrett,29/10/1974,,True,True,False,False
img_1163.png,original,Shawn Osborne,29/03/2008,8286 2468 6860,True,True,True,True
img_1164.png,original,Jacob Mullen Jr,13/07/1891,1471 6428 5351,True,True,True,True
img_1165.png,original,Devin Kennedy,06/12/1994,1328 2442 4455,True,True,True,True
img_1168.png,original,Christopher Baird,26/09/1880,6068 4495 5607,True,True,True,True
img_1169.png,original,Tammy Drake,06/10/1891,8073 2569 6970,True,True,True,True
img_117.png,original,Rabecca Williams,31/10/1888,8243 8550 6024,True,True,True,True
img_1170.png,original,Emily Simon,30/10/2001,2722 5434 6123,True,True,True,True
img_1171.png,original,,06/02/1972,,False,True,False,False
img_1172.png,original,,08/01/1973,8074 9032 1108,False,True,True,False
img_1173.png,original,Susan Johnson,48/22/3277,1233 4822 3277,True,True,True,True
img_1174.png,original,,04/08/1895,,False,True,False,False
img_1175.png,original,Cols Robinson,21/02/2001,8443 9220 9761,True,True,True,True
img_1176.png,original,,11/06/1977,6836 7308 8672,False,True,True,False
img_1177.png,original,Bradley Thompson,08/10/2004,6328 8695 3064,True,True,True,True
img_1178.png,original,Caitlin Archer,14/10/1883,6561 1203 8613,True,True,True,True
img_1179.png,original,Courtnay Chandler,27/10/1882,3750 9596 6470,True,True,True,True
img_118.png,original,Jordan Hurley,02/07/1887,1870 6732 6377,True,True,True,True
img_1181.png,original,,19/05/1979,,False,True,False,False
img_1182.png,original,,01/11/2003,,False,True,False,False
img_1185.png,original,Sheila Farmer,24/08/1885,4822 1308 8761,True,True,True,True
img_1186.png,original,Kenneth Walker,06/03/1885,,True,True,False,False
img_1187.png,original,Nicole Johnson,14/06/1880,,True,True,False,False
img_1188.png,original,Chelsea Williams,18/04/1969,8835 8365 2682,True,True,True,True
img_1189.png,original,Christopher Thomas,02/09/2001,,True,True,False,False
img_1190.png,original,Susan Gonzalez,03/07/1967,1944 3403 8033,True,True,True,True
img_1192.png,original,Mr,24/01/1968,3308 5331 5853,True,True,True,True
img_1193.png,original,,29/11/1882,4818 1737 1372,False,True,True,False
img_1194.png,original,William Mullen,06/04/1969,8631 9852 2485,True,True,True,True
img_1195.png,original,Helen Young,20/02/1977,,True,True,False,False
img_1196.png,original,Christopher Torres,25/04/1898,7102 3144 1538,True,True,True,True
img_1198.png,original,Thomas Hill,29/01/1880,1242 1811 5747,True,True,True,True
img_1199.png,original,Karan Gomez,27/02/1994,,True,True,False,False
img_12.png,original,Rabecea Wilson,,,True,False,False,False
img_120.png,original,Christina Sandoval,,3722 3307 8738,True,False,True,False
img_1200.png,original,Christian Bright,18/09/1882,,True,True,False,False
img_1201.png,original,,20/04/1972,,False,True,False,False
img_1202.png,original,Heather Mata,19/12/1974,2688 2679 1834,True,True,True,True
img_1203.png,original,Sean Sims,14/04/1978,2563 4815 6083,True,True,True,True
img_1204.png,original,Ann Mcphsreon,25/12/2002,1671 5701 1958,True,True,True,True
img_1206.png,original,Brian King,17/04/1888,,True,True,False,False
img_1207.png,original,,68/51/3479,6851 3479 7322,False,True,True,False
img_1208.png,original,,14/01/2004,7298 1158 3340,False,True,True,False
img_121.png,original,Sabrina Medina,20/12/2001,,True,True,False,False
img_1210.png,original,Angela Hines,14/11/1899,4974 7247 2212,True,True,True,True
img_1211.png,original,Robert Wallace,05/12/1965,6620 2220 9431,True,True,True,True
img_1213.png,original,,14/04/1883,,False,True,False,False
img_1216.png,original,Ryan Serrano,11/12/2002,3852 8360 4052,True,True,True,True
img_1220.png,original,,10/08/1978,,False,True,False,False
img_1221.png,original,Sura Davis,24/02/1968,7686 7028 1708,True,True,True,True
img_1222.png,original,Kenneth Watson,,7416 1548 2774,True,False,True,False
img_1223.png,original,Austin Johnson,19/88/6443,8975 1988 6443,True,True,True,True
img_1224.png,original,,11/03/1898,8889 4813 6860,False,True,True,False
img_1225.png,original,Tracy Bailey,,,True,False,False,False
img_1226.png,original,,26/08/1970,6412 4938 2370,False,True,True,False
img_1228.png,original,,04/04/1984,,False,True,False,False
img_1229.png,original,,06/06/1889,5843 5304 2091,False,True,True,False
img_123.png,original,Clatre Jackson,02/11/2007,,True,True,False,False
img_1230.png,original,,13/12/1970,,False,True,False,False
img_1231.png,original,Ann Beck,18/02/1971,8456 1734 4089,True,True,True,True
img_1232.png,original,Gary Tucker,12/06/1976,2173 9408 2393,True,True,True,True
img_1233.png,original,,28/06/1899,,False,True,False,False
img_1234.png,original,Alexis Dunn,,8978 4306 2113,True,False,True,False
img_1235.png,original,Anita Torres,60/24/9072,1386 6024 9072,True,True,True,True
img_1236.png,original,Jackta Alexander,88/44/8137,8844 8137 9479,True,True,True,True
img_1237.png,original,Kristen Howard,,,True,False,False,False
img_1239.png,original,Cynthia Ross,13/05/1970,2114 2648 6430,True,True,True,True
img_124.png,original,Lis Mckay,08/02/1975,6988 7224 1081,True,True,True,True
img_1240.png,original,Elizabeth Mejia,23/08/1882,7244 7057 2925,True,True,True,True
img_1241.png,original,Kathleen Schmidt,16/06/1979,4376 2115 6975,True,True,True,True
img_1242.png,original,Sean Cannon,13/10/1889,,True,True,False,False
img_1244.png,original,Kristina Hall,18/07/2000,1011 4005 5872,True,True,True,True
img_1245.png,original,,,,False,False,False,False
img_1246.png,original,Dr,04/09/1976,2660 5402 3067,True,True,True,True
img_1247.png,original,Julie Bolton,16/07/1970,2723 5260 9778,True,True,True,True
img_1248.png,original,Julie Richardson,12/82/5071,1282 5071 1989,True,True,True,True
img_1249.png,original,Madison Hawkins,18/08/2000,2265 5678 3684,True,True,True,True
img_125.png,original,,28/10/1968,,False,True,False,False
img_1250.png,original,Derrick Taylor,19/08/1971,2200 3820 1679,True,True,True,True
img_1251.png,original,Riche,22/10/1890,7105 7724 8882,True,True,True,True
img_1252.png,original,,02/08/1975,2237 3547 7627,False,True,True,False
img_1253.png,original,,06/11/1976,,False,True,False,False
img_1254.png,original,,12/05/2008,8884 9406 2576,False,True,True,False
img_1255.png,original,,22/12/1888,,False,True,False,False
img_1256.png,original,RobertWekh,02/04/1892,8225 3870 4511,True,True,True,True
img_1258.png,original,Caitlin Bryant,41/09/2001,,True,True,False,False
img_1259.png,original,Joan Young,16/09/1891,,True,True,False,False
img_126.png,original,Ellen Williams,14/02/1967,2297 4814 9695,True,True,True,True
img_1260.png,original,,10/11/1974,,False,True,False,False
img_1261.png,original,StacyChavez,11/05/1883,2420 7207 8924,True,True,True,True
img_1262.png,original,,22/09/1899,,False,True,False,False
img_1263.png,original,,06/04/1882,4139 2239 1624,False,True,True,False
img_1264.png,original,Lindogy Sullivan,06/01/2008,6824 3971 6928,True,True,True,True
img_1265.png,original,BattyGill,10/08/1882,6960 1738 6602,True,True,True,True
img_1266.png,original,Marcus Kennedy,31/12/1979,1041 5002 9850,True,True,True,True
img_1268.png,original,,02/09/1888,7586 8682 5968,False,True,True,False
img_1269.png,original,Tanya Miller,23/05/2004,8858 8411 6329,True,True,True,True
img_1270.png,original,,,,False,False,False,False
img_1271.png,original,,26/03/1977,,False,True,False,False
img_1272.png,original,Ryan Lloyd,04/10/1967,2236 6913 4077,True,True,True,True
img_1273.png,original,Catharine Fox,12/08/2000,8803 4418 2208,True,True,True,True
img_1274.png,original,Michael Gonzalez,12/04/1969,1549 2631 2278,True,True,True,True
img_1276.png,original,Jason Robinson,41/09/1899,3474 2338 5277,True,True,True,True
img_1277.png,original,,22/06/1890,,False,True,False,False
img_1278.png,original,,24/09/1979,1748 2327 4318,False,True,True,False
img_1279.png,original,Biiley Castro,21/07/1975,,True,True,False,False
img_128.png,original,,15/11/1885,,False,True,False,False
img_1280.png,original,Lisa Montgomery,24/10/1897,4206 9726 3867,True,True,True,True
img_1281.png,original,Ronnie Quinn,11/09/1895,1358 2032 6325,True,True,True,True
img_1283.png,original,Christopher Mortis,01/08/1974,6290 9862 8459,True,True,True,True
img_1284.png,original,Theodore Robinson,22/05/2002,7321 6470 1561,True,True,True,True
img_1285.png,original,Daniel Holloway,26/04/1973,,True,True,False,False
img_1286.png,original,Melissa Ball,13/01/1970,3058 8705 5800,True,True,True,True
img_1287.png,original,,03/09/1897,,False,True,False,False
img_1288.png,original,Joshua Jackson,26/10/1968,6347 9107 4961,True,True,True,True
img_1289.png,original,,31/10/1970,8206 6841 5011,False,True,True,False
img_129.png,original,Todd Cabrera,07/12/1977,8395 5848 9768,True,True,True,True
img_1290.png,original,Amanda Moore,17/05/1884,7683 1547 8841,True,True,True,True
img_1292.png,original,,22/07/1971,,False,True,False,False
img_1293.png,original,Lisa Mckinney,21/07/1887,2228 9492 7449,True,True,True,True
img_1295.png,original,Marissa Robinson,81/05/1973,,True,True,False,False
img_1298.png,original,Jason Navario,20/04/1895,8182 2097 8040,True,True,True,True
img_1299.png,original,Andrew Wilson,03/11/1890,4701 7029 7952,True,True,True,True
img_13.png,original,Roger Brown,30/01/1899,3578 2813 5180,True,True,True,True
img_1301.png,original,Jason Conlay,23/05/1882,4875 9047 7763,True,True,True,True
img_1302.png,original,,04/11/1984,,False,True,False,False
img_1303.png,original,Kevin Flores,03/02/1994,1026 9062 9852,True,True,True,True
img_1304.png,original,,21/04/1898,2211 5888 7220,False,True,True,False
img_1305.png,original,,23/04/2007,8203 1863 8177,False,True,True,False
img_1307.png,original,Jessica Lee,14/11/1974,1848 4922 1880,True,True,True,True
img_1308.png,original,,30/07/1974,4933 8800 1288,False,True,True,False
img_1309.png,original,Cynthia Brock,30/11/2008,4586 6048 8058,True,True,True,True
img_131.png,original,,,8306 4233 1581,False,False,True,False
img_1310.png,original,Patricia Rhodes,,,True,False,False,False
img_1311.png,original,,24/10/1891,,False,True,False,False
img_1313.png,original,Catherine Chang,05/11/1898,6853 7524 7582,True,True,True,True
img_1314.png,original,Sharon Anderson,10/11/1884,1970 5841 2453,True,True,True,True
img_1315.png,original,Andrea Maddox,,3631 9851 7087,True,False,True,False
img_1316.png,original,David Lea,16/06/1887,8968 8670 7080,True,True,True,True
img_1317.png,original,Jennifer Fitzgerald,24/02/1897,8136 3923 1085,True,True,True,True
img_1318.png,original,,11/09/1979,,False,True,False,False
img_1319.png,original,,21/05/1977,,False,True,False,False
img_132.png,original,Janet Edwards,14/12/1882,7398 9115 6933,True,True,True,True
img_1320.png,original,Heather Barber,18/01/1889,6509 5323 7724,True,True,True,True
img_1321.png,original,,10/01/1898,2188 1317 9800,False,True,True,False
img_1322.png,original,Bnan Patterson,06/09/1968,2061 9830 3995,True,True,True,True
img_1323.png,original,Travis Hogan,10/05/2000,8868 3973 9667,True,True,True,True
img_1325.png,original,Matthew Shaw,04/01/2002,,True,True,False,False
img_1326.png,original,,56/64/5769,1645 5664 5769,False,True,True,False
img_1328.png,original,,14/08/2003,,False,True,False,False
img_1329.png,original,Kelly White,,3867 3591 8045,True,False,True,False
img_1330.png,original,Jessica Franklin,19/02/1881,3248 9988 6140,True,True,True,True
img_1331.png,original,Michelle Hunter,13/12/1979,1541 4174 2241,True,True,True,True
img_1332.png,original,Jaffray Wikon,19/11/1965,3403 6129 1755,True,True,True,True
img_1333.png,original,Samah Powe,02/04/1977,6928 2821 3078,True,True,True,True
img_1334.png,original,Frederick Bennett,23/07/2000,6362 9091 5969,True,True,True,True
img_1335.png,original,Todd Baltran,30/04/1887,8589 9036 8965,True,True,True,True
img_1336.png,original,,18/09/1977,,False,True,False,False
img_1337.png,original,,13/04/1897,,False,True,False,False
img_1338.png,original,Sean Wade,10/03/1898,3108 1154 4478,True,True,True,True
img_1339.png,original,Jacob Dutly,24/01/1897,6031 3426 5098,True,True,True,True
img_134.png,original,Matthew White,11/12/1974,3351 5196 2922,True,True,True,True
img_1340.png,original,Nathaniel Quinn,21/02/1975,1952 7340 7284,True,True,True,True
img_1341.png,original,CrstalGutierrez,26/06/1984,8845 1269 6843,True,True,True,True
img_1342.png,original,Cynthia Gonzales,16/06/1893,3306 5514 2161,True,True,True,True
img_1343.png,original,,30/01/1882,7101 5811 3510,False,True,True,False
img_1344.png,original,,16/07/1889,4124 1101 9107,False,True,True,False
img_1345.png,original,,26/10/1984,,False,True,False,False
img_1347.png,original,Ronald Riley,24/09/1884,,True,True,False,False
img_1349.png,original,CrnstalCarroll,11/12/1977,6921 9085 3475,True,True,True,True
img_135.png,original,Leah Turner,22/08/1888,,True,True,False,False
img_1350.png,original,Zachary Lynn,18/05/1882,2631 1845 4668,True,True,True,True
img_1351.png,original,,71/03/1974,,False,True,False,False
img_1352.png,original,Kevin Montgomery,12/10/1897,,True,True,False,False
img_1353.png,original,John Carter,,0589 9184 5516,True,False,True,False
img_1355.png,original,,16/03/1971,8884 4800 8679,False,True,True,False
img_1356.png,original,,01/10/1899,,False,True,False,False
img_1357.png,original,,19/12/1994,,False,True,False,False
img_1358.png,original,,17/10/1969,8768 9342 3419,False,True,True,False
img_1359.png,original,Lauren gennings,10/09/2000,6280 4890 6204,True,True,True,True
img_136.png,original,Amanda Dalton,18/05/1978,8646 3185 3384,True,True,True,True
img_1360.png,original,,25/03/1887,,False,True,False,False
img_1361.png,original,Joann Wolf,23/08/1976,1552 2518 3258,True,True,True,True
img_1362.png,original,Gerald Daniels,16/08/1891,6478 4019 4775,True,True,True,True
img_1364.png,original,Barbara Robbins,21/12/1884,4107 9194 6360,True,True,True,True
img_1366.png,original,,25/11/1965,2890 9821 2445,False,True,True,False
img_1368.png,original,Fred Maddox,16/03/1971,,True,True,False,False
img_137.png,original,Bonnie Stone,19/05/1898,4867 9479 1557,True,True,True,True
img_1370.png,original,,03/03/1978,,False,True,False,False
img_1371.png,original,Dawn Esparza,26/07/1969,4441 3643 9460,True,True,True,True
img_1372.png,original,,30/11/1888,6701 6765 5233,False,True,True,False
img_1373.png,original,Gary Fields,18/07/1971,2488 3742 8593,True,True,True,True
img_1374.png,original,Eduardo Johnson,13/12/1976,4957 5183 8513,True,True,True,True
img_1375.png,original,,31/03/1885,6751 1016 6392,False,True,True,False
img_1376.png,original,,,6390 4427 2157,False,False,True,False
img_1377.png,original,Deborah White,16/03/1978,2701 4418 6715,True,True,True,True
img_1378.png,original,,30/01/1888,,False,True,False,False
img_1379.png,original,Shannon Black,01/05/1884,7395 9364 2128,True,True,True,True
img_138.png,original,Michael Escobar,16/09/1972,1730 7875 9601,True,True,True,True
img_1380.png,original,Joesph Murphy,03/07/1880,8468 7580 6960,True,True,True,True
img_1381.png,original,Carolyn Newton,10/52/8719,1052 8719 3702,True,True,True,True
img_1382.png,original,,25/06/1967,,False,True,False,False
img_1383.png,original,Crystal Francis,23/62/8120,2362 8120 4174,True,True,True,True
img_1385.png,original,Fernando Watts,11/04/1968,3982 6417 5131,True,True,True,True
img_1386.png,original,JaffrayGalloway,,3876 8787 2259,True,False,True,False
img_1387.png,original,,30/08/1898,3307 4305 2288,False,True,True,False
img_1389.png,original,Brandon Keith,13/03/1974,4366 5580 8138,True,True,True,True
img_139.png,original,Carl Nichots,10/11/1975,1638 8485 8171,True,True,True,True
img_1391.png,original,Carol Whitaker,12/11/2005,2332 7788 3425,True,True,True,True
img_1392.png,original,Angela Warner,17/04/1898,3067 2842 2335,True,True,True,True
img_1393.png,original,Shelia Johnson,19/08/1891,3273 5825 4785,True,True,True,True
img_1394.png,original,,,,False,False,False,False
img_1395.png,original,Monica Baird,26/09/1889,6424 1288 8260,True,True,True,True
img_1396.png,original,James Walton,27/11/1971,2796 3534 7723,True,True,True,True
img_1397.png,original,David Martin,29/06/1897,,True,True,False,False
img_1398.png,original,Tricia Smith MD,10/07/2001,,True,True,False,False
img_1399.png,original,Alexander Francis,11/08/2000,3768 3954 5289,True,True,True,True
img_14.png,original,,28/07/1975,8468 1219 8283,False,True,True,False
img_140.png,original,Albart Johnson,18/05/2004,2691 6604 1565,True,True,True,True
img_1401.png,original,,21/01/1892,2370 8738 2042,False,True,True,False
img_1402.png,original,Lynn Smith,,8443 9028 6012,True,False,True,False
img_1403.png,original,Russell Lopez,04/07/1973,3883 4437 7065,True,True,True,True
img_1404.png,original,DanialOwens,26/08/2004,7948 7833 6891,True,True,True,True
img_1405.png,original,Hannah Mccullough,09/12/1880,3250 2002 7240,True,True,True,True
img_1406.png,original,Christine Smith,03/12/2003,,True,True,False,False
img_1407.png,original,Kristine Mitchell,19/04/1976,4986 3687 7368,True,True,True,True
img_141.png,original,Laure Morales,76/30/5221,3222 7630 5221,True,True,True,True
img_1410.png,original,Luke Zuniga,06/01/1898,8907 2766 4368,True,True,True,True
img_1411.png,original,Jack Little,13/02/1976,8590 8908 6726,True,True,True,True
img_1412.png,original,Jack Meclure,,3022 3426 1477,True,False,True,False
img_1413.png,original,Brianna Hall,30/03/1994,,True,True,False,False
img_1414.png,original,,40/70/7110,4070 7110 1602,False,True,True,False
img_1417.png,original,Richard Hurst,08/01/1970,8184 5089 2464,True,True,True,True
img_1418.png,original,,03/08/1972,8446 2637 2444,False,True,True,False
img_1419.png,original,Mary Ross,17/07/1973,4807 8202 1093,True,True,True,True
img_142.png,original,,,,False,False,False,False
img_1420.png,original,Samuel Torres,41/04/2003,8808 7839 2664,True,True,True,True
img_1421.png,original,,20/01/2000,6022 3770 8928,False,True,True,False
img_1422.png,original,Lynn Hull,30/07/1984,4472 1085 6608,True,True,True,True
img_1423.png,original,Richard Smith,01/06/1892,,True,True,False,False
img_1424.png,original,,,,False,False,False,False
img_1425.png,original,,18/04/1893,,False,True,False,False
img_1426.png,original,Victoria Flores,18/05/2003,,True,True,False,False
img_1427.png,original,Eric Chaney,08/06/1978,6836 4852 2779,True,True,True,True
img_1428.png,original,Michael Robinson,29/06/1887,,True,True,False,False
img_1429.png,original,,21/00/7693,,False,True,False,False
img_1430.png,original,,22/02/1994,8799 2278 5744,False,True,True,False
img_1431.png,original,,,,False,False,False,False
img_1432.png,original,George Malone,02/05/1977,,True,True,False,False
img_1433.png,original,Kurt Johnson,,8585 1127 3624,True,False,True,False
img_1435.png,original,Thomas Doyle,57/11/7049,3766 5711 7049,True,True,True,True
img_1436.png,original,Mario Anderson,26/07/1975,,True,True,False,False
img_1437.png,original,,,,False,False,False,False
img_144.png,original,John Brayn,,,True,False,False,False
img_1441.png,original,Deniva Miller,02/01/1978,8528 7342 7284,True,True,True,True
img_1442.png,original,Banjamin Vargas,15/03/1891,4486 8337 6617,True,True,True,True
img_1444.png,original,,,,False,False,False,False
img_1446.png,original,Gloria Thomas,08/03/1975,2537 8160 4240,True,True,True,True
img_1447.png,original,,74/12/5191,6229 7412 5191,False,True,True,False
img_1448.png,original,William Carter,04/08/1888,,True,True,False,False
img_1449.png,original,Denise Gonzales,04/08/2004,8300 6708 3977,True,True,True,True
img_145.png,original,Paul Harrison,28/11/2005,4252 6430 1871,True,True,True,True
img_1450.png,original,,13/12/2005,8434 2903 2348,False,True,True,False
img_1451.png,original,Christopher Phillips,08/06/1971,8178 8365 7622,True,True,True,True
img_1452.png,original,Allison Escobar,02/09/1893,,True,True,False,False
img_1453.png,original,Eric Murphy,10/07/2008,1577 6740 6284,True,True,True,True
img_1454.png,original,Darren Medaniel,06/09/1974,,True,True,False,False
img_1455.png,original,Phyllis Farley,,2755 6789 1068,True,False,True,False
img_1456.png,original,Paul West,28/09/1974,3360 1975 4473,True,True,True,True
img_1457.png,original,Mark Jones,14/09/1884,8931 3565 8483,True,True,True,True
img_1458.png,original,,04/10/2000,,False,True,False,False
img_1459.png,original,Lisa Jones,08/01/2008,,True,True,False,False
img_1460.png,original,Karan Lee,21/04/1981,7496 6338 6017,True,True,True,True
img_1461.png,original,Ryan Harper,,,True,False,False,False
img_1462.png,original,Alexander Pearson,18/08/1972,3587 9966 8318,True,True,True,True
img_1463.png,original,Nicholas Dunn,03/09/1898,1178 1770 1425,True,True,True,True
img_1464.png,original,JohnGrant,05/05/1884,8078 5863 9120,True,True,True,True
img_1465.png,original,,06/06/1897,8362 2751 2914,False,True,True,False
img_1466.png,original,Alice Molina,04/07/1899,3386 7230 9103,True,True,True,True
img_1467.png,original,Daniella Pennington,51/05/2004,,True,True,False,False
img_1468.png,original,James Smith,19/11/1895,8497 7011 8355,True,True,True,True
img_1469.png,original,Jaffray French,51/05/1882,,True,True,False,False
img_147.png,original,Diana Gibbs,10/09/2007,7834 1719 3852,True,True,True,True
img_1471.png,original,Cody Lopaz,22/04/1890,8950 4337 8775,True,True,True,True
img_1472.png,original,Cynthia Olson,09/10/1889,8067 2505 8228,True,True,True,True
img_1473.png,original,Nicholas Davis,13/07/1967,4386 4438 4210,True,True,True,True
img_1474.png,original,Jonathan Newton,16/11/1975,7188 9890 9103,True,True,True,True
img_1475.png,original,Alicia Williams,,1933 8988 3553,True,False,True,False
img_1476.png,original,Jacob Moore,16/05/1968,8755 2574 5440,True,True,True,True
img_1477.png,original,Brittney Ballard,18/02/1978,8868 1507 8089,True,True,True,True
img_148.png,original,Richard Davis,05/11/1891,3485 9561 4218,True,True,True,True
img_1480.png,original,,,,False,False,False,False
img_1481.png,original,Micheal Gonzalez,14/02/2003,8996 5721 8717,True,True,True,True
img_1483.png,original,Jennifer Bonilla,28/03/1888,7000 8066 6985,True,True,True,True
img_1486.png,original,Sargio Bailey,15/05/1888,4584 4000 4778,True,True,True,True
img_1487.png,original,Heather Phillips,02/06/1965,4878 7892 6088,True,True,True,True
img_1488.png,original,,27/10/1887,2522 6059 4500,False,True,True,False
img_1489.png,original,,20/10/1887,,False,True,False,False
img_149.png,original,Lonnie Foster,22/02/2000,2691 1367 1177,True,True,True,True
img_1490.png,original,Wendy Stewart,17/04/1898,3106 9190 1500,True,True,True,True
img_1491.png,original,Lance Walker,28/05/1882,2236 6342 6414,True,True,True,True
img_1493.png,original,,14/11/1891,,False,True,False,False
img_1494.png,original,,12/11/1965,,False,True,False,False
img_1497.png,original,Marcus Nicholson,19/09/1965,1499 7574 8819,True,True,True,True
img_1498.png,original,,16/04/2002,,False,True,False,False
img_1499.png,original,Jill Jones,24/03/1971,1776 9041 9668,True,True,True,True
img_15.png,original,,18/06/1977,,False,True,False,False
img_150.png,original,Julie Gonzalez,17/10/1899,,True,True,False,False
img_1501.png,original,Petar Moore,08/01/1882,7902 2275 8034,True,True,True,True
img_1502.png,original,Jack Sanchez,08/04/1888,,True,True,False,False
img_1503.png,original,Claire Gallegos,29/12/1880,7242 4820 8468,True,True,True,True
img_1505.png,original,Charles Smith,22/08/1978,,True,True,False,False
img_1506.png,original,Melissa Davis,08/07/1973,7588 8630 8027,True,True,True,True
img_1507.png,original,,18/07/2000,,False,True,False,False
img_1508.png,original,Adam Davis,02/12/1897,,True,True,False,False
img_1509.png,original,Joshua Larson,08/06/1980,4136 5274 2437,True,True,True,True
img_151.png,original,Lee Johnson,23/08/1981,6973 2040 6380,True,True,True,True
img_1510.png,original,,05/12/1971,7239 5044 5241,False,True,True,False
img_1511.png,original,Adam Poman,04/03/1895,6290 6501 4083,True,True,True,True
img_1512.png,original,Samah King,04/02/1978,,True,True,False,False
img_1513.png,original,Christopher Kana,07/12/1882,2804 2825 1804,True,True,True,True
img_1514.png,original,Caitlin Weber,14/08/1889,3399 2007 5448,True,True,True,True
img_1517.png,original,Caleb Zuniga,21/02/1969,2381 8037 6901,True,True,True,True
img_1518.png,original,,12/11/1880,7957 1572 6454,False,True,True,False
img_152.png,original,Dr,18/41/9059,4536 1841 9059,True,True,True,True
img_1521.png,original,Devin Wright,11/03/1969,4494 1888 2402,True,True,True,True
img_1523.png,original,,02/04/1976,,False,True,False,False
img_1524.png,original,,02/04/1892,8560 6199 4513,False,True,True,False
img_1525.png,original,James Morris,17/04/2002,,True,True,False,False
img_1526.png,original,,19/08/1882,,False,True,False,False
img_1530.png,original,Robert Sanford,22/04/1890,1610 4123 6478,True,True,True,True
img_1532.png,original,Austin Jackson,10/01/1969,8753 5741 2595,True,True,True,True
img_1533.png,original,Dawn Modonald,02/09/1882,1183 9842 9222,True,True,True,True
img_1535.png,original,Tyrone Moore,11/91/3350,,True,True,False,False
img_1536.png,original,,31/03/2005,6363 9885 5938,False,True,True,False
img_1537.png,original,,16/11/1895,,False,True,False,False
img_1538.png,original,Stephania Parker,28/10/1965,,True,True,False,False
img_1539.png,original,Samantha Sanchez,28/04/1888,1442 6770 6776,True,True,True,True
img_1541.png,original,,27/10/1968,,False,True,False,False
img_1543.png,original,,01/08/1972,,False,True,False,False
img_1544.png,original,Dakota Walter,,3503 8863 3835,True,False,True,False
img_1545.png,original,Ruth Webb,12/01/1898,6571 6233 3161,True,True,True,True
img_1546.png,original,Ranee Snyder,19/08/1965,8888 8565 8020,True,True,True,True
img_1547.png,original,,30/11/1972,,False,True,False,False
img_1549.png,original,Thomas Osborn,19/04/1979,3556 1995 7960,True,True,True,True
img_155.png,original,Blake Austin,18/12/1971,,True,True,False,False
img_1550.png,original,Scott Davis,26/84/8071,2684 8071 1685,True,True,True,True
img_1551.png,original,Michelle Birnes,11/42/7344,1142 7344 1819,True,True,True,True
img_1552.png,original,GillClayton,13/12/1891,7158 4966 7807,True,True,True,True
img_1553.png,original,Vanessa Tyler,06/10/1883,7028 4767 1369,True,True,True,True
img_1554.png,original,Anne Gutierrez,10/03/1891,1528 2404 3507,True,True,True,True
img_1555.png,original,Felicia Hodge,04/09/1977,8692 3688 2338,True,True,True,True
img_1556.png,original,,13/06/2002,,False,True,False,False
img_1557.png,original,Caroline Carter,26/04/1893,8862 6900 7123,True,True,True,True
img_1558.png,original,,17/06/1895,,False,True,False,False
img_1559.png,original,Amy Booth,12/02/1974,6939 9582 1213,True,True,True,True
img_156.png,original,Robert Richardson,13/09/1891,1987 7103 4884,True,True,True,True
img_1560.png,original,Miranda Andrews,16/05/1891,1644 2838 6941,True,True,True,True
img_1561.png,original,Mary Sullivan,29/01/1883,7280 5803 1871,True,True,True,True
img_1562.png,original,Patricia Lyons,12/10/1975,2112 7887 5248,True,True,True,True
img_1563.png,original,,04/05/1994,,False,True,False,False
img_1564.png,original,Christopher Johnson,19/05/1882,8189 9208 1764,True,True,True,True
img_1565.png,original,Brian Nelson,08/02/1888,3851 9712 3060,True,True,True,True
img_1566.png,original,,,8215 2400 1921,False,False,True,False
img_1567.png,original,Patricia Jones,28/07/1968,4521 6402 4431,True,True,True,True
img_1569.png,original,Pamela Smith,10/11/2004,6838 3602 9104,True,True,True,True
img_157.png,original,Lisa Hayden,03/01/1994,1936 6569 8573,True,True,True,True
img_1572.png,original,Marcus Scott,06/03/1969,8238 9498 7513,True,True,True,True
img_1573.png,original,,,,False,False,False,False
img_1574.png,original,John Cobb,16/09/2005,,True,True,False,False
img_1575.png,original,Melanie Jones,30/12/1979,3753 1814 7326,True,True,True,True
img_1576.png,original,,29/12/1883,4708 1468 9055,False,True,True,False
img_1577.png,original,Jonathan Strickland,,7381 3828 2297,True,False,True,False
img_1578.png,original,Donna Mecclain,25/03/1880,,True,True,False,False
img_158.png,original,Megan Adams,08/04/1979,6586 7006 2953,True,True,True,True
img_1580.png,original,Daniel Dannis,18/01/1884,1726 3416 6507,True,True,True,True
img_1581.png,original,GaryCase,30/04/1888,8685 5164 9534,True,True,True,True
img_1582.png,original,Wendy Collins,19/03/1881,4049 8781 8214,True,True,True,True
img_1583.png,original,,11/08/1897,,False,True,False,False
img_1584.png,original,William Duran,06/05/1978,8172 7048 2511,True,True,True,True
img_1586.png,original,Marvin Curtis,25/04/1971,6461 7377 9972,True,True,True,True
img_1587.png,original,Steven Simmons,22/02/1882,3882 4173 3480,True,True,True,True
img_1588.png,original,Johnathan Johncon,22/11/1887,4407 7660 7957,True,True,True,True
img_159.png,original,,22/07/1975,8135 7892 8525,False,True,True,False
img_1590.png,original,,,7190 5088 9489,False,False,True,False
img_1591.png,original,Kaitlin Bast,28/10/1889,2648 7012 8374,True,True,True,True
img_1592.png,original,Edward Acosta,21/11/1882,3050 8075 4201,True,True,True,True
img_1593.png,original,,10/05/1893,,False,True,False,False
img_1594.png,original,John Alvarez,16/12/1978,1655 3311 7784,True,True,True,True
img_1596.png,original,,,,False,False,False,False
img_1598.png,original,James Rush DDS,38/13/9332,8756 3813 9332,True,True,True,True
img_1599.png,original,,85/26/9162,1361 8526 9162,False,True,True,False
img_1600.png,original,Christine Herrera,10/05/1970,1908 2357 3487,True,True,True,True
img_1601.png,original,Philip Santee,05/12/2005,2001 5708 4923,True,True,True,True
img_1602.png,original,,16/02/1891,,False,True,False,False
img_1604.png,original,Eric Smith,07/10/1973,,True,True,False,False
img_1605.png,original,,02/04/1970,7040 5080 9649,False,True,True,False
img_1606.png,original,,08/05/1898,,False,True,False,False
img_1607.png,original,Michael Sweeney,18/09/2001,1522 2763 9207,True,True,True,True
img_1608.png,original,Jordan Conner,97/11/7808,6780 9711 7808,True,True,True,True
img_1609.png,original,,28/06/1968,8322 4326 3149,False,True,True,False
img_1610.png,original,,25/08/1887,,False,True,False,False
img_1611.png,original,Carlos Garcia,14/01/6564,,True,True,False,False
img_1612.png,original,Matthew Diaz,16/02/1971,6770 6440 2225,True,True,True,True
img_1613.png,original,,71/05/2007,,False,True,False,False
img_1614.png,original,Cameron White,19/01/1885,,True,True,False,False
img_1615.png,original,Carmen Kelly,26/06/1968,2728 2125 6962,True,True,True,True
img_1616.png,original,Jonathan Murray,23/08/1976,,True,True,False,False
img_1617.png,original,Jutia Washington,04/12/2003,4932 8473 3477,True,True,True,True
img_1618.png,original,April Thomas,10/08/1880,,True,True,False,False
img_1619.png,original,Anna Peed,,7985 7815 7592,True,False,True,False
img_162.png,original,Christine Johnson,23/02/1889,,True,True,False,False
img_1620.png,original,Maria Poss,25/11/1977,7100 8718 9545,True,True,True,True
img_1621.png,original,Donna Lewis,28/12/1884,8183 1860 5368,True,True,True,True
img_1622.png,original,,14/03/1976,,False,True,False,False
img_1623.png,original,Jonathan Baker,20/03/1898,4287 2547 5745,True,True,True,True
img_1624.png,original,,17/11/1885,,False,True,False,False
img_1626.png,original,,3728777,,False,False,False,False
img_1627.png,original,Sheena Baxter,24/02/1893,6226 1860 8188,True,True,True,True
img_1628.png,original,Anthony Thompson,24/09/1973,8118 1244 7668,True,True,True,True
img_1629.png,original,Paul Burnett,12/01/1882,7326 3135 9321,True,True,True,True
img_163.png,original,Haley Wong,27/01/2008,3088 1483 6786,True,True,True,True
img_1632.png,original,Kristopher Nelson,26/10/2003,2066 9572 7262,True,True,True,True
img_1633.png,original,Stephania Nixon,07/06/1972,3550 5827 3088,True,True,True,True
img_1637.png,original,Gabriella Ramirez,23/02/1884,7504 1188 7093,True,True,True,True
img_1639.png,original,Jerome Solo,11/10/1968,,True,True,False,False
img_164.png,original,,16/05/1898,8390 2661 9367,False,True,True,False
img_1640.png,original,,14/02/1888,8744 7127 7103,False,True,True,False
img_1641.png,original,Ronald Gamble,12/11/1881,1865 6219 7120,True,True,True,True
img_1642.png,original,Catherine Rush,02/08/1974,1405 6210 8457,True,True,True,True
img_1644.png,original,Baverly Hull,18/09/1893,,True,True,False,False
img_1645.png,original,,08/12/1971,,False,True,False,False
img_1646.png,original,Jonathan Micses,12/05/2004,,True,True,False,False
img_1647.png,original,Michael Harris,22/11/1974,4401 6203 3391,True,True,True,True
img_165.png,original,Jarry Leblanc,04/01/1898,,True,True,False,False
img_1650.png,original,Hannah Stevens,28/11/1882,4867 7266 8308,True,True,True,True
img_1651.png,original,Cynthia Walters,27/11/1890,1071 3172 1239,True,True,True,True
img_1652.png,original,Matthew Smith,26/09/1897,8765 4811 3208,True,True,True,True
img_1653.png,original,Linda Kemp,22/07/1882,2756 3119 6072,True,True,True,True
img_1654.png,original,,04/04/1994,,False,True,False,False
img_1655.png,original,,8648783,,False,False,False,False
img_1656.png,original,Jason Finley,27/08/2002,1221 1974 6642,True,True,True,True
img_1657.png,original,Kebay Solis,41/09/1897,,True,True,False,False
img_1658.png,original,Keith Wells,08/12/1968,3458 8420 4747,True,True,True,True
img_1659.png,original,Sandra Vincent,08/03/1975,6435 8335 4444,True,True,True,True
img_166.png,original,Lori Li,,6480 4663 1691,True,False,True,False
img_1660.png,original,David Have,14/09/1975,1808 3062 8780,True,True,True,True
img_1662.png,original,,26/02/1887,,False,True,False,False
img_1665.png,original,James Schwartz,19/03/1978,,True,True,False,False
img_1666.png,original,Louis Carlson,22/10/1884,8881 4381 7492,True,True,True,True
img_1667.png,original,Sarah Wood,21/04/1999,,True,True,False,False
img_1668.png,original,,30/01/1882,,False,True,False,False
img_1669.png,original,Dylan Obrien,23/05/1965,8263 4789 4103,True,True,True,True
img_167.png,original,Patrick Pana,23/04/1898,7978 8884 4338,True,True,True,True
img_1670.png,original,Anthony Griffith,02/08/1965,4254 4799 3716,True,True,True,True
img_1671.png,original,,16/06/2008,,False,True,False,False
img_1672.png,original,John Davis,10/06/1899,6333 7365 5273,True,True,True,True
img_1673.png,original,,01/03/1885,,False,True,False,False
img_1674.png,original,Christopher Stevens,58/44/7218,8071 5844 7218,True,True,True,True
img_1675.png,original,Steven Lee,28/08/1897,,True,True,False,False
img_1677.png,original,,29/08/1975,1996 6001 6252,False,True,True,False
img_168.png,original,Terry Phillips,16/01/1899,8010 9854 8904,True,True,True,True
img_1681.png,original,Kevin Gill,15/11/1994,8848 9297 7443,True,True,True,True
img_1684.png,original,,25/10/2000,,False,True,False,False
img_1688.png,original,Banjamin Gentry,19/06/1888,,True,True,False,False
img_1689.png,original,Patricia Kim,05/11/1978,8833 4162 4335,True,True,True,True
img_169.png,original,Travis Wilson,28/09/1888,7244 9175 4328,True,True,True,True
img_1690.png,original,,,,False,False,False,False
img_1691.png,original,,,,False,False,False,False
img_1692.png,original,Ruth Frye,23/01/1899,7350 4568 7324,True,True,True,True
img_1694.png,original,Dwayne Schneider,23/03/1892,7328 2560 1204,True,True,True,True
img_1697.png,original,Aaron Brown,18/07/1978,6777 7083 2710,True,True,True,True
img_1699.png,original,,,6448 2283 9574,False,False,True,False
img_17.png,original,,02/01/1999,7688 3813 5024,False,True,True,False
img_170.png,original,,30/03/1968,2278 4572 2315,False,True,True,False
img_1700.png,original,Elizabeth Lang,03/05/1889,2876 8403 1038,True,True,True,True
img_1701.png,original,Tina Williams,05/11/1975,3782 6769 3851,True,True,True,True
img_1702.png,original,Scott Hernandez,19/05/1973,7153 6175 7769,True,True,True,True
img_1703.png,original,Matthew Roberson,02/07/1973,7938 8894 9175,True,True,True,True
img_1706.png,original,Thomas Hill,08/02/1883,8073 7606 1378,True,True,True,True
img_1708.png,original,,08/12/1976,6100 1512 2347,False,True,True,False
img_1709.png,original,Corey Meyer,06/05/2008,8572 2688 9462,True,True,True,True
img_171.png,original,Steven Hawkins,02/10/1989,1243 1188 3270,True,True,True,True
img_1710.png,original,Autumn Harney,,,True,False,False,False
img_1711.png,original,Melinda Jones,18/06/2000,,True,True,False,False
img_1712.png,original,,03/02/2008,8110 1802 1769,False,True,True,False
img_1713.png,original,Joshua Barrett,03/10/1882,6831 7531 9643,True,True,True,True
img_1714.png,original,Lori Lewis,04/07/1977,6986 9575 8145,True,True,True,True
img_1716.png,original,Andrew Mckenzie,18/08/1994,6158 2822 8088,True,True,True,True
img_1717.png,original,Donald Todd,21/03/1965,1795 1238 7831,True,True,True,True
img_1718.png,original,,16/02/1895,,False,True,False,False
img_1719.png,original,Debra Hernandez MD,15/09/1967,,True,True,False,False
img_1720.png,original,,48/11/3843,4811 3843 9735,False,True,True,False
img_1721.png,original,JamesGates,06/12/1967,7403 2021 4954,True,True,True,True
img_1723.png,original,JamesGalvan,02/12/1885,8848 2564 4364,True,True,True,True
img_1724.png,original,Ricardo Palmer,14/06/1971,2995 1809 6526,True,True,True,True
img_1725.png,original,Destiny Smith,13/03/1882,8869 7852 4898,True,True,True,True
img_1726.png,original,MarcGamble,17/08/1899,,True,True,False,False
img_1727.png,original,Amanda Harris,05/12/1899,2968 1413 6663,True,True,True,True
img_1728.png,original,Natalie Burgess,,7531 6595 9208,True,False,True,False
img_1729.png,original,Mitchell Daleon,12/72/5026,1272 5026 1904,True,True,True,True
img_173.png,original,James Santiago,01/02/1976,,True,True,False,False
img_1730.png,original,,26/11/1968,6894 2002 5858,False,True,True,False
img_1731.png,original,Valerie hickee,19/02/1979,8305 5202 3947,True,True,True,True
img_1732.png,original,Elizabeth Luna,19/04/1973,,True,True,False,False
img_1735.png,original,Grittany Johnson,23/03/1972,2451 5315 6318,True,True,True,True
img_1736.png,original,Deborah Wade,03/10/2001,1776 7004 9569,True,True,True,True
img_1737.png,original,,18/01/1880,,False,True,False,False
img_1738.png,original,Cheloea Acevedo,,,True,False,False,False
img_1739.png,original,Hannah Dougherty,13/05/1897,3788 4210 3238,True,True,True,True
img_174.png,original,,27/11/1968,,False,True,False,False
img_1740.png,original,,,8921 6800 4253,False,False,True,False
img_1741.png,original,,18/07/1979,3053 3271 7778,False,True,True,False
img_1742.png,original,Antonio Murphy,03/01/1883,8126 9497 1637,True,True,True,True
img_1743.png,original,,29/01/2000,,False,True,False,False
img_1744.png,original,,14/11/1979,,False,True,False,False
img_1745.png,original,Matthew Harmon,26/10/1883,4806 1840 7920,True,True,True,True
img_1746.png,original,Heather Sherman MD,29/04/2008,8303 5319 4139,True,True,True,True
img_1747.png,original,Riche,16/10/1899,1905 5167 5533,True,True,True,True
img_1748.png,original,Megan Hardin,19/01/1880,3881 3115 9386,True,True,True,True
img_1749.png,original,Dennis Shah,06/05/1898,8258 8135 4587,True,True,True,True
img_175.png,original,,,6587 6049 4626,False,False,True,False
img_1750.png,original,Elizabeth Cox,19/10/1891,8224 4866 3208,True,True,True,True
img_1752.png,original,,20/01/1969,,False,True,False,False
img_1753.png,original,Manuel Ande mon,,2115 9851 1279,True,False,True,False
img_1754.png,original,Lauren Barry,08/01/1898,8804 1482 6335,True,True,True,True
img_1755.png,original,Rhonda Martin,08/10/1893,8097 7404 7153,True,True,True,True
img_1756.png,original,,19/09/2005,,False,True,False,False
img_176.png,original,,22/08/1888,8383 8448 7301,False,True,True,False
img_1760.png,original,Dawn Mitchell,01/01/1882,3060 7035 6778,True,True,True,True
img_1761.png,original,Shannon White,22/03/1885,1008 6577 8493,True,True,True,True
img_1762.png,original,Alicia Harper,04/01/2002,,True,True,False,False
img_1763.png,original,,16/07/1968,3755 2461 6204,False,True,True,False
img_1764.png,original,,24/12/2002,,False,True,False,False
img_1765.png,original,Andrew Boyd,11/12/1977,3635 8182 6060,True,True,True,True
img_1766.png,original,Deborah Leach,13/04/1975,7826 1954 7143,True,True,True,True
img_1767.png,original,,06/02/1888,4557 7851 8018,False,True,True,False
img_1769.png,original,Maurice Gibson,18/03/1968,8233 4407 5812,True,True,True,True
img_177.png,original,Alison Young,,4128 1087 8671,True,False,True,False
img_1770.png,original,,25/02/2003,,False,True,False,False
img_1771.png,original,Jose Duncan,07/10/1970,,True,True,False,False
img_1772.png,original,Theresa Guzman,29/04/2004,7882 9811 2350,True,True,True,True
img_1774.png,original,Allison Massay,19/07/2003,1195 8127 6226,True,True,True,True
img_1775.png,original,Sue Dominguez,28/09/1970,3943 9551 9824,True,True,True,True
img_1776.png,original,April Travis,27/02/1891,3930 9713 6739,True,True,True,True
img_1777.png,original,Dr,18/01/1899,,True,True,False,False
img_1778.png,original,Jamie Hutchinson,08/12/1978,3564 1835 7734,True,True,True,True
img_1779.png,original,Adrian Ward,08/06/1883,,True,True,False,False
img_178.png,original,,29/03/1977,8496 1275 7635,False,True,True,False
img_1780.png,original,,19/11/1889,,False,True,False,False
img_1783.png,original,,03/08/1888,,False,True,False,False
img_1784.png,original,David Young,01/10/1893,4074 1219 6847,True,True,True,True
img_1786.png,original,Danial Alvarado,68/48/9292,8873 6848 9292,True,True,True,True
img_1788.png,original,,,,False,False,False,False
img_1789.png,original,Raymond Fusntes,,4476 6073 4359,True,False,True,False
img_179.png,original,Jose Richardson,23/07/1975,8416 4999 8379,True,True,True,True
img_1790.png,original,William Johnson,19/08/2001,,True,True,False,False
img_1791.png,original,,02/02/1892,6328 4156 9111,False,True,True,False
img_1792.png,original,Courtney hickee,23/01/1899,6705 4192 8221,True,True,True,True
img_1793.png,original,Erin Norman,08/01/1888,4444 1493 1232,True,True,True,True
img_1795.png,original,,12/12/1971,,False,True,False,False
img_1797.png,original,,24/06/1979,8922 6342 7689,False,True,True,False
img_1798.png,original,John Moore,86/54/9349,7303 8654 9349,True,True,True,True
img_18.png,original,David James,41/05/1898,8380 8692 4594,True,True,True,True
img_1800.png,original,,06/08/2007,8027 5833 9037,False,True,True,False
img_1801.png,original,Timothy weaver,10/09/1888,1558 2848 2277,True,True,True,True
img_1803.png,original,Cynthia Liu,22/10/1881,2015 2837 4865,True,True,True,True
img_1804.png,original,Jason Stone,16/12/1892,,True,True,False,False
img_1805.png,original,Jesse Smith,13/07/1899,,True,True,False,False
img_1807.png,original,Jeff White,11/10/2003,1733 9403 2424,True,True,True,True
img_1808.png,original,Charyl Horn,12/05/1976,,True,True,False,False
img_1809.png,original,Anz Dennis,06/05/1883,8862 8772 7925,True,True,True,True
img_181.png,original,Anthony Mclean,,,True,False,False,False
img_1811.png,original,Cynthia Patel,10/08/1890,6352 5722 8474,True,True,True,True
img_1812.png,original,Debbie Kramer,21/11/5110,2111 5110 1448,True,True,True,True
img_1813.png,original,Daniel Wallace,12/74/6849,6453 1274 6849,True,True,True,True
img_1814.png,original,Desiree Thompson,08/11/1968,2897 6034 9289,True,True,True,True
img_1815.png,original,,17/11/1994,,False,True,False,False
img_1817.png,original,,,7881 2817 3320,False,False,True,False
img_1818.png,original,Sarah Hernandez,10/02/2003,2792 3531 9569,True,True,True,True
img_182.png,original,,12/05/2007,6761 3707 2717,False,True,True,False
img_1820.png,original,Timothy Morris,18/05/1977,4113 1714 2788,True,True,True,True
img_1822.png,original,Donald Costa,,6349 3327 2264,True,False,True,False
img_1824.png,original,,78/70/3338,3828 7870 3338,False,True,True,False
img_1825.png,original,,16/04/1974,3858 8859 9504,False,True,True,False
img_1826.png,original,,04/03/1888,7737 4330 7215,False,True,True,False
img_1828.png,original,Kim Salas,23/01/1880,4739 7182 1615,True,True,True,True
img_1829.png,original,Brad Rosario,22/10/1885,8586 4159 4159,True,True,True,True
img_183.png,original,,08/08/1887,,False,True,False,False
img_1830.png,original,,06/12/1970,,False,True,False,False
img_1831.png,original,Dillon Nelson,27/01/1968,6776 2767 3671,True,True,True,True
img_1832.png,original,Karen Ball,19/12/1976,3158 5196 3724,True,True,True,True
img_1833.png,original,Tara Macias,18/04/2008,2400 1151 2276,True,True,True,True
img_1834.png,original,Laura Kelly,11/06/2004,4089 2642 4172,True,True,True,True
img_1835.png,original,Evan Davis,03/10/1976,8261 3738 9439,True,True,True,True
img_1836.png,original,Diane Conner,,1905 9317 2489,True,False,True,False
img_1837.png,original,Donald Summers,22/28/8358,6571 2228 8358,True,True,True,True
img_1838.png,original,Nicole Cervantes,03/05/1882,7434 2607 5869,True,True,True,True
img_1839.png,original,Angela Moran,16/08/2005,3301 4342 9572,True,True,True,True
img_184.png,original,Vanessa Jones,01/11/1981,3370 8149 5888,True,True,True,True
img_1840.png,original,,,4288 3093 4162,False,False,True,False
img_1842.png,original,Diane Vega,21/09/1971,,True,True,False,False
img_1844.png,original,Courtney Walker,30/62/7589,8012 3062 7589,True,True,True,True
img_1845.png,original,,19/10/1891,,False,True,False,False
img_1846.png,original,,07/12/2008,4482 3497 7455,False,True,True,False
img_1847.png,original,Lisa Frazier,08/10/1972,8820 2364 2407,True,True,True,True
img_1848.png,original,Michael Boone,15/10/1898,1466 6850 1768,True,True,True,True
img_1849.png,original,Nicole Tucker,25/02/2005,8900 5431 8909,True,True,True,True
img_185.png,original,,05/11/2004,7839 2136 6548,False,True,True,False
img_1850.png,original,JamesKim,28/02/1973,8005 3842 7763,True,True,True,True
img_1851.png,original,Ronald Miranda,,6460 4257 6993,True,False,True,False
img_1852.png,original,,03/07/1883,7012 8567 1248,False,True,True,False
img_1854.png,original,Kenneth Armstrong,01/11/1971,1486 1371 4101,True,True,True,True
img_1855.png,original,Chelsea Smith,30/08/2004,4937 3708 1690,True,True,True,True
img_1857.png,original,Steven Brown,23/03/2004,,True,True,False,False
img_1858.png,original,James Morales,10/11/1898,4556 9814 1392,True,True,True,True
img_1859.png,original,,41/05/1882,,False,True,False,False
img_1860.png,original,Jarry Back,31/10/1974,,True,True,False,False
img_1861.png,original,Victoria French,02/12/2008,7494 3777 1649,True,True,True,True
img_1862.png,original,Valarie Frys DDS,06/02/1972,,True,True,False,False
img_1864.png,original,Rabecea Gibson,26/02/1973,,True,True,False,False
img_1865.png,original,Courtney Hunter,03/12/2005,,True,True,False,False
img_1866.png,original,Shawn Blevins,03/01/1890,3368 5030 6120,True,True,True,True
img_1867.png,original,,23/06/2004,,False,True,False,False
img_1868.png,original,,,8150 2143 5522,False,False,True,False
img_1869.png,original,Blake Brown,28/12/2003,4471 4969 9264,True,True,True,True
img_187.png,original,,28/08/1888,,False,True,False,False
img_1870.png,original,Monica Smith,24/11/1968,3384 3460 1440,True,True,True,True
img_1871.png,original,,13/12/1889,,False,True,False,False
img_1872.png,original,Dennis Lopez,,8502 4255 5271,True,False,True,False
img_1873.png,original,,15/06/1971,,False,True,False,False
img_1874.png,original,Mrs Kim Cooper,26/10/1890,6075 6385 6461,True,True,True,True
img_1875.png,original,George Young,25/03/1974,3368 8251 7840,True,True,True,True
img_1876.png,original,Austin Cooper,,8520 8301 5381,True,False,True,False
img_1877.png,original,Chios Hardy,20/08/1976,6181 9781 3776,True,True,True,True
img_1878.png,original,Crystal Sharp,,6861 2880 4772,True,False,True,False
img_1879.png,original,Juan Ball,11/05/1897,6089 9476 5868,True,True,True,True
img_188.png,original,Micheal Ford,,8085 4743 9635,True,False,True,False
img_1880.png,original,Levi Dickson,11/10/1973,,True,True,False,False
img_1882.png,original,Shawn HoMD,18/05/1970,,True,True,False,False
img_1883.png,original,,03/11/1965,,False,True,False,False
img_1885.png,original,Chad Martin,12/12/1882,4826 5711 7435,True,True,True,True
img_1886.png,original,PetarGraham,48/94/9768,3015 4894 9768,True,True,True,True
img_1887.png,original,Michael Thompson,14/04/1883,6301 2370 9285,True,True,True,True
img_1888.png,original,James Eaton,06/12/1898,6011 4518 1684,True,True,True,True
img_1889.png,original,Michael Mcdonald,20/10/1895,8847 9219 1070,True,True,True,True
img_1891.png,original,Sharon Lewis,16/09/2004,3746 4001 3045,True,True,True,True
img_1893.png,original,Jessica Diaz,11/04/1968,8976 5850 9729,True,True,True,True
img_1894.png,original,,16/12/1978,1750 9323 9943,False,True,True,False
img_1896.png,original,Christopher Wilkins,,7988 8380 3603,True,False,True,False
img_1897.png,original,,01/11/1899,3578 1360 5075,False,True,True,False
img_1898.png,original,Tami Ayala,11/02/2007,8783 8020 3179,True,True,True,True
img_1900.png,original,Brian King,25/01/1893,2766 2557 3349,True,True,True,True
img_1901.png,original,Vincent Jimenez,,,True,False,False,False
img_1902.png,original,Lisa Wood,14/10/1974,8855 4282 3433,True,True,True,True
img_1904.png,original,,29/11/2004,,False,True,False,False
img_1905.png,original,Dr,03/02/1881,,True,True,False,False
img_1907.png,original,Cody Robartson,14/09/1888,,True,True,False,False
img_1908.png,original,James Howard,,8932 4897 4029,True,False,True,False
img_1909.png,original,Yolanda Burns,28/06/2001,2695 9088 7940,True,True,True,True
img_191.png,original,Austin Jones,03/04/2000,6385 7052 9426,True,True,True,True
img_1910.png,original,,29/01/1975,,False,True,False,False
img_1911.png,original,,30/04/2003,,False,True,False,False
img_1912.png,original,,18/10/1970,6737 7800 5565,False,True,True,False
img_1913.png,original,Paula Wade,,2878 1273 2415,True,False,True,False
img_1914.png,original,,23/09/2008,,False,True,False,False
img_1915.png,original,,17/05/1882,,False,True,False,False
img_1916.png,original,,20/06/1974,7081 7705 1932,False,True,True,False
img_1917.png,original,Teresa Moore,14/09/1977,,True,True,False,False
img_1918.png,original,,19/01/1976,,False,True,False,False
img_192.png,original,William Buchanan,3945775,,True,False,False,False
img_1920.png,original,,41/06/1899,,False,True,False,False
img_1921.png,original,,06/02/1976,7881 4418 3213,False,True,True,False
img_1922.png,original,Joanna Long,07/11/1890,7876 7895 9831,True,True,True,True
img_1924.png,original,Roger Kelly Jr,19/05/1968,,True,True,False,False
img_1925.png,original,Brandi Lopez,11/12/1971,6408 7510 4497,True,True,True,True
img_1926.png,original,,,,False,False,False,False
img_1927.png,original,Corey Osborne,18/06/1888,,True,True,False,False
img_1928.png,original,Monica Banton,18/08/1979,1285 9843 1861,True,True,True,True
img_1929.png,original,Victor Newman,07/04/1984,,True,True,False,False
img_193.png,original,Shannon Bailey,12/02/2008,,True,True,False,False
img_1932.png,original,,93/12/8744,3322 9312 8744,False,True,True,False
img_1933.png,original,,08/08/1891,,False,True,False,False
img_1934.png,original,Steven Danials,15/05/1884,4254 4396 8640,True,True,True,True
img_1935.png,original,John Morales,04/12/2005,7530 3856 6702,True,True,True,True
img_1936.png,original,Derek Williams,14/11/1968,1136 7779 7878,True,True,True,True
img_1937.png,original,Michael Guerra,47/62/7998,3084 4762 7998,True,True,True,True
img_1938.png,original,Jessica Lee,11/08/1898,,True,True,False,False
img_1939.png,original,JamesClark,22/07/1899,4908 1428 7335,True,True,True,True
img_194.png,original,Kenneth Camacho,04/04/2001,8992 1830 1262,True,True,True,True
img_1940.png,original,,04/01/1892,1016 7077 5664,False,True,True,False
img_1941.png,original,Andrew Smith,06/03/1887,8352 5293 9545,True,True,True,True
img_1942.png,original,,26/11/1897,6753 5829 4660,False,True,True,False
img_1943.png,original,Katie Turner,29/11/1898,2503 2195 2931,True,True,True,True
img_1944.png,original,,13/06/1895,,False,True,False,False
img_1945.png,original,,23/11/1994,,False,True,False,False
img_1946.png,original,Scott Henry,22/10/1882,6506 9210 5322,True,True,True,True
img_1947.png,original,,14/01/1968,8866 5373 1722,False,True,True,False
img_1948.png,original,Janice Griffin,04/11/1994,,True,True,False,False
img_1949.png,original,,21/11/1883,,False,True,False,False
img_195.png,original,ShelbyGantry,29/10/2004,3185 2252 7047,True,True,True,True
img_1950.png,original,,18/07/1893,3116 7161 3541,False,True,True,False
img_1951.png,original,,16/08/1890,,False,True,False,False
img_1952.png,original,Samuel Mitchell,,,True,False,False,False
img_1953.png,original,Amanda Anderson,20/11/1967,,True,True,False,False
img_1954.png,original,Christopher Moore,24/03/1994,2131 2954 6613,True,True,True,True
img_1956.png,original,Dr,17/01/2002,8856 3548 3358,True,True,True,True
img_1957.png,original,Danial Sullivan,22/09/2000,8622 8873 5688,True,True,True,True
img_196.png,original,Elizabeth Morton,30/06/1979,8440 8011 3038,True,True,True,True
img_1960.png,original,John Delgado,11/04/2000,8303 8692 1123,True,True,True,True
img_1961.png,original,Julie Harvey,26/05/1972,4934 4075 4245,True,True,True,True
img_1962.png,original,Mark Mendez,10/01/1885,8938 6006 3323,True,True,True,True
img_1963.png,original,Mrs Alexandra Meyer,30/08/1977,,True,True,False,False
img_1964.png,original,Christina Johneon,13/07/1895,3784 2474 5221,True,True,True,True
img_1965.png,original,Dana KMatdonado,27/01/1994,6262 8379 3559,True,True,True,True
img_1966.png,original,Samantha Ashley,11/02/2004,6011 2329 1028,True,True,True,True
img_1967.png,original,,03/07/1967,2506 4706 2108,False,True,True,False
img_1968.png,original,Austin Turner,,2651 5963 2320,True,False,True,False
img_1970.png,original,,30/04/1977,,False,True,False,False
img_1971.png,original,,,1398 5787 1757,False,False,True,False
img_1972.png,original,Amy Gates,10/10/1974,,True,True,False,False
img_1973.png,original,Alison Mullen,10/07/1975,3182 1842 8304,True,True,True,True
img_1975.png,original,Victoria Smith,,3838 1293 4176,True,False,True,False
img_1976.png,original,Mike Jackson,13/10/1897,4389 6319 2952,True,True,True,True
img_1977.png,original,,,1746 9425 9340,False,False,True,False
img_1978.png,original,,,,False,False,False,False
img_1979.png,original,James Harris,24/09/1884,4828 1159 5983,True,True,True,True
img_198.png,original,,13/05/1890,,False,True,False,False
img_1980.png,original,Amy Martin,28/03/1976,3833 5514 2969,True,True,True,True
img_1983.png,original,Jordan Martin,13/11/1973,8851 4872 9438,True,True,True,True
img_1984.png,original,,22/04/1889,,False,True,False,False
img_1985.png,original,,14/10/1882,,False,True,False,False
img_1987.png,original,Samah Wiley,10/08/1885,7598 7666 2339,True,True,True,True
img_1988.png,original,,23/02/1880,8430 2274 4858,False,True,True,False
img_1989.png,original,,21/12/2004,,False,True,False,False
img_199.png,original,,24/02/1888,,False,True,False,False
img_1990.png,original,,27/10/1978,,False,True,False,False
img_1991.png,original,James Smith,18/05/1897,8407 7766 1861,True,True,True,True
img_1992.png,original,,19/09/1971,,False,True,False,False
img_1993.png,original,Keith Ward,10/01/1884,3153 9879 7240,True,True,True,True
img_1994.png,original,James Romero,04/09/1890,1868 3667 6921,True,True,True,True
img_1995.png,original,Mr,02/03/1971,7264 1465 3263,True,True,True,True
img_1997.png,original,Richard Clay,26/05/1889,4932 1170 1287,True,True,True,True
img_1999.png,original,George Parsons,15/02/1968,8845 7108 4284,True,True,True,True
img_2.png,original,Richael Torres,30/07/1891,8236 9797 6129,True,True,True,True
img_20.png,original,Elizabeth Moore,24/10/1881,4114 3090 9973,True,True,True,True
img_2000.png,original,,04/02/1885,,False,True,False,False
img_2001.png,original,Maria Gonzalez,13/09/1973,7007 9395 8626,True,True,True,True
img_2002.png,original,Jonathan Robertson,01/03/1887,2586 2686 9848,True,True,True,True
img_2003.png,original,John Morris,30/09/1973,7147 3774 9908,True,True,True,True
img_2004.png,original,,29/01/1887,6940 6160 4731,False,True,True,False
img_2005.png,original,Erika Melton,14/03/1885,8453 5567 8397,True,True,True,True
img_2007.png,original,,15/11/1974,8145 8082 8269,False,True,True,False
img_2008.png,original,Jim Garcia,12/11/2002,8020 4506 7451,True,True,True,True
img_2009.png,original,,19/09/1973,,False,True,False,False
img_2010.png,original,Allan Goodman,04/04/1898,6728 9226 9175,True,True,True,True
img_2011.png,original,Traci Kelley,08/08/1977,7964 9702 8670,True,True,True,True
img_2012.png,original,,30/12/1888,3278 4527 9628,False,True,True,False
img_2013.png,original,Wanda Hunt,04/07/1972,7330 5639 5365,True,True,True,True
img_2014.png,original,Sheila Santana,04/06/1884,1781 5365 5311,True,True,True,True
img_2015.png,original,Cody Bates,23/01/1899,2498 3512 9663,True,True,True,True
img_2016.png,original,Richard Greens,16/09/1884,7308 2644 1624,True,True,True,True
img_2017.png,original,Erika Warren,24/04/1888,3551 5113 2958,True,True,True,True
img_2018.png,original,,29/12/2003,3776 3896 8501,False,True,True,False
img_2019.png,original,Katherine Fisher,23/12/2002,3193 6196 9549,True,True,True,True
img_2020.png,original,,28/11/2002,,False,True,False,False
img_2021.png,original,Elizabeth Richards DDS,03/04/1979,8926 2273 8413,True,True,True,True
img_2022.png,original,,,,False,False,False,False
img_2023.png,original,Jill Freeman,,8993 1806 5473,True,False,True,False
img_2024.png,original,,14/01/1969,3856 2732 1772,False,True,True,False
img_2025.png,original,Nicholas Wallace,41/09/1898,6858 1003 7589,True,True,True,True
img_2026.png,original,,18/02/1885,7149 3031 7825,False,True,True,False
img_2028.png,original,,18/07/1967,,False,True,False,False
img_2029.png,original,Jamie Walsh,24/03/2008,7171 7822 6603,True,True,True,True
img_203.png,original,,18/02/1978,,False,True,False,False
img_2030.png,original,,,8565 4757 9040,False,False,True,False
img_2031.png,original,Natalie Holmes,11/07/2001,,True,True,False,False
img_2032.png,original,Candace Mann,17/06/1888,8248 8811 1011,True,True,True,True
img_2033.png,original,,23/06/1891,8943 2573 2288,False,True,True,False
img_2034.png,original,,28/06/1895,,False,True,False,False
img_2035.png,original,Jennifer Hall,17/04/1880,3746 2087 7789,True,True,True,True
img_2036.png,original,William Tucker,,1411 1837 5693,True,False,True,False
img_2037.png,original,Crystal Anderson,16/08/2002,4708 8479 9965,True,True,True,True
img_2039.png,original,Emma David,08/05/1974,1504 6678 2994,True,True,True,True
img_204.png,original,Yesenia Hernandez,08/12/2007,7461 7829 8587,True,True,True,True
img_2040.png,original,Phyllis Sanders,13/09/1889,,True,True,False,False
img_2042.png,original,Brandon Mcdonald,20/01/1890,7886 2988 2949,True,True,True,True
img_2043.png,original,,,,False,False,False,False
img_2044.png,original,Nicole Compton,06/05/1889,3848 1914 1308,True,True,True,True
img_2045.png,original,,11/12/1965,1874 8529 8348,False,True,True,False
img_2046.png,original,,,,False,False,False,False
img_2048.png,original,,,,False,False,False,False
img_205.png,original,,05/01/1971,,False,True,False,False
img_2050.png,original,,14/10/1978,,False,True,False,False
img_2051.png,original,,,8486 5520 4382,False,False,True,False
img_2052.png,original,,11/05/1883,4768 4816 4623,False,True,True,False
img_2053.png,original,Brian Jackson,24/69/7822,8502 2469 7822,True,True,True,True
img_2054.png,original,,17/10/1974,,False,True,False,False
img_2055.png,original,,51/09/2004,6124 9589 9238,False,True,True,False
img_2057.png,original,Erin Smith,12/08/1884,1914 2479 8126,True,True,True,True
img_2058.png,original,Kristopher Leach,01/02/1893,6395 2374 3867,True,True,True,True
img_2059.png,original,Lee Moore,19/11/1976,,True,True,False,False
img_2060.png,original,Elizabath Lopez,01/02/1973,,True,True,False,False
img_2063.png,original,Paul Crane,05/12/1895,8832 5691 8192,True,True,True,True
img_2064.png,original,,,8115 1131 3487,False,False,True,False
img_2066.png,original,,,,False,False,False,False
img_2067.png,original,Dr,29/10/2002,8784 4332 2579,True,True,True,True
img_2069.png,original,,29/11/1897,,False,True,False,False
img_207.png,original,Thomas Howard,03/02/1883,4904 9105 7388,True,True,True,True
img_2071.png,original,,31/10/1883,6958 3705 5248,False,True,True,False
img_2072.png,original,Alexis Castillo,,6457 2997 9505,True,False,True,False
img_2073.png,original,Austin Harvey,17/12/1891,4823 2958 8498,True,True,True,True
img_2075.png,original,Terry Scott,07/03/1975,1567 1923 5270,True,True,True,True
img_2077.png,original,Tina Cochin,17/11/1882,2037 4354 3813,True,True,True,True
img_2078.png,original,William Pollins,02/01/1979,1677 7005 2611,True,True,True,True
img_2079.png,original,Scott Avila,12/11/1889,2765 5432 7647,True,True,True,True
img_208.png,original,Sydney Ewing,26/11/2001,5485 7554 4681,True,True,True,True
img_2080.png,original,ric Frey,22/10/1971,3113 4284 6118,True,True,True,True
img_2081.png,original,Michael Adkins,13/01/1975,1762 8203 9864,True,True,True,True
img_2083.png,original,,08/02/1989,6748 5528 1228,False,True,True,False
img_2084.png,original,Kenneth Roberts,17/02/1973,7067 8637 3345,True,True,True,True
img_2086.png,original,,21/12/1965,3777 7797 6181,False,True,True,False
img_2087.png,original,Andrew Wilson,17/09/1968,,True,True,False,False
img_2089.png,original,ArialGonzalez,30/07/2003,6053 4486 5680,True,True,True,True
img_209.png,original,Juan Harris,16/05/2004,6042 8090 7507,True,True,True,True
img_2090.png,original,Jamie Ramirez,27/11/2008,,True,True,False,False
img_2091.png,original,,28/02/1888,,False,True,False,False
img_2092.png,original,Meredith Stone,16/01/1898,8788 6878 9137,True,True,True,True
img_2093.png,original,,06/01/1885,,False,True,False,False
img_2094.png,original,,16/11/2003,,False,True,False,False
img_2095.png,original,Heather Oneal,06/06/1972,3678 6914 4981,True,True,True,True
img_2096.png,original,John Cress,04/04/1893,2728 1500 9961,True,True,True,True
img_2097.png,original,Don Gonzalez,24/04/1887,8033 9480 6527,True,True,True,True
img_2098.png,original,Kendra Jones,04/12/2005,1692 2574 3515,True,True,True,True
img_2099.png,original,Tiffany Frost,14/10/1969,4838 1497 3723,True,True,True,True
img_210.png,original,Patricia Jones,13/05/1891,,True,True,False,False
img_2100.png,original,Victoria Pocales,,2308 2184 2713,True,False,True,False
img_2102.png,original,,03/09/1895,,False,True,False,False
img_2103.png,original,Michael Koch,02/09/1973,7227 6950 9914,True,True,True,True
img_2104.png,original,,08/04/2001,,False,True,False,False
img_2105.png,original,,16/07/1887,1322 2685 6080,False,True,True,False
img_2106.png,original,,27/11/1968,,False,True,False,False
img_2107.png,original,Jonathan Pamsay,19/04/1891,,True,True,False,False
img_2108.png,original,,07/10/1994,,False,True,False,False
img_211.png,original,Jared Graham,07/10/1890,6904 2507 5394,True,True,True,True
img_2110.png,original,William Galvan,26/05/1897,1850 9957 3489,True,True,True,True
img_2111.png,original,Tiffany Moore,03/07/1968,4387 2815 8716,True,True,True,True
img_2112.png,original,JillWebar,30/10/1885,8951 2242 9787,True,True,True,True
img_2113.png,original,Christine Mills,28/11/1898,6768 2581 4705,True,True,True,True
img_2114.png,original,,18/08/1888,,False,True,False,False
img_2115.png,original,Valerie Gordon,13/01/1979,3113 2763 4908,True,True,True,True
img_2116.png,original,,,1615 2304 2405,False,False,True,False
img_2117.png,original,Eddie Wilson,08/12/1898,8368 1815 2379,True,True,True,True
img_2118.png,original,Richard Collins,24/01/1971,4738 7859 4367,True,True,True,True
img_2119.png,original,David Casa,30/01/1975,1536 6856 6489,True,True,True,True
img_212.png,original,Brandon Brown,30/10/1971,3944 4837 8318,True,True,True,True
img_2120.png,original,,24/10/1889,,False,True,False,False
img_2121.png,original,,24/10/1893,8700 7088 6025,False,True,True,False
img_2122.png,original,Eric Walter,02/12/1974,8482 4526 6557,True,True,True,True
img_2123.png,original,,23/06/1895,6335 9308 6445,False,True,True,False
img_2124.png,original,Tamara Villanueva,22/02/2007,3414 8963 4569,True,True,True,True
img_2125.png,original,James Marsh,19/02/1891,,True,True,False,False
img_2126.png,original,,14/07/1883,8856 1845 5665,False,True,True,False
img_2127.png,original,Melissa Lee,10/04/2008,3275 8307 8770,True,True,True,True
img_2128.png,original,Justin Bray,14/02/2001,,True,True,False,False
img_2129.png,original,Frank Sanders,15/11/8237,1511 8237 9924,True,True,True,True
img_213.png,original,,18/10/1968,,False,True,False,False
img_2130.png,original,Andrea Witon,15/11/1967,2865 8962 5201,True,True,True,True
img_2131.png,original,Stephania Blanchard,24/11/2005,1557 9273 8002,True,True,True,True
img_2132.png,original,Matthew Mendoza,20/07/1981,4321 3392 2019,True,True,True,True
img_2133.png,original,David Eakiwin,10/08/1968,7128 1331 4971,True,True,True,True
img_2134.png,original,Meghan Russo,12/11/1970,6043 8002 5204,True,True,True,True
img_2136.png,original,,26/09/1884,,False,True,False,False
img_2137.png,original,,60/73/7541,7231 6073 7541,False,True,True,False
img_2138.png,original,Brian Porter,23/03/2007,3550 4886 9997,True,True,True,True
img_214.png,original,Nicholas Barnes,,7663 5371 4885,True,False,True,False
img_2140.png,original,,19/01/1888,2622 1188 2681,False,True,True,False
img_2142.png,original,,03/09/1883,,False,True,False,False
img_2144.png,original,Dana Colon,21/04/1889,1864 3910 4876,True,True,True,True
img_2145.png,original,Ronald Brown,12/05/1994,1255 1369 6708,True,True,True,True
img_2147.png,original,,07/12/1882,,False,True,False,False
img_2148.png,original,Russell Hall,20/03/2007,6970 8832 9580,True,True,True,True
img_2149.png,original,,11/02/2007,4189 7588 9883,False,True,True,False
img_215.png,original,Samantha Podriguez,07/10/1968,4863 6875 8725,True,True,True,True
img_2150.png,original,Patricia Garrison,17/01/2008,8508 9788 9657,True,True,True,True
img_2151.png,original,Lise Barrera,24/07/2004,,True,True,False,False
img_2152.png,original,,07/10/1965,,False,True,False,False
img_2153.png,original,Veronica Navarro,17/11/1897,4206 1583 7542,True,True,True,True
img_2154.png,original,,28/01/1989,6558 6418 3740,False,True,True,False
img_2155.png,original,,28/07/1888,6568 4483 2458,False,True,True,False
img_2157.png,original,Alexis Moore,27/01/1898,6133 6931 6088,True,True,True,True
img_2158.png,original,Autumn Hicks,12/07/1893,6801 6233 1568,True,True,True,True
img_2159.png,original,Brandon James,28/10/1898,7985 5571 3079,True,True,True,True
img_2161.png,original,Joshua Moclure,27/01/2003,8896 3679 8735,True,True,True,True
img_2162.png,original,Thomas Barber,29/01/1895,,True,True,False,False
img_2163.png,original,Barbara Anderson,,3959 7627 4881,True,False,True,False
img_2164.png,original,Eddie Foster,41/06/1899,3595 8394 5323,True,True,True,True
img_2165.png,original,,10/10/9228,4986 1010 9228,False,True,True,False
img_2166.png,original,ScottGuzman,23/04/1898,8804 8476 7247,True,True,True,True
img_2167.png,original,,25/10/1994,,False,True,False,False
img_2168.png,original,,,,False,False,False,False
img_217.png,original,,,2252 3912 1061,False,False,True,False
img_2170.png,original,,18/09/2002,,False,True,False,False
img_2171.png,original,,10/01/2007,,False,True,False,False
img_2172.png,original,Kenneth Meyers,23/10/2004,,True,True,False,False
img_2173.png,original,Richard Dixon,28/94/6984,7764 2894 6984,True,True,True,True
img_2174.png,original,Jacob Hartman,26/11/1880,3378 6063 6187,True,True,True,True
img_2175.png,original,,24/06/1888,,False,True,False,False
img_2176.png,original,John King,27/10/2003,4117 7737 3532,True,True,True,True
img_2177.png,original,Heather Parker,,,True,False,False,False
img_2178.png,original,Samah Floyd,08/01/1883,2208 4875 5645,True,True,True,True
img_2179.png,original,Michael Galan,06/07/1978,8728 2486 5367,True,True,True,True
img_218.png,original,Jacob Velez,23/05/1975,6472 6418 3964,True,True,True,True
img_2180.png,original,Katie Howard,30/04/1970,,True,True,False,False
img_2181.png,original,,08/11/1895,,False,True,False,False
img_2183.png,original,,14/06/2002,8894 4195 3789,False,True,True,False
img_2184.png,original,David Williams,04/05/1974,1250 6295 7180,True,True,True,True
img_2185.png,original,,14/05/1971,,False,True,False,False
img_2186.png,original,,02/04/1969,6050 6893 2664,False,True,True,False
img_2187.png,original,,23/03/1887,,False,True,False,False
img_2188.png,original,,03/08/2002,,False,True,False,False
img_2189.png,original,Barbara Lea,16/11/1887,1128 8417 9024,True,True,True,True
img_219.png,original,Riche,11/11/2000,1800 8783 9932,True,True,True,True
img_2190.png,original,,18/01/1968,4907 1808 9960,False,True,True,False
img_2192.png,original,,,,False,False,False,False
img_2193.png,original,Robert Robbins,02/10/2007,,True,True,False,False
img_2194.png,original,Adam Frey,25/03/1974,3305 4139 1502,True,True,True,True
img_2195.png,original,,18/11/2008,6743 2834 7039,False,True,True,False
img_2196.png,original,Hannah Evans DVM,14/12/2001,6808 3582 3408,True,True,True,True
img_22.png,original,Marcia Cardenas,84/92/5915,6999 8492 5915,True,True,True,True
img_220.png,original,Deborah Reeves,20/06/1887,7931 3725 9857,True,True,True,True
img_2201.png,original,,21/03/1967,,False,True,False,False
img_2202.png,original,,03/11/1887,,False,True,False,False
img_2203.png,original,Mr,27/03/1972,8625 7065 4075,True,True,True,True
img_2204.png,original,Jutia Thomas,19/08/1965,,True,True,False,False
img_2206.png,original,Brooke Brown,08/04/1893,,True,True,False,False
img_2208.png,original,Katherine Smith,30/40/5113,8976 3040 5113,True,True,True,True
img_2209.png,original,Julie Davis,04/02/1889,4155 9114 8793,True,True,True,True
img_221.png,original,William Bennett,04/10/1979,2967 8841 6683,True,True,True,True
img_2210.png,original,Timothy Serger,,6828 2405 3338,True,False,True,False
img_2211.png,original,Lindsay Sartlett DVM,12/11/1969,6860 1292 9150,True,True,True,True
img_2212.png,original,Christopher Boone,23/10/1975,8698 1813 2363,True,True,True,True
img_2213.png,original,,18/11/1891,6781 6445 8161,False,True,True,False
img_2215.png,original,Jennifer Morgan,08/04/1973,8965 8011 5485,True,True,True,True
img_2216.png,original,Justin Small,,4827 8233 4858,True,False,True,False
img_2218.png,original,,,4056 9596 5898,False,False,True,False
img_2219.png,original,,,1790 3168 1993,False,False,True,False
img_222.png,original,Sabrina Palmer,04/03/1889,4368 3572 3087,True,True,True,True
img_2220.png,original,Mark Cook,19/09/2008,7281 5724 1991,True,True,True,True
img_2221.png,original,Joesph Murphy,,4877 7868 4662,True,False,True,False
img_2222.png,original,,12/08/1977,8704 5462 6952,False,True,True,False
img_2223.png,original,Sandra Miller,29/12/2000,2485 6475 7811,True,True,True,True
img_2225.png,original,Sandra Wilkerson,16/02/1968,7357 1777 2045,True,True,True,True
img_2226.png,original,,18/01/1971,3960 4273 3831,False,True,True,False
img_2227.png,original,,29/12/2005,,False,True,False,False
img_2228.png,original,NicholasGreen,28/01/2005,2384 5780 5408,True,True,True,True
img_2229.png,original,,24/07/1976,,False,True,False,False
img_223.png,original,Danial Cooper,12/01/2004,3993 3052 1532,True,True,True,True
img_2230.png,original,Jose Flores,13/07/1889,1796 5410 3575,True,True,True,True
img_2231.png,original,Patrick Murray,04/12/1883,,True,True,False,False
img_2232.png,original,Surah Lambert,10/10/1885,4587 3836 2507,True,True,True,True
img_2233.png,original,Garrett Hamilton,23/05/1890,4189 5238 2628,True,True,True,True
img_2234.png,original,Michael Bryant,19/02/1880,6884 9272 6450,True,True,True,True
img_2236.png,original,Kenneth Olson MD,,2355 4803 5855,True,False,True,False
img_2238.png,original,Matthew Newman,15/11/1978,7390 4970 4816,True,True,True,True
img_224.png,original,,05/06/1974,,False,True,False,False
img_2240.png,original,,,,False,False,False,False
img_2241.png,original,,31/01/1897,,False,True,False,False
img_2242.png,original,Jennifer WilliamsMD,08/05/1965,8728 6967 8219,True,True,True,True
img_2243.png,original,,,1994 2775 5708,False,False,True,False
img_2244.png,original,Michael Hemmandez,41/09/1882,8323 2410 9633,True,True,True,True
img_2245.png,original,Greg Bates,22/09/1885,4167 9841 8358,True,True,True,True
img_2246.png,original,Petar Carr,03/09/1973,6308 3123 4774,True,True,True,True
img_2247.png,original,,08/05/2004,,False,True,False,False
img_2248.png,original,Courtney Watson,16/12/1897,,True,True,False,False
img_2249.png,original,,02/02/1885,,False,True,False,False
img_2250.png,original,,23/08/1889,,False,True,False,False
img_2251.png,original,Jennifer Smith DVM,19/12/1895,2328 3031 2321,True,True,True,True
img_2252.png,original,,24/11/1893,4033 2015 6259,False,True,True,False
img_2254.png,original,Danialta Richard,,3261 4130 5595,True,False,True,False
img_2256.png,original,Jim Jones,29/10/1888,2238 5840 5763,True,True,True,True
img_2257.png,original,Kim Thomas,23/08/1888,1384 6826 5442,True,True,True,True
img_2258.png,original,Alexandra Lozano,18/09/1882,3878 5250 4252,True,True,True,True
img_2259.png,original,Donald Biker,22/14/2145,2214 2145 7094,True,True,True,True
img_226.png,original,Stephen Barrett,02/10/1979,4191 7180 1668,True,True,True,True
img_2260.png,original,Robert Barnes,13/04/1892,4857 2608 3355,True,True,True,True
img_2261.png,original,,06/12/1891,6093 3749 7967,False,True,True,False
img_2262.png,original,Austin Clark,25/04/1980,,True,True,False,False
img_2263.png,original,,08/07/1882,3038 9933 3059,False,True,True,False
img_2266.png,original,,,,False,False,False,False
img_2268.png,original,,22/04/2005,,False,True,False,False
img_2269.png,original,Joshua West,22/06/1884,6237 3219 8553,True,True,True,True
img_227.png,original,Michael Morgan,08/02/1975,2469 9939 4954,True,True,True,True
img_2270.png,original,,25/02/1893,,False,True,False,False
img_2271.png,original,,27/10/1898,,False,True,False,False
img_2272.png,original,,16/08/2002,,False,True,False,False
img_2273.png,original,Courtnay Dillon,23/04/1883,4108 2671 1355,True,True,True,True
img_2274.png,original,Robert Stawart,05/12/1994,8751 9104 9739,True,True,True,True
img_2275.png,original,,,,False,False,False,False
img_2276.png,original,JenniferCole,01/06/1979,4991 5782 2689,True,True,True,True
img_2279.png,original,Lisa Marsh,04/12/1888,,True,True,False,False
img_228.png,original,Amy Simon MD,10/06/1881,6088 4155 3441,True,True,True,True
img_2280.png,original,Lori Johnson,27/04/1979,2232 2426 7105,True,True,True,True
img_2281.png,original,,03/02/1880,2264 3380 4748,False,True,True,False
img_2282.png,original,Jaffray Anderson,01/04/1978,1826 5900 8452,True,True,True,True
img_2283.png,original,Dr,30/12/1972,8249 9107 9332,True,True,True,True
img_2284.png,original,Stephania Patrick,13/11/1969,3084 4448 2069,True,True,True,True
img_2285.png,original,Charles Stawart,29/12/1887,,True,True,False,False
img_2286.png,original,Christine Salazar,,3407 8859 4338,True,False,True,False
img_2287.png,original,,31/01/2001,,False,True,False,False
img_2288.png,original,,06/02/1898,4498 7238 5527,False,True,True,False
img_2289.png,original,,10/02/1884,3536 5466 4410,False,True,True,False
img_229.png,original,Justin Lamba rt,16/07/2001,2308 1424 1069,True,True,True,True
img_2290.png,original,,,8008 5400 3848,False,False,True,False
img_2291.png,original,,06/07/1885,,False,True,False,False
img_2292.png,original,Gabriel Murphy Jr,,8853 5058 3430,True,False,True,False
img_2293.png,original,Patricia Keller,,,True,False,False,False
img_2295.png,original,,,,False,False,False,False
img_2296.png,original,Glenda Clark,14/01/1898,4424 6188 9375,True,True,True,True
img_2297.png,original,Gloria Harper,02/03/1979,,True,True,False,False
img_2298.png,original,,19/09/1899,,False,True,False,False
img_2299.png,original,Jill Bake,14/04/2004,3551 1293 2057,True,True,True,True
img_23.png,original,Alice Whitehead,24/09/1994,3768 6720 4810,True,True,True,True
img_230.png,original,Veronica Burns,10/06/1887,8890 8415 7875,True,True,True,True
img_2302.png,original,John Mocarthy,20/11/2001,6448 2092 3167,True,True,True,True
img_2303.png,original,Denisa English,28/11/1888,7262 9872 8431,True,True,True,True
img_2304.png,original,Anthony Jones,03/04/1888,,True,True,False,False
img_2306.png,original,,20/04/1883,,False,True,False,False
img_2307.png,original,Rita Garrett,20/08/1884,4233 1485 8363,True,True,True,True
img_2308.png,original,,,8590 5406 4687,False,False,True,False
img_2309.png,original,Ricardo Reed MD,23/03/2007,,True,True,False,False
img_231.png,original,,04/10/2005,,False,True,False,False
img_2310.png,original,Paul Dalgado,23/11/1881,,True,True,False,False
img_2312.png,original,Johnathan Bush,25/03/1969,,True,True,False,False
img_2313.png,original,Christopher Lea,10/03/1885,3825 8058 6100,True,True,True,True
img_2314.png,original,Danial Silva,10/08/1898,8102 6151 9451,True,True,True,True
img_2315.png,original,JenniferGraham,01/04/1888,,True,True,False,False
img_2316.png,original,Michael Moon,28/04/1892,8214 9029 3083,True,True,True,True
img_2318.png,original,David Gill,,,True,False,False,False
img_2319.png,original,Jesus Odonnell,27/10/1893,8037 8077 9682,True,True,True,True
img_232.png,original,,02/10/2001,,False,True,False,False
img_2320.png,original,Bruce Smith,22/09/1971,4234 6018 9054,True,True,True,True
img_2321.png,original,Nicholas Thompson,18/12/2008,8244 9153 9635,True,True,True,True
img_2322.png,original,,22/02/1994,,False,True,False,False
img_2323.png,original,Amy Craig,14/08/1994,6453 4148 7428,True,True,True,True
img_2325.png,original,Angela Lewis,25/04/1898,8967 7323 5788,True,True,True,True
img_2328.png,original,Michael Dyor,27/06/1973,3449 3976 9152,True,True,True,True
img_2329.png,original,,29/12/2003,6993 1568 5244,False,True,True,False
img_233.png,original,,26/02/1972,,False,True,False,False
img_2330.png,original,William Moreno,30/03/1883,6781 5722 4852,True,True,True,True
img_2332.png,original,,14/04/2004,4813 7502 4089,False,True,True,False
img_2333.png,original,,31/10/1881,2897 2838 9141,False,True,True,False
img_2334.png,original,JamesGibson,11/45/5188,6531 1145 5188,True,True,True,True
img_2335.png,original,,83/84/8490,7462 8384 8490,False,True,True,False
img_2337.png,original,George Williams,07/11/1887,6900 2260 3155,True,True,True,True
img_2338.png,original,Julie Miller,,4224 2596 3707,True,False,True,False
img_2339.png,original,Heather Baker,23/11/1880,8327 1151 6080,True,True,True,True
img_2340.png,original,Melissa Fuentes,14/04/1890,3556 4823 2770,True,True,True,True
img_2341.png,original,Eduardo Thornton,10/09/1865,1557 4173 5074,True,True,True,True
img_2342.png,original,Sandra Lucero,15/11/1881,4974 8979 5309,True,True,True,True
img_2344.png,original,,,3915 4727 5789,False,False,True,False
img_2345.png,original,Jason Fowler,30/03/1893,6064 3651 1617,True,True,True,True
img_2346.png,original,,30/11/1889,8391 4022 1670,False,True,True,False
img_2347.png,original,Kenneth Todd,25/01/1968,2751 3632 1034,True,True,True,True
img_2348.png,original,Bailey Burke,11/12/1895,4338 9369 6697,True,True,True,True
img_2349.png,original,Corey Patton,11/10/1974,8972 3160 9787,True,True,True,True
img_235.png,original,Jason Pham,23/01/1880,3834 5444 1397,True,True,True,True
img_2350.png,original,,12/04/1972,4838 9961 3794,False,True,True,False
img_2351.png,original,Jennifer Norris,10/04/1891,1008 2738 6359,True,True,True,True
img_2353.png,original,GaryPena,28/04/1967,3248 9421 3976,True,True,True,True
img_2354.png,original,Petar White,20/07/2008,6961 2496 9918,True,True,True,True
img_2355.png,original,,08/07/1973,4744 7569 6220,False,True,True,False
img_2356.png,original,Lisa Sherman,16/04/1977,8836 7466 7152,True,True,True,True
img_2357.png,original,Angela Black,01/12/1965,3333 1383 3998,True,True,True,True
img_2358.png,original,RicardoGordon,17/12/1881,8386 5380 9703,True,True,True,True
img_2359.png,original,Ambar Lee,,6233 2032 2645,True,False,True,False
img_236.png,original,Mr,12/01/1888,8060 8899 9354,True,True,True,True
img_2360.png,original,,19/02/1978,7461 3239 2988,False,True,True,False
img_2362.png,original,Jose Stavens,25/11/2001,6000 8675 1438,True,True,True,True
img_2364.png,original,Shana Thomas,11/08/1967,2369 4171 3071,True,True,True,True
img_2365.png,original,Alex Green,27/91/7547,1837 2791 7547,True,True,True,True
img_2366.png,original,Tanya Maldonado,,6567 9771 3408,True,False,True,False
img_2367.png,original,Joe Kim,10/06/2000,2625 9334 4447,True,True,True,True
img_2369.png,original,James Neal,01/11/1967,6742 3500 4680,True,True,True,True
img_237.png,original,David Frazier,06/06/1994,6233 9139 2174,True,True,True,True
img_2370.png,original,,06/11/1967,1940 4335 5804,False,True,True,False
img_2371.png,original,Leslia Gonzalez,,3756 9774 2509,True,False,True,False
img_2372.png,original,,24/08/2003,7593 5575 7389,False,True,True,False
img_2373.png,original,Samantha Jones,19/08/1890,,True,True,False,False
img_2374.png,original,Keith Moore,13/04/1973,,True,True,False,False
img_2375.png,original,,19/02/1974,,False,True,False,False
img_2376.png,original,Jordan Price,26/01/2004,6558 8631 5244,True,True,True,True
img_2377.png,original,,25/08/1897,,False,True,False,False
img_2378.png,original,Mark Adams,28/07/1967,,True,True,False,False
img_2379.png,original,Brandon Fox,18/06/2008,7321 4128 5691,True,True,True,True
img_238.png,original,Thomas Jefferson,08/04/2003,7418 5018 7990,True,True,True,True
img_2380.png,original,,71/07/2008,,False,True,False,False
img_2381.png,original,Donna Jones,13/04/1885,6797 2832 7764,True,True,True,True
img_2382.png,original,Brandon Paterson,01/03/1976,2048 2393 4042,True,True,True,True
img_2383.png,original,Paula Potter,23/05/1897,,True,True,False,False
img_2384.png,original,KristiGordon MD,,7734 2307 8271,True,False,True,False
img_2387.png,original,Katie Pataroon,,6731 4251 4711,True,False,True,False
img_2389.png,original,Michael Knapp,22/03/2002,2631 1349 5508,True,True,True,True
img_239.png,original,,19/07/1880,,False,True,False,False
img_2390.png,original,Paul Robarts,26/03/1885,7037 3038 5510,True,True,True,True
img_2392.png,original,Timothy Raynatds,20/08/1971,8289 3856 4291,True,True,True,True
img_2394.png,original,,19/04/1977,,False,True,False,False
img_2396.png,original,,27/02/2001,8699 4715 7995,False,True,True,False
img_2397.png,original,,19/07/1890,2433 5820 7048,False,True,True,False
img_2398.png,original,Daniel White,25/09/1967,8874 6112 3517,True,True,True,True
img_2399.png,original,Nicole Bradshaw,23/02/1893,3077 2533 6564,True,True,True,True
img_24.png,original,,28/12/1975,,False,True,False,False
img_240.png,original,Lisa Pangel,,2286 7667 8114,True,False,True,False
img_2400.png,original,,,,False,False,False,False
img_2401.png,original,Corey Johnson,13/09/1882,2608 4797 3165,True,True,True,True
img_2402.png,original,Richard Robbins,14/05/1883,4120 1079 7742,True,True,True,True
img_2403.png,original,James Rose,11/04/1968,8799 8816 4933,True,True,True,True
img_2404.png,original,Matthew Randolph,23/12/1968,3877 9603 1690,True,True,True,True
img_2405.png,original,Olivia Gardner,41/06/1899,,True,True,False,False
img_2406.png,original,Craig Black,03/11/1891,3194 6963 8858,True,True,True,True
img_2407.png,original,,,,False,False,False,False
img_2408.png,original,Kenneth Barry,30/05/1977,3280 1285 4812,True,True,True,True
img_2409.png,original,Pamela Mathews,17/01/1888,6874 1420 9886,True,True,True,True
img_2410.png,original,,26/09/1970,7413 9735 7864,False,True,True,False
img_2411.png,original,Grant Sanchez,18/12/1974,6058 9833 1416,True,True,True,True
img_2412.png,original,,17/04/1968,6070 5343 6917,False,True,True,False
img_2413.png,original,Linda Ponca,10/11/2001,4456 9886 5485,True,True,True,True
img_2414.png,original,Connie Collins,30/06/1883,6985 6591 8123,True,True,True,True
img_2415.png,original,,16/08/1974,,False,True,False,False
img_2416.png,original,Paige Sullivan,08/02/2003,,True,True,False,False
img_2417.png,original,Eric Peterson,24/07/1880,8506 5518 6817,True,True,True,True
img_2418.png,original,,06/09/1965,4857 6606 6667,False,True,True,False
img_2419.png,original,Laure Pierce,28/12/1890,8939 1169 4569,True,True,True,True
img_242.png,original,Robert Perez,25/03/1968,8570 5216 7913,True,True,True,True
img_2420.png,original,Banjamin Montes,27/10/7418,2148 1873 7265,True,True,True,True
img_2421.png,original,,23/08/2005,6484 1530 8347,False,True,True,False
img_2422.png,original,JamesOrtiz,,2586 8167 2612,True,False,True,False
img_2423.png,original,,21/03/1889,,False,True,False,False
img_2424.png,original,Jamia Flores,17/02/1887,2249 5368 3729,True,True,True,True
img_2425.png,original,,12/08/1882,4246 8061 3034,False,True,True,False
img_2426.png,original,Justin Herrera,16/11/2005,1488 5041 3961,True,True,True,True
img_2428.png,original,,17/03/1973,,False,True,False,False
img_2429.png,original,Savannah Wilson,13/04/1979,4810 9822 2117,True,True,True,True
img_243.png,original,Christopher Griffin,08/01/1967,2434 4947 1280,True,True,True,True
img_2430.png,original,Steve Miller,,4357 6605 9689,True,False,True,False
img_2431.png,original,Tammie Turner,16/12/1892,,True,True,False,False
img_2434.png,original,AmberCain,26/05/1969,3448 6445 7367,True,True,True,True
img_2436.png,original,Craig Reed,04/11/1971,,True,True,False,False
img_2437.png,original,,02/07/1888,6092 9021 9159,False,True,True,False
img_2438.png,original,Amy Donnan,23/10/1973,,True,True,False,False
img_2439.png,original,,01/09/1974,,False,True,False,False
img_244.png,original,Andrew Griffin,10/10/1975,2331 7721 9077,True,True,True,True
img_2440.png,original,Olivia Mann,,8025 7635 9677,True,False,True,False
img_2441.png,original,John Turner,22/07/1967,8821 5880 1248,True,True,True,True
img_2442.png,original,,31/01/1899,6044 9382 6219,False,True,True,False
img_2443.png,original,,18/01/1968,7834 7597 1084,False,True,True,False
img_2446.png,original,Sherri Hunter,08/11/1969,1748 4508 3433,True,True,True,True
img_2447.png,original,RandyChambers,02/11/1882,2162 3380 3929,True,True,True,True
img_2448.png,original,,12/03/2000,,False,True,False,False
img_2451.png,original,,25/05/1965,,False,True,False,False
img_2452.png,original,,06/04/2005,8751 6814 4873,False,True,True,False
img_2453.png,original,,24/07/1984,3368 3820 9310,False,True,True,False
img_2456.png,original,,24/12/1975,6022 3335 5813,False,True,True,False
img_2457.png,original,,22/12/1889,,False,True,False,False
img_2458.png,original,Carl Walton,11/02/1882,,True,True,False,False
img_2459.png,original,,13/12/1895,2150 2225 1912,False,True,True,False
img_246.png,original,Amanda Jenkins,28/11/1887,8476 1714 5413,True,True,True,True
img_2460.png,original,,31/48/9929,4880 3148 9929,False,True,True,False
img_2461.png,original,Samantha Burns,18/07/1882,8253 5519 6598,True,True,True,True
img_2462.png,original,Megan Reeves,05/10/1885,1435 8130 5063,True,True,True,True
img_2463.png,original,Dawn Pamirez,20/10/1976,,True,True,False,False
img_2464.png,original,Michael Lopez,71/74/6959,7174 6959 8603,True,True,True,True
img_2465.png,original,John Barr,02/08/1893,4977 2425 5675,True,True,True,True
img_2466.png,original,,12/12/1895,,False,True,False,False
img_2467.png,original,,30/09/1885,,False,True,False,False
img_2468.png,original,Jonathan Caldwell,,7508 7405 1221,True,False,True,False
img_2469.png,original,,02/01/1969,7522 7506 3597,False,True,True,False
img_247.png,original,,08/02/1967,,False,True,False,False
img_2470.png,original,Andrea Banson,30/10/1978,,True,True,False,False
img_2471.png,original,,10/05/1888,,False,True,False,False
img_2472.png,original,,04/08/1895,1216 1488 5648,False,True,True,False
img_2473.png,original,Denisa Hanson,23/44/8147,4321 2344 8147,True,True,True,True
img_2475.png,original,,03/11/1885,,False,True,False,False
img_2476.png,original,Diane Pamirez,04/09/2002,,True,True,False,False
img_2477.png,original,Vanessa Page,15/09/1888,8224 8058 9417,True,True,True,True
img_2478.png,original,Melissa Burns,26/10/1994,2041 5183 9853,True,True,True,True
img_248.png,original,Stephania Miles,11/04/1977,2942 9984 4035,True,True,True,True
img_2480.png,original,,25/12/1890,,False,True,False,False
img_2481.png,original,Jessica Martin,,6977 4843 2142,True,False,True,False
img_2482.png,original,,16/03/1885,,False,True,False,False
img_2483.png,original,Manuel Gardner,01/11/2002,,True,True,False,False
img_2484.png,original,Michelle Hamilton MD,26/12/1888,3874 2868 5043,True,True,True,True
img_2486.png,original,,08/01/2008,,False,True,False,False
img_2487.png,original,Christopher Burns,19/07/1968,6758 2851 2680,True,True,True,True
img_2488.png,original,Michael Howe,30/01/2007,,True,True,False,False
img_249.png,original,Tiffany Mendoza,30/05/1895,7322 1443 6387,True,True,True,True
img_2490.png,original,Danial Jackson,25/12/1971,8093 8239 9437,True,True,True,True
img_2492.png,original,,29/02/1892,,False,True,False,False
img_2493.png,original,,21/03/1971,6778 6101 4115,False,True,True,False
img_2494.png,original,,16/06/1994,,False,True,False,False
img_2495.png,original,,21/12/2003,1739 6231 3008,False,True,True,False
img_2496.png,original,Michael Hende ron,04/01/1984,,True,True,False,False
img_2497.png,original,Allen Moran,24/12/1974,3173 2329 8673,True,True,True,True
img_2498.png,original,Michael Vatson,05/11/1970,8233 2873 7465,True,True,True,True
img_2499.png,original,,51/09/1882,,False,True,False,False
img_25.png,original,Pamela Armstrong,18/10/1977,6801 3580 6579,True,True,True,True
img_250.png,original,Victoria Johnston,12/05/1884,7597 8998 1178,True,True,True,True
img_2501.png,original,Riche,03/06/1975,,True,True,False,False
img_2502.png,original,Christian Goodman,21/12/1884,8906 5048 7418,True,True,True,True
img_2503.png,original,Norma Morris,02/10/1979,4930 7244 4260,True,True,True,True
img_2504.png,original,Danialia James,20/04/2000,3120 8837 4741,True,True,True,True
img_2505.png,original,James Meyers,19/07/1969,8027 6848 5307,True,True,True,True
img_2506.png,original,,01/10/1882,2058 8971 2138,False,True,True,False
img_2507.png,original,,05/11/1976,8861 5556 8762,False,True,True,False
img_2508.png,original,,51/07/1970,2808 2663 1767,False,True,True,False
img_2509.png,original,Laure Moyer,15/09/1884,,True,True,False,False
img_251.png,original,,22/04/2002,,False,True,False,False
img_2510.png,original,,,,False,False,False,False
img_2513.png,original,Cindy Simmons,20/04/1888,4489 2607 8244,True,True,True,True
img_2514.png,original,Jacqueline Miles,05/12/2001,2375 2370 4170,True,True,True,True
img_2515.png,original,Jennifer Wallace,21/11/2008,,True,True,False,False
img_2516.png,original,Samantha Bartlett,23/08/1893,6980 8653 4951,True,True,True,True
img_2517.png,original,,30/14/3140,7101 3014 3140,False,True,True,False
img_2519.png,original,James Miller,18/02/9912,,True,True,False,False
img_252.png,original,Nathaniel Ortiz,14/05/1891,6239 2811 3085,True,True,True,True
img_2522.png,original,,18/08/1884,,False,True,False,False
img_2523.png,original,,03/04/1889,,False,True,False,False
img_2525.png,original,David Powell,24/03/1887,4896 4243 5472,True,True,True,True
img_2527.png,original,,23/05/1978,,False,True,False,False
img_2528.png,original,,07/11/1882,7274 8666 1774,False,True,True,False
img_2529.png,original,,07/12/1883,2062 4808 8167,False,True,True,False
img_2530.png,original,,16/01/2007,,False,True,False,False
img_2531.png,original,Brandi Lawson,26/01/1970,4839 2638 9813,True,True,True,True
img_2533.png,original,,16/05/2008,,False,True,False,False
img_2534.png,original,,22/05/1968,8124 4388 6103,False,True,True,False
img_2535.png,original,Kristin Hart MD,26/06/1897,5464 8431 6324,True,True,True,True
img_2536.png,original,Christina Watson,21/04/1889,4097 6959 6280,True,True,True,True
img_2538.png,original,,08/03/2001,,False,True,False,False
img_2539.png,original,Caleb Brennan,19/12/1889,2085 1166 9688,True,True,True,True
img_254.png,original,Justin Oconnell,17/11/2002,4321 4344 8482,True,True,True,True
img_2540.png,original,,19/08/1888,,False,True,False,False
img_2541.png,original,,51/07/2007,4967 1917 7052,False,True,True,False
img_2542.png,original,,,,False,False,False,False
img_2543.png,original,,21/94/6261,8484 2194 6261,False,True,True,False
img_2546.png,original,Amber Heath,13/05/1968,7072 5797 8513,True,True,True,True
img_2547.png,original,,08/01/2004,8752 4523 7676,False,True,True,False
img_2549.png,original,,41/08/1898,,False,True,False,False
img_255.png,original,Mr,06/12/1898,8262 1451 8768,True,True,True,True
img_2550.png,original,Michels Brown,31/10/2005,1561 4859 3272,True,True,True,True
img_2551.png,original,,06/05/1891,,False,True,False,False
img_2552.png,original,Latasha Roberts,11/08/1891,1262 6598 7457,True,True,True,True
img_2553.png,original,Christine Burns,,8278 4815 5121,True,False,True,False
img_2554.png,original,Anna Juarez,24/09/1883,,True,True,False,False
img_2555.png,original,Jesse Simpeon,08/12/1898,,True,True,False,False
img_256.png,original,,28/11/1888,8278 4838 4493,False,True,True,False
img_2560.png,original,Michelle Johnson,14/41/8122,3473 1441 8122,True,True,True,True
img_2561.png,original,,11/10/1882,,False,True,False,False
img_2562.png,original,David Banson,20/12/1967,8488 5718 9111,True,True,True,True
img_2563.png,original,Felicia Cherry,28/02/1898,8390 4803 7457,True,True,True,True
img_2564.png,original,Nicholas Mullins,,3187 5595 2268,True,False,True,False
img_2566.png,original,Michael Garcia,18/09/1888,7115 1122 9978,True,True,True,True
img_2567.png,original,,31/12/1898,,False,True,False,False
img_2569.png,original,Tyler Hernandez,06/08/1967,8887 2589 7175,True,True,True,True
img_257.png,original,,08/03/1975,4525 1820 5421,False,True,True,False
img_2570.png,original,,41/79/6171,8449 4179 6171,False,True,True,False
img_2571.png,original,David Smith PhD,31/08/2004,4191 5707 8904,True,True,True,True
img_2575.png,original,,31/10/2005,8983 6906 5698,False,True,True,False
img_2576.png,original,Denisa Price,01/03/1892,2594 6875 7809,True,True,True,True
img_2578.png,original,Jennifer Valdez,16/03/1892,1371 2504 8860,True,True,True,True
img_2579.png,original,Patrick Rhodes,05/10/1969,6272 2868 7962,True,True,True,True
img_258.png,original,Sandra Alexander,08/11/1968,,True,True,False,False
img_2580.png,original,Pamela Sherman,,8578 6439 2744,True,False,True,False
img_2581.png,original,,26/04/2005,,False,True,False,False
img_2582.png,original,,08/10/1969,8849 9441 7708,False,True,True,False
img_2583.png,original,Edwin Collins,24/03/1887,4004 3595 5578,True,True,True,True
img_2586.png,original,Victoria Barnard,08/06/1965,,True,True,False,False
img_2587.png,original,Nicholas Miller,18/03/2008,4291 4238 1714,True,True,True,True
img_2588.png,original,Matthew Mckenzie,,6756 3362 1642,True,False,True,False
img_2589.png,original,Jillian Martinez,12/12/1885,2745 4888 9795,True,True,True,True
img_259.png,original,,,3705 9155 2902,False,False,True,False
img_2590.png,original,James Valenzuela,08/08/1974,8899 3490 9825,True,True,True,True
img_2591.png,original,Michael Hudson,24/06/1977,8891 7385 8125,True,True,True,True
img_2592.png,original,,,1808 1725 1980,False,False,True,False
img_2593.png,original,Preston James,16/03/1974,7480 7231 5477,True,True,True,True
img_2594.png,original,,,,False,False,False,False
img_2595.png,original,Robert Morrison,24/03/2005,1934 2912 9448,True,True,True,True
img_2596.png,original,Danial Anderson,06/05/1881,,True,True,False,False
img_2597.png,original,Matthew Dickson,43/02/7848,7392 4302 7848,True,True,True,True
img_2599.png,original,David Murphy,01/06/1973,2707 9363 4364,True,True,True,True
img_26.png,original,Ariana Hurst,31/03/1888,8339 5095 9587,True,True,True,True
img_260.png,original,Holly Vincent,,1656 2528 2907,True,False,True,False
img_2600.png,original,Heather Reed,06/03/1971,,True,True,False,False
img_2601.png,original,,,,False,False,False,False
img_2602.png,original,,21/01/2002,,False,True,False,False
img_2603.png,original,Deborah Walker,13/10/1898,8150 8749 8931,True,True,True,True
img_2605.png,original,Holly Mayo,,,True,False,False,False
img_2606.png,original,Gregory Castillo,23/07/2002,,True,True,False,False
img_2607.png,original,,,,False,False,False,False
img_2608.png,original,,14/02/1895,,False,True,False,False
img_2609.png,original,,25/03/1968,,False,True,False,False
img_261.png,original,,02/04/1880,8208 8305 1162,False,True,True,False
img_2610.png,original,Danial Evans,03/03/2001,8539 7420 5355,True,True,True,True
img_2611.png,original,James Ramirez,,6043 4936 7595,True,False,True,False
img_2614.png,original,Michael Schmidt,21/08/1968,1013 6999 5643,True,True,True,True
img_2615.png,original,,14/09/1891,6892 8071 6062,False,True,True,False
img_2616.png,original,,13/09/1972,,False,True,False,False
img_2617.png,original,Dustin Davis,02/05/1898,,True,True,False,False
img_2618.png,original,Michelle Turner,24/10/1965,3844 8990 5262,True,True,True,True
img_2619.png,original,,,,False,False,False,False
img_2620.png,original,,,,False,False,False,False
img_2622.png,original,Kevin Krueger,13/03/2001,8584 6567 8920,True,True,True,True
img_2623.png,original,Anthony Hayes,23/10/1880,8435 9057 1774,True,True,True,True
img_2624.png,original,Antonio Knight DDS,18/08/1880,6075 6955 2669,True,True,True,True
img_2626.png,original,,19/12/2003,,False,True,False,False
img_2627.png,original,Chelsea Smith,,6340 6047 6564,True,False,True,False
img_2628.png,original,Amy Pobinson,17/08/1971,3870 6780 3277,True,True,True,True
img_2629.png,original,David Back,02/08/2000,2947 4836 4603,True,True,True,True
img_263.png,original,Nicholas Moss,16/06/2003,8178 1314 6775,True,True,True,True
img_2630.png,original,,14/08/1976,,False,True,False,False
img_2631.png,original,Kristia Solomon,14/02/2002,6358 5338 6368,True,True,True,True
img_2632.png,original,Scott Williams,69/13/8782,8889 6913 8782,True,True,True,True
img_2633.png,original,Kurt Davidson,16/12/1994,,True,True,False,False
img_2634.png,original,Matthew Hernandez,24/04/1892,3137 5187 2318,True,True,True,True
img_2635.png,original,Scott Johnston,12/08/2002,8095 8187 8858,True,True,True,True
img_2636.png,original,Steven Warner,13/05/1969,4790 3241 9977,True,True,True,True
img_2637.png,original,,16/12/2000,,False,True,False,False
img_2638.png,original,Steven Smith,19/05/1968,1063 4803 7655,True,True,True,True
img_2639.png,original,Laure Sims,11/01/2007,3220 2330 7816,True,True,True,True
img_2641.png,original,Francisco Russall,12/09/1971,8873 5797 3634,True,True,True,True
img_2642.png,original,Aaron Coleman,18/04/2003,2993 6272 9878,True,True,True,True
img_2643.png,original,Deb Cameron,,7822 4290 2748,True,False,True,False
img_2644.png,original,Emma Williamson,11/12/2000,3465 6318 9843,True,True,True,True
img_2645.png,original,,14/04/1880,,False,True,False,False
img_2646.png,original,Riche,13/11/1893,7603 6939 8044,True,True,True,True
img_2647.png,original,Robert Johnson,08/02/1882,7048 8071 1528,True,True,True,True
img_2648.png,original,Martha Allen,,2663 7317 7568,True,False,True,False
img_2649.png,original,Jessica Schmitt DDS,,6150 1765 6094,True,False,True,False
img_265.png,original,,15/10/1888,,False,True,False,False
img_2650.png,original,Nicholas Taytor,32/40/5093,4262 3240 5093,True,True,True,True
img_2651.png,original,Alexa West,25/12/1881,3978 2233 1884,True,True,True,True
img_2652.png,original,Michael Williamson,,,True,False,False,False
img_2653.png,original,,17/12/1887,,False,True,False,False
img_2654.png,original,Andrew Johnson,,2370 1889 2127,True,False,True,False
img_2655.png,original,,08/11/1968,2518 4869 1934,False,True,True,False
img_2656.png,original,Ronnie Stein,07/04/1991,8422 4887 4510,True,True,True,True
img_2657.png,original,Mr,13/07/1973,3033 4413 5823,True,True,True,True
img_2658.png,original,Alvin Thompeon,,4288 5574 5850,True,False,True,False
img_2659.png,original,,18/08/1899,2914 8569 8685,False,True,True,False
img_266.png,original,,25/08/1981,,False,True,False,False
img_2661.png,original,Dylan Jackson,51/09/2004,3193 8072 5528,True,True,True,True
img_2662.png,original,Christopher Torres,22/10/2003,7178 5754 8257,True,True,True,True
img_2663.png,original,,22/11/1977,,False,True,False,False
img_2664.png,original,Joshua Hardy,17/43/9955,,True,True,False,False
img_2665.png,original,Dakota Rivera,,6338 7875 3112,True,False,True,False
img_2666.png,original,,25/02/1882,2217 5820 8645,False,True,True,False
img_2667.png,original,Olivia Townsend,23/12/1975,6366 9169 6026,True,True,True,True
img_2668.png,original,Taylor Collins,06/05/1968,4430 5878 7743,True,True,True,True
img_2669.png,original,Scott Montoya,31/03/1968,7946 3876 9179,True,True,True,True
img_267.png,original,Cameron Knight,12/04/2002,,True,True,False,False
img_2670.png,original,Shirlay Heath,21/54/9922,1837 2154 9922,True,True,True,True
img_2671.png,original,,22/11/1891,6962 6479 2147,False,True,True,False
img_2672.png,original,Janna Singleton,,6261 2871 4163,True,False,True,False
img_2673.png,original,Elizabeth Herman,12/11/2008,6939 4826 6337,True,True,True,True
img_2676.png,original,Julia Davies,12/05/1882,,True,True,False,False
img_2677.png,original,Riche,08/04/1993,4124 9872 4129,True,True,True,True
img_2678.png,original,Samantha Cooly,23/10/1976,1797 3102 8743,True,True,True,True
img_2679.png,original,Nicole Garrison,10/08/1889,8868 4952 7619,True,True,True,True
img_2681.png,original,Diane Copeland,02/01/1893,2407 7364 7860,True,True,True,True
img_2682.png,original,Christopher York,16/03/1974,,True,True,False,False
img_2683.png,original,,17/12/1895,1925 6681 7349,False,True,True,False
img_2684.png,original,Patricia Hayden,30/03/1899,3153 1164 9192,True,True,True,True
img_2685.png,original,,27/02/1883,,False,True,False,False
img_2686.png,original,Kim Dalton,26/03/1898,1140 3938 5789,True,True,True,True
img_2687.png,original,,21/06/1977,,False,True,False,False
img_2688.png,original,Amy Weaver,11/09/1882,3638 2890 7992,True,True,True,True
img_2689.png,original,Kathleen Welch PhD,01/04/1898,8666 5201 1987,True,True,True,True
img_269.png,original,,24/07/1883,,False,True,False,False
img_2691.png,original,Melinda Lew,14/09/1975,6261 1339 5892,True,True,True,True
img_2694.png,original,Gene Olson,,1003 6497 4080,True,False,True,False
img_2696.png,original,Erica Milter,03/09/1897,4242 6763 8273,True,True,True,True
img_2697.png,original,,25/03/1972,8028 9385 1032,False,True,True,False
img_2698.png,original,Samah Carey,,1877 5497 9235,True,False,True,False
img_2699.png,original,Elizabeth Perez,23/01/2001,,True,True,False,False
img_27.png,original,Thomas Martinez,12/08/1885,6055 8778 9173,True,True,True,True
img_270.png,original,Yolanda Norman MD,03/10/1979,2612 2123 2107,True,True,True,True
img_2700.png,original,Marco Hunter,05/10/1881,1111 1870 1742,True,True,True,True
img_2701.png,original,,18/11/2001,8085 3697 2205,False,True,True,False
img_2702.png,original,Lisa Friedman,21/11/2005,3700 7862 1624,True,True,True,True
img_2703.png,original,Michael Orr,26/05/1972,1639 8719 6365,True,True,True,True
img_2705.png,original,Elizabeth Stewart,18/04/1890,6795 3860 9342,True,True,True,True
img_2706.png,original,Carlos Sawyer,30/12/1898,7611 6516 4919,True,True,True,True
img_2707.png,original,Joy Rich,08/05/1977,1103 4864 6102,True,True,True,True
img_2708.png,original,,27/04/1975,2092 3833 4638,False,True,True,False
img_2709.png,original,,30/03/1898,4812 2769 8227,False,True,True,False
img_271.png,original,,08/01/1976,,False,True,False,False
img_2711.png,original,Tina Morales,23/61/8034,2361 8034 9848,True,True,True,True
img_2712.png,original,KennethGomez,,,True,False,False,False
img_2714.png,original,Gina Villegas,23/06/1969,,True,True,False,False
img_2715.png,original,Jessica Huynh,18/08/1895,1366 8087 3171,True,True,True,True
img_2716.png,original,Lisa Bartlett,31/08/1979,8498 4937 6562,True,True,True,True
img_2717.png,original,Jessica Burns,28/07/2007,,True,True,False,False
img_2718.png,original,Molly Ferguson,24/08/1978,,True,True,False,False
img_2719.png,original,Austin Pham,13/03/1969,6051 3040 8860,True,True,True,True
img_272.png,original,CrstalGonzalez,21/04/1880,,True,True,False,False
img_2720.png,original,Jennifer Smith,21/03/1977,,True,True,False,False
img_2722.png,original,Brian Dennis,08/01/1974,8597 8069 9698,True,True,True,True
img_2723.png,original,Erin Barnes,03/12/1976,2892 3183 6327,True,True,True,True
img_2724.png,original,Mary Brown,18/06/2004,2008 9830 8341,True,True,True,True
img_2725.png,original,John Gonzalez,22/05/2002,,True,True,False,False
img_2726.png,original,Elizabeth Moguire,22/10/1968,4446 8393 4632,True,True,True,True
img_2727.png,original,,17/06/2002,,False,True,False,False
img_2728.png,original,Laurta Conner,25/06/1885,7165 4829 5353,True,True,True,True
img_273.png,original,,23/05/1898,8752 8718 5433,False,True,True,False
img_2730.png,original,,10/03/1891,8871 5292 3498,False,True,True,False
img_2733.png,original,Petar Shelton,03/12/1899,6561 1700 6885,True,True,True,True
img_2736.png,original,Jorge King,26/01/1968,8905 1573 7913,True,True,True,True
img_2737.png,original,Ana Moguire,18/11/2005,1858 2396 1748,True,True,True,True
img_2738.png,original,Nicholas Mendoza,04/06/1895,8804 7748 3789,True,True,True,True
img_2739.png,original,,04/07/1897,,False,True,False,False
img_274.png,original,,02/02/1975,2293 9214 6032,False,True,True,False
img_2740.png,original,Nicholas Henry,04/08/1898,8747 3910 2709,True,True,True,True
img_2741.png,original,,28/08/1965,2968 8416 2927,False,True,True,False
img_2742.png,original,Olivia Martinez,21/03/1885,2525 8558 9744,True,True,True,True
img_2743.png,original,John Atkincon,14/09/1994,6034 2885 6131,True,True,True,True
img_2744.png,original,,24/02/1882,7666 8000 5739,False,True,True,False
img_2745.png,original,Joshua Williamson,06/02/1981,2160 9027 6462,True,True,True,True
img_2746.png,original,Robert Bailey,51/09/2005,8455 6653 9142,True,True,True,True
img_2748.png,original,David Logan,24/10/1898,4862 3624 4763,True,True,True,True
img_2749.png,original,Christopher Norton,05/04/1972,,True,True,False,False
img_275.png,original,Christina Medonald,18/02/1881,6884 5776 8271,True,True,True,True
img_2750.png,original,,28/02/2001,,False,True,False,False
img_2751.png,original,Justin Richardson,16/03/1892,2104 3059 3867,True,True,True,True
img_2752.png,original,Nicol Flores,16/05/1967,6731 8739 1951,True,True,True,True
img_2753.png,original,Jason Brown,05/10/1899,1669 5411 1209,True,True,True,True
img_2754.png,original,ir,09/11/1880,,True,True,False,False
img_2755.png,original,Frank Martinez,89/84/3631,8984 3631 5603,True,True,True,True
img_2756.png,original,Banjamin Patel,74/12/8628,7177 7412 8628,True,True,True,True
img_2757.png,original,RobertWu,07/10/1882,4522 4808 8112,True,True,True,True
img_2758.png,original,,71/04/2008,4720 8360 2671,False,True,True,False
img_2759.png,original,,03/10/1968,3202 7334 2682,False,True,True,False
img_276.png,original,Gregory Boone,19/02/2001,1111 2596 6488,True,True,True,True
img_2760.png,original,,14/03/2005,,False,True,False,False
img_2761.png,original,MarioCastillo,27/11/1897,2430 9387 8807,True,True,True,True
img_2762.png,original,Madison Erickson,18/10/1973,8927 8032 2207,True,True,True,True
img_2764.png,original,Amanda Thompson,06/09/2003,4451 1077 7020,True,True,True,True
img_2765.png,original,Richard Garcia,20/02/1883,,True,True,False,False
img_2766.png,original,Jason Chavez,31/03/2004,3458 6515 4098,True,True,True,True
img_2768.png,original,Emily Benitez,,4097 4088 6139,True,False,True,False
img_2769.png,original,,,,False,False,False,False
img_277.png,original,Aaron Pamirez,26/05/1967,8091 6103 8662,True,True,True,True
img_2770.png,original,,01/03/1898,8524 8718 5092,False,True,True,False
img_2771.png,original,Robert Kennedy,14/12/1968,7402 9922 3216,True,True,True,True
img_2774.png,original,Richard Hammond,21/06/1897,8027 5739 4764,True,True,True,True
img_2776.png,original,Dakota Park,,2380 6880 6682,True,False,True,False
img_2779.png,original,Adam Edwards,19/05/1965,6005 5630 7435,True,True,True,True
img_278.png,original,,,,False,False,False,False
img_2780.png,original,,13/06/1883,1950 7055 4412,False,True,True,False
img_2781.png,original,,06/04/2004,,False,True,False,False
img_2783.png,original,,41/08/1898,,False,True,False,False
img_2784.png,original,Dr,16/08/1884,3694 2828 4994,True,True,True,True
img_2785.png,original,John Brayn,05/02/2001,8832 9140 4865,True,True,True,True
img_2786.png,original,Lucas Johnson,20/08/1891,,True,True,False,False
img_2787.png,original,Melissa Smith,18/11/1978,2064 6256 4669,True,True,True,True
img_2788.png,original,,27/11/1895,,False,True,False,False
img_2789.png,original,Justin Becker,21/01/1881,1318 2054 7788,True,True,True,True
img_279.png,original,Jennifer Davis,87/22/7894,4861 8722 7894,True,True,True,True
img_2791.png,original,,13/01/1880,8442 5748 9633,False,True,True,False
img_2792.png,original,David Jimenez,22/10/1881,,True,True,False,False
img_2793.png,original,James Tories,24/02/2001,1878 9960 5912,True,True,True,True
img_2794.png,original,,24/02/1975,,False,True,False,False
img_2795.png,original,Jim Morrison,12/06/1898,1572 1830 6589,True,True,True,True
img_2797.png,original,Melissa Gomez,18/03/1967,8335 6615 1561,True,True,True,True
img_2798.png,original,Michael Burke,02/10/1971,,True,True,False,False
img_28.png,original,Lisa Harris,13/09/2008,,True,True,False,False
img_280.png,original,Denipa Arias,22/06/1890,8083 4532 6431,True,True,True,True
img_2802.png,original,,16/03/1970,8344 8600 8201,False,True,True,False
img_2804.png,original,,09/12/1890,4024 1823 2814,False,True,True,False
img_2806.png,original,Danial Yoder,18/12/2005,,True,True,False,False
img_2807.png,original,Sue Young,11/10/1884,3802 2572 2403,True,True,True,True
img_2809.png,original,AnnaGlenn,14/07/1881,2148 4386 4503,True,True,True,True
img_281.png,original,Clinton Smith,23/09/2008,,True,True,False,False
img_2810.png,original,Brandon Young,18/02/1890,7037 4200 7191,True,True,True,True
img_2811.png,original,Jessica Daugharty,13/11/1973,7002 5795 3988,True,True,True,True
img_2812.png,original,,04/03/1977,,False,True,False,False
img_2813.png,original,,08/11/1975,,False,True,False,False
img_2815.png,original,,,,False,False,False,False
img_2816.png,original,Timothy Pallins,03/02/1893,3451 7734 3922,True,True,True,True
img_2817.png,original,,71/07/2005,7623 8498 2260,False,True,True,False
img_2818.png,original,,12/07/2005,6875 8416 9508,False,True,True,False
img_282.png,original,,28/02/1972,1477 3893 3275,False,True,True,False
img_2820.png,original,Christopher Wong,03/07/1885,4831 6739 3340,True,True,True,True
img_2821.png,original,Ronald Graham,03/08/1897,6846 9016 9345,True,True,True,True
img_2823.png,original,,14/11/1974,,False,True,False,False
img_2825.png,original,Zachary Aguilar,07/10/1977,8760 8814 6531,True,True,True,True
img_2826.png,original,Shawn Lambert,14/11/1890,6732 1119 5889,True,True,True,True
img_2828.png,original,Michael Howard,03/01/2001,,True,True,False,False
img_283.png,original,Juan Brayn,02/08/1979,8324 5717 4048,True,True,True,True
img_2831.png,original,Jesse Perez,29/07/2001,8768 2072 8130,True,True,True,True
img_2832.png,original,Dr,02/08/1883,,True,True,False,False
img_2833.png,original,Jamie Smith,06/04/1968,1450 1790 3210,True,True,True,True
img_2834.png,original,,18/03/1968,,False,True,False,False
img_2835.png,original,,10/05/1891,,False,True,False,False
img_2836.png,original,,24/07/1890,,False,True,False,False
img_2837.png,original,Carla Roberts,08/07/2003,,True,True,False,False
img_2838.png,original,,24/05/1994,8358 8283 7448,False,True,True,False
img_2839.png,original,Sue Lynch,,3071 1053 4109,True,False,True,False
img_2840.png,original,Suh Cochran,08/07/1981,8385 8401 3848,True,True,True,True
img_2841.png,original,Sandra Mcdonald,29/03/2001,8141 6692 3750,True,True,True,True
img_2843.png,original,,,,False,False,False,False
img_2845.png,original,,18/04/1887,,False,True,False,False
img_2846.png,original,,30/09/1891,8997 3338 3398,False,True,True,False
img_2847.png,original,Kendra Thomas,27/11/1975,6078 3998 8298,True,True,True,True
img_2848.png,original,David Stone,22/10/1898,6018 1867 4717,True,True,True,True
img_2849.png,original,,18/02/1897,,False,True,False,False
img_285.png,original,,,,False,False,False,False
img_2850.png,original,NicholasCollins,04/03/1973,,True,True,False,False
img_2851.png,original,John Adkins,29/08/1884,3465 8531 8348,True,True,True,True
img_2854.png,original,Barbara Whit,27/03/1972,,True,True,False,False
img_2855.png,original,,02/02/2002,1470 5148 7510,False,True,True,False
img_2857.png,original,Samah Hall,20/05/1895,8601 1230 8337,True,True,True,True
img_2858.png,original,Alexis Martin,27/10/7419,,True,True,False,False
img_2859.png,original,,06/04/1976,,False,True,False,False
img_286.png,original,John Richards,14/10/1970,1455 6465 1257,True,True,True,True
img_2861.png,original,Derrick Petty,01/02/1968,3364 8874 3327,True,True,True,True
img_2862.png,original,Hannah Allison,11/11/2003,,True,True,False,False
img_2863.png,original,,57/40/8312,8478 5740 8312,False,True,True,False
img_2865.png,original,Miss Mary Montoya,01/10/2005,,True,True,False,False
img_2867.png,original,,24/08/1984,,False,True,False,False
img_2868.png,original,Steven Olson,06/11/1897,7426 9887 9693,True,True,True,True
img_2869.png,original,Glenn Wright,18/04/1883,6041 2855 5468,True,True,True,True
img_287.png,original,Vick Hamilton,30/06/2005,7734 9306 1523,True,True,True,True
img_2870.png,original,Anthony Miller,08/04/2003,3050 3804 7510,True,True,True,True
img_2871.png,original,Samah Clay,43/23/9727,2933 4323 9727,True,True,True,True
img_2872.png,original,Maria Trevino,08/03/2002,8692 4205 8748,True,True,True,True
img_2873.png,original,Daniella Higgins,13/01/1884,7864 4575 5348,True,True,True,True
img_2874.png,original,,27/12/1887,,False,True,False,False
img_2875.png,original,Linda Carter,,1785 8048 6452,True,False,True,False
img_2877.png,original,,20/05/1977,,False,True,False,False
img_288.png,original,,24/11/2007,2474 3318 4963,False,True,True,False
img_2880.png,original,,37/64/5029,,False,True,False,False
img_2881.png,original,Robert Brown,15/11/1888,8780 4110 7142,True,True,True,True
img_2883.png,original,Paul Ali,26/05/1891,4380 8632 9887,True,True,True,True
img_2884.png,original,Mark Hernandez,28/04/2000,1442 4227 1380,True,True,True,True
img_2885.png,original,,28/12/1969,,False,True,False,False
img_2886.png,original,Joshua Williams,30/08/1899,8105 1317 1748,True,True,True,True
img_2887.png,original,Alexis Friedman,,8739 2728 5058,True,False,True,False
img_2889.png,original,Eric Ochoa,19/01/1974,,True,True,False,False
img_289.png,original,Paul Prait,13/06/1883,2958 6248 6883,True,True,True,True
img_2890.png,original,Charyl Fry,22/09/1965,3945 8349 6693,True,True,True,True
img_2891.png,original,Jared Rodriguez,07/11/1968,1621 8412 2229,True,True,True,True
img_2892.png,original,Robert Bush,41/09/1882,8196 4783 2116,True,True,True,True
img_2893.png,original,Christina Moore,11/11/2005,7263 5110 1152,True,True,True,True
img_2894.png,original,Jacqueline Saunders,66/82/9750,,True,True,False,False
img_2895.png,original,Thomas Chavez,20/04/2004,1331 8222 6021,True,True,True,True
img_2896.png,original,,24/11/1888,,False,True,False,False
img_2897.png,original,Autumn Watson,,1308 4655 6551,True,False,True,False
img_2899.png,original,Dennis Bridges,26/11/2007,4128 8335 5539,True,True,True,True
img_29.png,original,Marie Blair,13/05/2008,1090 4883 7852,True,True,True,True
img_290.png,original,,29/02/1972,,False,True,False,False
img_2900.png,original,Michelle awn,10/03/1974,3901 6101 8698,True,True,True,True
img_2901.png,original,Blake Davis,16/12/1882,,True,True,False,False
img_2902.png,original,Katie Sewart MD,05/11/1891,7063 9508 8075,True,True,True,True
img_2903.png,original,Kevin Smith,08/07/2007,2508 9528 6521,True,True,True,True
img_2905.png,original,PobertLee,14/10/1978,2117 9292 9393,True,True,True,True
img_2906.png,original,DennisGreen,10/07/1888,8195 5220 5801,True,True,True,True
img_2907.png,original,,07/11/1888,8909 3877 4841,False,True,True,False
img_2908.png,original,,16/04/1968,,False,True,False,False
img_2909.png,original,Melissa Warner,25/11/1880,4502 5369 9304,True,True,True,True
img_291.png,original,Candice Grear,17/01/1898,8078 1364 8659,True,True,True,True
img_2910.png,original,Ann Howard,18/10/1888,8461 5276 7374,True,True,True,True
img_2912.png,original,Craig Hayes,,8650 4365 7998,True,False,True,False
img_2914.png,original,,06/03/1893,,False,True,False,False
img_2916.png,original,Anna Thompson,20/07/2008,4301 5562 2708,True,True,True,True
img_2917.png,original,Jacob Edwards,18/08/1977,1897 7300 2869,True,True,True,True
img_292.png,original,Elizabeth Alexander,08/07/1972,3261 7352 4355,True,True,True,True
img_2922.png,original,James Schneider,19/11/1976,6454 2566 8176,True,True,True,True
img_2923.png,original,Lauren Jefferson,10/04/1888,8306 6920 6235,True,True,True,True
img_2925.png,original,,19/04/2003,8035 6315 1941,False,True,True,False
img_2926.png,original,Barnard Johnson,02/08/1887,4853 4388 9712,True,True,True,True
img_2927.png,original,Eric Thompson,10/11/1887,,True,True,False,False
img_2929.png,original,Dr,22/01/1893,4074 6420 9775,True,True,True,True
img_2930.png,original,,,2787 7061 3840,False,False,True,False
img_2934.png,original,Matthew Bunks,03/01/2001,4412 5864 9920,True,True,True,True
img_2935.png,original,Tina Davis,19/02/1890,7571 8485 6765,True,True,True,True
img_2937.png,original,,18/01/1891,,False,True,False,False
img_2938.png,original,,23/05/1884,3228 6125 3715,False,True,True,False
img_294.png,original,Jennifer Boyer,48/85/9210,7411 4885 9210,True,True,True,True
img_2941.png,original,Alicia Lopez,30/04/1984,2478 2548 6881,True,True,True,True
img_2943.png,original,,16/10/1968,1612 8434 4378,False,True,True,False
img_2945.png,original,Samantha Bryan,28/02/2003,8278 7466 8011,True,True,True,True
img_2946.png,original,Daniel Wheeler,29/04/2003,4586 7404 4861,True,True,True,True
img_2947.png,original,,27/01/1974,3930 3155 8420,False,True,True,False
img_2948.png,original,Tara Clarke,17/11/1977,2557 6528 9148,True,True,True,True
img_2949.png,original,,23/12/1971,,False,True,False,False
img_295.png,original,Joan Pisrce,28/05/2008,1067 7593 3522,True,True,True,True
img_2950.png,original,Courtney Torres,07/10/1887,2226 2331 6760,True,True,True,True
img_2951.png,original,Jennifer Nicholson ID,87/07/1890,4824 1429 1169,True,True,True,True
img_2952.png,original,Mary Brown,49/64/5937,8077 4964 5937,True,True,True,True
img_2953.png,original,Jeffrey Miller,65/69/9976,1555 6569 9976,True,True,True,True
img_2956.png,original,,04/06/1888,2728 9737 6950,False,True,True,False
img_2957.png,original,,,,False,False,False,False
img_2958.png,original,,03/06/1880,3556 9334 2113,False,True,True,False
img_2959.png,original,Keith Parker,13/04/2000,6834 1931 5123,True,True,True,True
img_296.png,original,,19/04/1975,6843 8932 3054,False,True,True,False
img_2960.png,original,List Baker,18/05/2000,,True,True,False,False
img_2961.png,original,Marvin Whitaker,25/06/1888,7160 2888 3571,True,True,True,True
img_2963.png,original,Dr,12/02/1974,8438 3647 9182,True,True,True,True
img_2965.png,original,Samantha Romero,03/09/1970,6861 3566 1318,True,True,True,True
img_2966.png,original,Patrick Morris,11/67/7775,,True,True,False,False
img_2967.png,original,,19/09/1975,,False,True,False,False
img_2968.png,original,Janice Smith,14/09/1972,6948 7591 3061,True,True,True,True
img_297.png,original,,13/09/2007,2021 8769 1121,False,True,True,False
img_2970.png,original,Christina Powers,13/08/1882,,True,True,False,False
img_2971.png,original,Sharyl Williams,02/12/1888,7784 1848 1725,True,True,True,True
img_2972.png,original,Michael Dawson,25/11/1881,3739 7035 7501,True,True,True,True
img_2973.png,original,Donald Rivers,25/12/2005,8581 5871 2488,True,True,True,True
img_2975.png,original,,11/02/1887,,False,True,False,False
img_2978.png,original,Veronica Carr,03/08/1899,6048 4003 2307,True,True,True,True
img_2979.png,original,,,,False,False,False,False
img_298.png,original,Andrew Miller,02/10/1979,,True,True,False,False
img_2981.png,original,,31/08/1890,2016 3706 9626,False,True,True,False
img_2982.png,original,,,6721 8988 7582,False,False,True,False
img_2983.png,original,Theresa Hill,,6030 5431 1540,True,False,True,False
img_2984.png,original,Doris Wyatt,06/10/1969,1899 5287 2048,True,True,True,True
img_2985.png,original,Charles Howard,31/10/1884,3437 1444 2412,True,True,True,True
img_2986.png,original,,21/03/1884,6704 5596 5593,False,True,True,False
img_2987.png,original,,11/02/2002,,False,True,False,False
img_2988.png,original,Cheyenne Collins,14/07/1882,3574 3510 1462,True,True,True,True
img_2989.png,original,Louis Jones,24/11/1968,4461 2537 2760,True,True,True,True
img_299.png,original,,,,False,False,False,False
img_2990.png,original,Charlene Wilson,07/12/1893,3873 1133 8414,True,True,True,True
img_2991.png,original,,10/03/1969,2999 1453 9829,False,True,True,False
img_2993.png,original,Robert Johnson,18/53/7510,1692 1853 7510,True,True,True,True
img_2994.png,original,,11/05/1888,,False,True,False,False
img_2995.png,original,Christopher Thomas,10/04/1974,7674 3885 2938,True,True,True,True
img_2996.png,original,,26/11/1968,,False,True,False,False
img_2997.png,original,,24/03/1968,,False,True,False,False
img_2998.png,original,Heather Williams,58/13/8288,7750 5813 8288,True,True,True,True
img_2999.png,original,Melissa Duran,23/05/2007,7088 6395 9310,True,True,True,True
img_3.png,original,,,,False,False,False,False
img_30.png,original,Tina Collins,19/07/1888,4851 9999 2724,True,True,True,True
img_300.png,original,,27/10/3200,,False,True,False,False
img_302.png,original,,30/04/1975,,False,True,False,False
img_303.png,original,,29/10/2004,,False,True,False,False
img_304.png,original,,10/02/1880,,False,True,False,False
img_305.png,original,,,7900 3054 2167,False,False,True,False
img_306.png,original,,43/33/8263,2534 4333 8263,False,True,True,False
img_307.png,original,,08/04/2004,7560 5494 1675,False,True,True,False
img_308.png,original,,11/08/1897,7838 5145 8538,False,True,True,False
img_309.png,original,Kaiherine Yang,25/10/1898,6994 5599 1248,True,True,True,True
img_31.png,original,Kenneth Lara,,,True,False,False,False
img_310.png,original,,13/01/2001,3808 2901 4193,False,True,True,False
img_311.png,original,Casey Nguyen,17/11/1885,,True,True,False,False
img_312.png,original,Jonathan Glass,29/02/1898,6900 9702 8251,True,True,True,True
img_313.png,original,Ashley Davis,12/09/1976,6432 9308 4008,True,True,True,True
img_314.png,original,Anna Perez,02/01/1973,,True,True,False,False
img_315.png,original,,04/01/1895,,False,True,False,False
img_316.png,original,Matthew Hampton,30/07/2005,6141 1162 5927,True,True,True,True
img_318.png,original,Mr,14/13/6933,7713 1413 6933,True,True,True,True
img_319.png,original,Suzanne Heath,08/03/2003,,True,True,False,False
img_32.png,original,Christine Winters,02/04/1989,4152 7769 2942,True,True,True,True
img_320.png,original,Deborah Mecclure,19/01/2007,,True,True,False,False
img_321.png,original,Jennifer Gilbert,16/08/1884,,True,True,False,False
img_322.png,original,David Middleton,22/05/1994,8195 9873 6594,True,True,True,True
img_323.png,original,Andres Fitzgerald,,7808 8362 1897,True,False,True,False
img_324.png,original,,22/12/1970,6504 4083 5421,False,True,True,False
img_325.png,original,Jody Diaz,19/02/1882,7405 7535 8734,True,True,True,True
img_326.png,original,Shannon Burns,28/03/1882,7863 8121 7553,True,True,True,True
img_327.png,original,Dana Strickland,25/11/1978,,True,True,False,False
img_328.png,original,,16/09/1884,2214 1874 8672,False,True,True,False
img_329.png,original,,30/12/1994,,False,True,False,False
img_33.png,original,,04/03/1978,2850 8955 3353,False,True,True,False
img_331.png,original,ethan Ochoa,04/02/2001,8013 1587 5400,True,True,True,True
img_332.png,original,,20/02/2001,,False,True,False,False
img_333.png,original,,22/03/1898,,False,True,False,False
img_334.png,original,Jonathan Cox,25/01/2007,3593 9823 8950,True,True,True,True
img_336.png,original,Ryan Adams,14/01/1970,7823 6228 8990,True,True,True,True
img_338.png,original,Suah Perez,25/10/1975,7552 4540 3621,True,True,True,True
img_339.png,original,,28/07/1976,6731 1401 4681,False,True,True,False
img_340.png,original,ToniCrosby,08/12/1970,8094 8573 8784,True,True,True,True
img_341.png,original,,29/12/1978,1292 4017 3339,False,True,True,False
img_342.png,original,Nicole Lewis,13/11/1890,,True,True,False,False
img_343.png,original,Julia Hopkins,08/01/1977,1551 3954 1752,True,True,True,True
img_344.png,original,Jessica Biiley,16/07/1970,3841 7703 7052,True,True,True,True
img_345.png,original,Leslia Russell,08/11/1895,,True,True,False,False
img_346.png,original,Erik Perry,14/09/1888,6360 6553 4070,True,True,True,True
img_347.png,original,Gregory Ande ron,17/12/1881,6558 4779 6170,True,True,True,True
img_348.png,original,,01/12/1883,,False,True,False,False
img_349.png,original,Jessica Wade,16/12/1885,3328 3200 5331,True,True,True,True
img_350.png,original,,16/09/1965,7456 3863 5522,False,True,True,False
img_351.png,original,,,,False,False,False,False
img_352.png,original,Jeffrey Bander,27/52/6840,6226 2752 6840,True,True,True,True
img_353.png,original,Ashley Reed,,,True,False,False,False
img_354.png,original,Gloria Skinner,17/07/1977,3356 8030 7472,True,True,True,True
img_355.png,original,,22/04/1973,,False,True,False,False
img_357.png,original,,23/03/1884,,False,True,False,False
img_358.png,original,Dennis Morales,14/10/1979,1413 4575 5716,True,True,True,True
img_359.png,original,Robert Wiss,87/90/7223,6757 8790 7223,True,True,True,True
img_360.png,original,Christopher Parks,,8162 8922 2547,True,False,True,False
img_361.png,original,Wendy Patterson,20/10/1883,4968 8167 7114,True,True,True,True
img_362.png,original,,13/03/1890,,False,True,False,False
img_363.png,original,Jarry Hokder,12/06/1895,4887 6783 3626,True,True,True,True
img_364.png,original,Samantha Smith,02/11/1884,6837 3565 2760,True,True,True,True
img_365.png,original,Mr,75/14/9069,,True,True,False,False
img_366.png,original,,27/12/1898,8068 3600 2840,False,True,True,False
img_367.png,original,Shaun Smith,50/44/5385,8105 5044 5385,True,True,True,True
img_368.png,original,,17/06/1888,,False,True,False,False
img_37.png,original,Teresa Collins,03/06/1975,4275 7111 6943,True,True,True,True
img_370.png,original,Eric Schroeder,,,True,False,False,False
img_371.png,original,,02/10/1994,,False,True,False,False
img_372.png,original,David Ellis,01/12/1892,2286 4511 6764,True,True,True,True
img_373.png,original,Grittany Drake,07/10/1973,3006 3528 5443,True,True,True,True
img_374.png,original,Jon Brown,03/12/1897,2005 7050 7763,True,True,True,True
img_375.png,original,Claudia Mueller,08/01/1887,4505 5748 3509,True,True,True,True
img_376.png,original,,05/12/2004,,False,True,False,False
img_377.png,original,,24/11/1890,1364 6931 3358,False,True,True,False
img_380.png,original,Javier Millar,11/12/1979,3762 5415 9524,True,True,True,True
img_381.png,original,Richard Collins,27/01/2003,8424 8738 6575,True,True,True,True
img_382.png,original,Garrett Taytor,19/01/1968,7168 6469 4789,True,True,True,True
img_383.png,original,David Torres,29/04/1981,,True,True,False,False
img_384.png,original,William Brooks,30/05/1974,3246 5021 2788,True,True,True,True
img_385.png,original,,,,False,False,False,False
img_386.png,original,Richard Carter,29/03/2008,7046 5433 7448,True,True,True,True
img_387.png,original,,28/05/1994,,False,True,False,False
img_388.png,original,Aaron Thompson,06/02/2001,6028 6901 7609,True,True,True,True
img_389.png,original,,06/03/2000,,False,True,False,False
img_39.png,original,,,,False,False,False,False
img_390.png,original,,12/03/2000,,False,True,False,False
img_393.png,original,Michelle Harris,05/07/1974,1128 2704 8580,True,True,True,True
img_394.png,original,Rabecca Williams,,4178 2218 3488,True,False,True,False
img_398.png,original,Timothy Nguyen,02/05/1889,8532 9730 8109,True,True,True,True
img_40.png,original,Jennifer Martinez,02/07/1890,7521 2892 1327,True,True,True,True
img_401.png,original,Tracey Rose,27/02/1968,7091 4806 4990,True,True,True,True
img_402.png,original,Donna Wolf,40/34/7207,3483 4034 7207,True,True,True,True
img_404.png,original,Brenda Flores,,8468 2448 2994,True,False,True,False
img_405.png,original,Dawn Kelly,17/03/1882,3956 9201 6426,True,True,True,True
img_406.png,original,,19/02/1885,,False,True,False,False
img_407.png,original,Christopher Henson,24/12/1994,4808 6111 1939,True,True,True,True
img_408.png,original,Katherine Brewer PhD,20/03/1898,8799 6176 2631,True,True,True,True
img_409.png,original,Elizabeth Mason,03/09/1976,1068 4765 8576,True,True,True,True
img_41.png,original,Brett Medaniel,16/06/2002,8171 3159 2283,True,True,True,True
img_410.png,original,Brian Walker,21/01/1890,4474 9761 2833,True,True,True,True
img_411.png,original,,25/03/1975,,False,True,False,False
img_413.png,original,William Andarcon,22/01/1976,4339 7208 8803,True,True,True,True
img_414.png,original,Laure Sanchez,23/03/1893,7839 1367 4482,True,True,True,True
img_415.png,original,Robin Atkinson,,7778 2433 1693,True,False,True,False
img_416.png,original,Michael Hariman,23/06/2002,,True,True,False,False
img_419.png,original,Martha Raed,28/12/1971,8396 6477 4107,True,True,True,True
img_42.png,original,Eileen Randolph,20/06/1899,,True,True,False,False
img_420.png,original,,04/01/1968,,False,True,False,False
img_421.png,original,,11/02/1890,,False,True,False,False
img_422.png,original,,23/12/1978,,False,True,False,False
img_423.png,original,AmbarClark,16/07/1887,,True,True,False,False
img_424.png,original,Cindy Carlson,03/12/1968,,True,True,False,False
img_425.png,original,William Bennett,23/02/1898,8525 5661 2567,True,True,True,True
img_426.png,original,,13/09/1976,,False,True,False,False
img_427.png,original,Deborah Jackson,02/08/1891,3210 1285 3391,True,True,True,True
img_428.png,original,,,,False,False,False,False
img_429.png,original,Summer Ellis,30/07/1897,4826 4022 7485,True,True,True,True
img_43.png,original,Christopher Whitney,31/34/3106,3134 3106 3025,True,True,True,True
img_430.png,original,Alisha Durham,26/09/1881,,True,True,False,False
img_431.png,original,,12/01/2002,,False,True,False,False
img_432.png,original,Karan Harper,26/03/1880,6581 1872 3958,True,True,True,True
img_433.png,original,Patricia Stevens,13/06/1994,,True,True,False,False
img_434.png,original,,08/08/1969,7563 7773 9464,False,True,True,False
img_435.png,original,,03/08/1884,8878 9840 7432,False,True,True,False
img_436.png,original,Sah Duran,20/10/2004,,True,True,False,False
img_437.png,original,,13/07/1979,,False,True,False,False
img_438.png,original,Christian Padilla,30/03/2002,4167 1206 1752,True,True,True,True
img_439.png,original,Connie Ward DDS,22/11/1895,3366 7408 6171,True,True,True,True
img_44.png,original,Michael Perkins,30/06/1973,3686 5807 1750,True,True,True,True
img_440.png,original,Nathaniel Thomas,,7335 4495 3248,True,False,True,False
img_441.png,original,,18/52/3995,1042 1852 3995,False,True,True,False
img_442.png,original,,15/08/1968,,False,True,False,False
img_443.png,original,,12/06/1975,7042 5780 5194,False,True,True,False
img_444.png,original,Marcus Pose,06/05/1890,,True,True,False,False
img_445.png,original,,15/06/1968,4960 5411 9768,False,True,True,False
img_446.png,original,Paige Kent,20/03/2004,4152 9465 2945,True,True,True,True
img_447.png,original,Maria Villa,20/10/1887,,True,True,False,False
img_448.png,original,Bradley Harrell,20/09/1977,8838 4798 3914,True,True,True,True
img_449.png,original,,01/10/1970,2535 6101 5888,False,True,True,False
img_45.png,original,Courtney Payne,84/24/3732,8424 3732 2965,True,True,True,True
img_450.png,original,,10/10/1969,,False,True,False,False
img_451.png,original,Mike Burgess,11/05/1965,8788 7868 6931,True,True,True,True
img_453.png,original,Emily Rica,10/01/1882,3372 2701 5752,True,True,True,True
img_454.png,original,,11/12/1880,,False,True,False,False
img_456.png,original,Amy Price,30/12/1891,1032 5256 7402,True,True,True,True
img_457.png,original,,04/07/1888,2980 7517 1817,False,True,True,False
img_458.png,original,List Morton,20/02/1895,6852 5738 5657,True,True,True,True
img_460.png,original,Patricia Miller,16/06/1895,8807 7472 8808,True,True,True,True
img_461.png,original,Michelle King,13/02/1895,8389 3168 9314,True,True,True,True
img_462.png,original,Brian Herrera,08/01/1897,3050 4416 3621,True,True,True,True
img_463.png,original,,15/09/1893,,False,True,False,False
img_464.png,original,Christopher Salas,,6463 1865 4459,True,False,True,False
img_465.png,original,Kristen Stephens,22/11/1965,7627 4142 4561,True,True,True,True
img_467.png,original,Mark Saunders,27/10/7419,8438 7497 7277,True,True,True,True
img_468.png,original,Kaiheen Rogers,29/01/2003,1432 8521 7573,True,True,True,True
img_47.png,original,,20/01/2005,,False,True,False,False
img_470.png,original,,20/10/1882,,False,True,False,False
img_471.png,original,Lisa Gutiarrez,11/07/1967,7773 5468 3132,True,True,True,True
img_472.png,original,,25/10/1884,4562 3334 7447,False,True,True,False
img_473.png,original,David Cabrera,24/02/1979,4817 6431 7889,True,True,True,True
img_475.png,original,Samantha Pobereon,11/09/1977,,True,True,False,False
img_476.png,original,Tiffany James,20/10/1994,7118 2308 5705,True,True,True,True
img_477.png,original,Carl Herman DVM,22/12/2004,6788 2172 3598,True,True,True,True
img_478.png,original,,21/04/1895,,False,True,False,False
img_479.png,original,David Coleman,10/02/1969,,True,True,False,False
img_48.png,original,Jason Stone,13/02/1888,4768 3505 4737,True,True,True,True
img_480.png,original,Jared Hill,16/01/1885,1665 2766 6938,True,True,True,True
img_481.png,original,Vickie Conner,26/07/1994,2995 6830 6568,True,True,True,True
img_482.png,original,Lawrence Rubio,17/10/1891,8539 9862 2337,True,True,True,True
img_483.png,original,Crystal Romero,07/11/2004,4881 1058 1747,True,True,True,True
img_484.png,original,,02/02/1882,,False,True,False,False
img_485.png,original,Mark Hale,02/07/1968,8408 5791 7350,True,True,True,True
img_486.png,original,,12/04/1888,7224 4135 2985,False,True,True,False
img_489.png,original,,,,False,False,False,False
img_49.png,original,Christopher Boyd,12/08/2008,1808 4567 8983,True,True,True,True
img_490.png,original,Amanda Johnson,15/12/1888,,True,True,False,False
img_491.png,original,,29/04/1981,,False,True,False,False
img_493.png,original,David Parker,03/07/1968,7966 8667 9293,True,True,True,True
img_494.png,original,CoryGeorga,,7432 6327 5050,True,False,True,False
img_495.png,original,,02/04/1885,,False,True,False,False
img_497.png,original,Michelle Cox,,6886 2042 5331,True,False,True,False
img_498.png,original,,,7858 7964 4657,False,False,True,False
img_5.png,original,Michael Cruz,05/12/2003,3246 9871 3881,True,True,True,True
img_500.png,original,,14/03/1891,1235 6765 4355,False,True,True,False
img_501.png,original,Michael Russell,23/10/1976,1560 2832 8978,True,True,True,True
img_503.png,original,Deborah Conrad,11/11/1885,8125 7721 2622,True,True,True,True
img_505.png,original,Linda Turner,30/11/1975,8762 2862 1058,True,True,True,True
img_506.png,original,Robert Porter,06/06/1972,2207 2063 1780,True,True,True,True
img_507.png,original,Daniel Novak,20/12/2001,8163 5092 2133,True,True,True,True
img_508.png,original,,,,False,False,False,False
img_509.png,original,JamesAnderson,07/12/1969,1608 9059 9255,True,True,True,True
img_51.png,original,Mark Williams,08/10/1898,3564 5872 5980,True,True,True,True
img_511.png,original,Joshua Mercado,22/03/1890,1878 8562 2274,True,True,True,True
img_513.png,original,,29/06/1881,,False,True,False,False
img_514.png,original,Taylor Rodriguez,02/11/1967,2140 7158 2148,True,True,True,True
img_516.png,original,,03/01/2002,2725 9886 4609,False,True,True,False
img_517.png,original,Valerie Dillon,28/09/1891,5832 8898 2531,True,True,True,True
img_518.png,original,CrnstalGraham,18/02/2003,6086 2854 3965,True,True,True,True
img_519.png,original,,02/02/2003,,False,True,False,False
img_52.png,original,Mr,03/12/1970,1278 9372 8447,True,True,True,True
img_520.png,original,,,,False,False,False,False
img_521.png,original,Robert Shelton,27/10/7419,8857 7120 5631,True,True,True,True
img_522.png,original,Jannifar Kelly,03/11/1891,6865 5722 4973,True,True,True,True
img_523.png,original,,19/12/1881,,False,True,False,False
img_525.png,original,Megan Martin,,1383 8389 4938,True,False,True,False
img_526.png,original,Tammy Riggs,19/05/1973,1721 6148 5984,True,True,True,True
img_527.png,original,Colin Williams,26/75/9440,8528 2675 9440,True,True,True,True
img_528.png,original,Julie Roberts,17/05/2001,8860 6412 2231,True,True,True,True
img_529.png,original,Austin Jackson,26/09/1968,2621 5844 9281,True,True,True,True
img_53.png,original,Craig Princa,16/02/1974,6890 1235 3677,True,True,True,True
img_530.png,original,Caitlin Gonzalez,06/02/1885,6074 6801 3018,True,True,True,True
img_531.png,original,Andrea White,22/03/2008,,True,True,False,False
img_532.png,original,Nancy Allen,20/03/1888,,True,True,False,False
img_533.png,original,ChristopherGresn,12/14/5209,4731 1214 5209,True,True,True,True
img_534.png,original,Richard Reynotds,22/10/1973,3381 9760 4142,True,True,True,True
img_535.png,original,Chad Levy,21/08/1897,6705 1191 8394,True,True,True,True
img_536.png,original,Debra Hayes,19/11/1884,2296 7382 1458,True,True,True,True
img_538.png,original,,,4873 2295 4147,False,False,True,False
img_539.png,original,,18/02/1975,,False,True,False,False
img_54.png,original,Paula Davis,,3947 2403 8803,True,False,True,False
img_541.png,original,Christopher Sanders,24/11/2005,,True,True,False,False
img_542.png,original,Wendy Diaz,04/03/1974,4870 8256 8390,True,True,True,True
img_543.png,original,,23/12/1899,,False,True,False,False
img_544.png,original,,12/02/1979,,False,True,False,False
img_545.png,original,David Gray,06/01/1977,8300 8820 9017,True,True,True,True
img_547.png,original,Debra Frye,,6355 2266 2051,True,False,True,False
img_548.png,original,Dakota Frazier,41/06/1898,3867 1732 5062,True,True,True,True
img_549.png,original,Heather Lambart,13/11/1891,3187 9295 1954,True,True,True,True
img_55.png,original,,18/01/1899,3774 9988 4121,False,True,True,False
img_551.png,original,,25/04/1974,,False,True,False,False
img_552.png,original,Derek Perkins,17/03/1899,1858 5707 2243,True,True,True,True
img_553.png,original,Nicolas Ramirez,12/12/1889,1714 5341 1710,True,True,True,True
img_554.png,original,Jasmine David,20/02/1967,6890 1474 4716,True,True,True,True
img_555.png,original,,29/06/1974,,False,True,False,False
img_556.png,original,Nathan Waters,25/11/1974,1970 6733 4522,True,True,True,True
img_557.png,original,Christina Paca,28/04/1898,8405 2460 8697,True,True,True,True
img_558.png,original,,,,False,False,False,False
img_56.png,original,Eric Dillon,,2296 9140 2907,True,False,True,False
img_560.png,original,Kevin Thompson,03/08/1885,4558 1990 1574,True,True,True,True
img_561.png,original,,42/44/3703,8333 4244 3703,False,True,True,False
img_564.png,original,Kelly Rivera,23/11/1970,,True,True,False,False
img_565.png,original,Karen Hull,05/08/1891,8070 6338 1748,True,True,True,True
img_566.png,original,Robert Horne,07/10/1968,2615 1437 2493,True,True,True,True
img_567.png,original,Dennis Barrett,10/12/1884,,True,True,False,False
img_568.png,original,Mark Carlson,08/01/1968,3477 4910 2350,True,True,True,True
img_57.png,original,,17/02/1888,,False,True,False,False
img_570.png,original,Garrett Sanchez,31/12/1881,,True,True,False,False
img_571.png,original,Gregory Blackburn,01/04/1888,6005 4927 4105,True,True,True,True
img_572.png,original,Paul Thomas,28/03/2003,6253 1988 8559,True,True,True,True
img_573.png,original,Barry Valdez,11/02/1898,,True,True,False,False
img_575.png,original,,13/04/1899,,False,True,False,False
img_576.png,original,Tina Grant,11/11/1897,7206 4924 3941,True,True,True,True
img_577.png,original,,18/11/2003,,False,True,False,False
img_578.png,original,Tyrone Schaefer,04/04/2001,,True,True,False,False
img_579.png,original,,28/09/1887,,False,True,False,False
img_58.png,original,Matthew Long,87/07/1969,1497 3036 7298,True,True,True,True
img_581.png,original,Christine Fowler,10/06/1892,6099 5520 1462,True,True,True,True
img_582.png,original,Jason Becker,25/08/1898,4804 3512 2768,True,True,True,True
img_583.png,original,Adrian Combs,10/01/1968,,True,True,False,False
img_584.png,original,,,,False,False,False,False
img_585.png,original,David Lopez,28/05/1965,,True,True,False,False
img_587.png,original,Jessica Smith,,8022 7633 1241,True,False,True,False
img_588.png,original,Christopher Henda ron,78/94/3337,4362 7894 3337,True,True,True,True
img_589.png,original,Weslay Wikon,14/04/1968,8176 5793 6192,True,True,True,True
img_59.png,original,Rick Anderson,08/08/1888,4853 8679 5907,True,True,True,True
img_590.png,original,Theodore Freeman,06/12/1880,1137 2895 4560,True,True,True,True
img_591.png,original,Curtis Harris,10/01/1897,8454 5930 1045,True,True,True,True
img_592.png,original,,19/01/2003,,False,True,False,False
img_593.png,original,Barba Owen,19/12/2001,3856 6451 5048,True,True,True,True
img_594.png,original,Jodi Evans,,,True,False,False,False
img_596.png,original,,,,False,False,False,False
img_597.png,original,Kristin Parks,21/01/1967,8993 7735 9900,True,True,True,True
img_598.png,original,,24/09/1885,,False,True,False,False
img_599.png,original,Linda Mcmahon,45/80/8424,8151 4580 8424,True,True,True,True
img_6.png,original,Yolanda Hansen,11/09/1883,3859 7076 6264,True,True,True,True
img_60.png,original,Cathy Bowman,19/06/1890,,True,True,False,False
img_601.png,original,Austin Mills,28/08/1978,6859 3179 2172,True,True,True,True
img_602.png,original,Mr,04/02/1974,2997 3643 9180,True,True,True,True
img_603.png,original,Andrew Baker,02/09/1888,8947 8174 4307,True,True,True,True
img_604.png,original,,13/10/1968,2752 7204 4938,False,True,True,False
img_605.png,original,Jessica Hardin,01/05/1895,,True,True,False,False
img_607.png,original,Diana Mecullough,20/04/1888,,True,True,False,False
img_609.png,original,Steven Smith,10/03/1973,,True,True,False,False
img_61.png,original,,26/03/1892,6990 7892 4842,False,True,True,False
img_610.png,original,,03/10/1968,8452 5887 4026,False,True,True,False
img_611.png,original,,14/09/1967,4911 6101 3260,False,True,True,False
img_612.png,original,,21/02/1973,,False,True,False,False
img_613.png,original,James Woods,,6739 2789 1276,True,False,True,False
img_614.png,original,MarcusCollins,45/74/3239,4574 3239 5808,True,True,True,True
img_615.png,original,,23/05/1890,,False,True,False,False
img_617.png,original,Travis Glover,04/05/1890,8756 6889 3495,True,True,True,True
img_618.png,original,Connor Watts,29/06/1887,4963 5826 9021,True,True,True,True
img_619.png,original,,03/11/1889,6973 6578 3802,False,True,True,False
img_62.png,original,,21/12/1891,,False,True,False,False
img_620.png,original,Kathryn Mata,15/11/1880,1521 2021 9821,True,True,True,True
img_621.png,original,Eric Garrison,28/08/1897,1446 6737 2364,True,True,True,True
img_622.png,original,,24/03/1882,,False,True,False,False
img_624.png,original,Thomas Fames MD,,6080 3326 7991,True,False,True,False
img_626.png,original,Gregory Cress,14/12/2001,,True,True,False,False
img_628.png,original,Amanda Daniel,24/10/1972,8290 4737 6919,True,True,True,True
img_629.png,original,Theresa Allen,28/01/2001,1980 1762 8537,True,True,True,True
img_63.png,original,William Montoya,16/09/1892,4140 5811 7349,True,True,True,True
img_630.png,original,Courtney Harper,06/01/1970,4368 3872 9195,True,True,True,True
img_631.png,original,Joshua Matthews,16/09/1898,2181 9848 8368,True,True,True,True
img_632.png,original,Courtnay Nichols,,2085 6911 2735,True,False,True,False
img_634.png,original,Kaihleen Jimenez,28/07/1979,8913 9093 3860,True,True,True,True
img_636.png,original,,04/10/1974,3896 2870 7679,False,True,True,False
img_637.png,original,Mr,13/04/1972,,True,True,False,False
img_638.png,original,Jasmin Powell,41/01/3311,,True,True,False,False
img_642.png,original,TamiGarcia,22/07/1967,8370 3521 4735,True,True,True,True
img_643.png,original,Daniella Mason,,7969 8333 7721,True,False,True,False
img_644.png,original,Michelle Woodard,21/92/5897,,True,True,False,False
img_645.png,original,William Barg,14/11/1888,6920 9425 3367,True,True,True,True
img_647.png,original,Diane Frazier,23/06/1897,3828 3023 1135,True,True,True,True
img_649.png,original,,18/01/1968,1730 1928 5419,False,True,True,False
img_65.png,original,,13/05/1881,,False,True,False,False
img_650.png,original,Zachary Russell,30/12/2002,2784 8097 8557,True,True,True,True
img_651.png,original,lvan Jackson,03/08/1973,4789 3319 4505,True,True,True,True
img_653.png,original,,01/02/1984,1435 3760 3400,False,True,True,False
img_654.png,original,Karen Griffin,17/02/1970,2134 1325 4025,True,True,True,True
img_655.png,original,,22/09/1887,,False,True,False,False
img_657.png,original,,20/04/1893,,False,True,False,False
img_66.png,original,,22/10/1882,2041 4922 8473,False,True,True,False
img_660.png,original,Lisa Townsand,22/08/1969,1195 4460 3631,True,True,True,True
img_661.png,original,Andes Colaman,22/07/1890,8724 3927 1195,True,True,True,True
img_662.png,original,,16/07/1898,,False,True,False,False
img_664.png,original,Christina Kelly,26/10/1970,8776 5135 7973,True,True,True,True
img_665.png,original,,,,False,False,False,False
img_666.png,original,Dakota Valencia,29/08/1977,8889 2581 1943,True,True,True,True
img_667.png,original,Michael Johnson,11/06/1994,2072 4968 9221,True,True,True,True
img_668.png,original,Scott Brooks,03/10/1975,,True,True,False,False
img_669.png,original,,08/08/1968,4161 9805 1426,False,True,True,False
img_67.png,original,Donald Evans,,8456 3235 1850,True,False,True,False
img_670.png,original,Nathan Ellison,87/84/7081,8784 7081 2804,True,True,True,True
img_671.png,original,,,,False,False,False,False
img_672.png,original,Jennifer Baltran,,,True,False,False,False
img_673.png,original,,23/09/1880,,False,True,False,False
img_674.png,original,,28/08/1969,2087 3248 5664,False,True,True,False
img_676.png,original,Valerie Ward,28/10/1973,8118 1313 3075,True,True,True,True
img_677.png,original,James Jackson,,4726 3803 2127,True,False,True,False
img_678.png,original,Sierra Flores,13/07/1897,8006 5225 2148,True,True,True,True
img_679.png,original,Diane Smith,18/05/1893,,True,True,False,False
img_68.png,original,Michael Thomas,08/12/1889,,True,True,False,False
img_680.png,original,Curtis Raid,15/10/1968,4348 8448 7765,True,True,True,True
img_682.png,original,,,5862 3058 6691,False,False,True,False
img_685.png,original,,08/12/1892,,False,True,False,False
img_686.png,original,,20/06/1891,,False,True,False,False
img_687.png,original,Jessica Jooaph,13/05/6179,3418 1305 6179,True,True,True,True
img_688.png,original,Barbara Gomez,08/05/2001,,True,True,False,False
img_689.png,original,Eric Smith,18/09/2000,1333 5590 2568,True,True,True,True
img_69.png,original,,,,False,False,False,False
img_690.png,original,Tyler Memillan,23/11/1968,,True,True,False,False
img_691.png,original,Matthew Simmons,12/12/1881,8860 7563 9589,True,True,True,True
img_692.png,original,,22/11/1969,,False,True,False,False
img_693.png,original,Eduardo Peterson,13/11/2003,6875 6654 5841,True,True,True,True
img_694.png,original,Lindsay Schneider,02/10/1888,4774 5764 6586,True,True,True,True
img_695.png,original,,,8223 7764 2848,False,False,True,False
img_696.png,original,Scott Newman,22/05/1888,4946 1516 4432,True,True,True,True
img_697.png,original,,19/11/1884,4262 8863 9000,False,True,True,False
img_7.png,original,James Ramirez,06/09/1897,7122 5001 5162,True,True,True,True
img_70.png,original,Aimee Sanchez,24/06/1891,4776 6968 4243,True,True,True,True
img_700.png,original,,05/11/2003,,False,True,False,False
img_701.png,original,Clatre Gardner,13/12/1883,,True,True,False,False
img_704.png,original,Olivia Bowers,18/09/2000,7086 3680 8749,True,True,True,True
img_705.png,original,,02/10/2008,,False,True,False,False
img_706.png,original,DanielGarcia,24/11/1897,8212 5732 1661,True,True,True,True
img_707.png,original,,24/04/1888,,False,True,False,False
img_708.png,original,Craig Gress,24/04/1885,3437 3264 7164,True,True,True,True
img_71.png,original,Michael Shite,,6853 3980 3188,True,False,True,False
img_710.png,original,Cody Rnedes,07/10/1979,,True,True,False,False
img_711.png,original,,06/05/1984,7686 2335 1458,False,True,True,False
img_712.png,original,,,,False,False,False,False
img_714.png,original,Logan Forbes,12/11/1888,4926 1057 8577,True,True,True,True
img_715.png,original,Mr,28/08/2007,1454 8768 4307,True,True,True,True
img_716.png,original,Alexis Rivers,18/05/1883,8537 3211 7024,True,True,True,True
img_718.png,original,Petar Landry,17/04/1974,,True,True,False,False
img_719.png,original,Christopher Contey,02/01/1885,4193 9833 7141,True,True,True,True
img_72.png,original,,14/02/1887,,False,True,False,False
img_720.png,original,Javier Dixon,03/07/1885,8556 4879 6010,True,True,True,True
img_721.png,original,Michelle Simpson,,,True,False,False,False
img_722.png,original,David Leach,25/03/1968,8851 2460 2677,True,True,True,True
img_723.png,original,Kristin Solas,16/10/1968,3496 5568 7845,True,True,True,True
img_724.png,original,Jacqueline Rhodes,,1593 3296 2851,True,False,True,False
img_725.png,original,,30/10/1978,,False,True,False,False
img_726.png,original,,16/09/1893,,False,True,False,False
img_727.png,original,,30/12/2004,,False,True,False,False
img_729.png,original,Colleen Stewart,25/03/1890,4886 4540 9270,True,True,True,True
img_73.png,original,,,1665 3383 2125,False,False,True,False
img_730.png,original,,16/05/1881,,False,True,False,False
img_731.png,original,,04/11/2001,,False,True,False,False
img_733.png,original,,30/11/2001,,False,True,False,False
img_734.png,original,Christopher Walch,26/01/1974,8538 8161 3164,True,True,True,True
img_735.png,original,,10/11/2005,6861 1364 2868,False,True,True,False
img_736.png,original,Samantha Patterson,,1040 4076 3538,True,False,True,False
img_737.png,original,MaryGarcia,82/72/9342,8272 9342 8241,True,True,True,True
img_738.png,original,Robin Johnson,14/03/1968,4304 3650 7287,True,True,True,True
img_739.png,original,Matthew Young,12/11/1885,7654 9937 3067,True,True,True,True
img_74.png,original,Toni Hunt,28/02/2001,,True,True,False,False
img_741.png,original,,51/05/2004,1031 6412 7448,False,True,True,False
img_742.png,original,Samuel Smith,20/11/1971,7968 3961 1005,True,True,True,True
img_743.png,original,Lori Walker,27/06/1884,6052 5817 7308,True,True,True,True
img_744.png,original,,24/02/1898,,False,True,False,False
img_745.png,original,Amy Gray MID,08/08/1897,2411 5858 9025,True,True,True,True
img_746.png,original,Jason Richardson,28/06/1890,1723 9104 9627,True,True,True,True
img_748.png,original,Nathan Hernandez,01/02/1897,8187 9035 4777,True,True,True,True
img_749.png,original,,25/01/1975,8048 9595 5617,False,True,True,False
img_751.png,original,Kevin Taylor,08/08/1881,8443 8679 9925,True,True,True,True
img_752.png,original,Mfr,10/07/1897,3750 4274 4467,True,True,True,True
img_754.png,original,William Baker,08/02/1981,6461 7440 1737,True,True,True,True
img_755.png,original,Dr,12/07/2005,1799 7505 1954,True,True,True,True
img_756.png,original,Melvin Meclure,10/02/2005,6802 4328 2673,True,True,True,True
img_757.png,original,NancyGardner,16/10/1968,1615 6344 5122,True,True,True,True
img_758.png,original,Kyla Wood,17/05/1975,4751 9434 5409,True,True,True,True
img_759.png,original,,,8938 3128 6108,False,False,True,False
img_76.png,original,,01/11/2002,3254 1802 8857,False,True,True,False
img_760.png,original,,31/12/1893,,False,True,False,False
img_761.png,original,Gary Ball,16/10/2000,8452 7441 8347,True,True,True,True
img_762.png,original,,,,False,False,False,False
img_764.png,original,James Padilla,,3141 3338 4371,True,False,True,False
img_765.png,original,,,,False,False,False,False
img_767.png,original,Dr,23/04/1977,1840 1396 4163,True,True,True,True
img_768.png,original,William Cherry,11/43/8439,6577 1143 8439,True,True,True,True
img_77.png,original,Alexis Bush,02/10/1970,2599 5662 5342,True,True,True,True
img_770.png,original,Mark Martinez,01/06/1969,8231 8653 7929,True,True,True,True
img_771.png,original,Jason Sutton,18/05/1976,2370 9776 5169,True,True,True,True
img_772.png,original,,16/11/1899,,False,True,False,False
img_774.png,original,,30/01/1898,7320 1122 6560,False,True,True,False
img_776.png,original,Dawn Warren,30/05/1994,6582 7603 3968,True,True,True,True
img_777.png,original,Crystal Brown,06/05/1968,6086 3177 2288,True,True,True,True
img_778.png,original,,02/04/1967,1977 1407 1000,False,True,True,False
img_78.png,original,Eric Gonzales,13/03/1994,,True,True,False,False
img_780.png,original,,11/04/1970,8973 7302 9368,False,True,True,False
img_781.png,original,,18/10/1883,,False,True,False,False
img_782.png,original,Amanda Grimes,24/11/1882,3401 5822 9347,True,True,True,True
img_783.png,original,Desiree Thomas,18/10/1975,,True,True,False,False
img_785.png,original,Gabriella Fisher,10/01/1889,6256 3014 1557,True,True,True,True
img_786.png,original,William Chase,41/05/1882,7233 6203 6574,True,True,True,True
img_787.png,original,,28/06/1965,8828 8503 1464,False,True,True,False
img_788.png,original,Carl Wyatt,12/01/1881,8876 2464 1705,True,True,True,True
img_789.png,original,,,7665 1634 1924,False,False,True,False
img_79.png,original,Amanda Humphrey,08/06/1893,8200 1591 5953,True,True,True,True
img_790.png,original,Julie Brayn,03/12/2003,2277 6426 8165,True,True,True,True
img_792.png,original,,27/12/1883,7398 2843 2793,False,True,True,False
img_793.png,original,Alexander King,16/09/2008,6957 4332 7884,True,True,True,True
img_794.png,original,Mary Bates,21/09/1881,,True,True,False,False
img_796.png,original,Daniella Bean,22/04/6169,2204 6169 9692,True,True,True,True
img_798.png,original,Heather Williams,26/01/1967,6378 3637 7542,True,True,True,True
img_799.png,original,Jamie Porter,18/04/1898,8000 4589 4598,True,True,True,True
img_8.png,original,Tracy Hernandez,22/02/1882,,True,True,False,False
img_80.png,original,Gary Pollard,22/02/1885,7783 7147 7874,True,True,True,True
img_800.png,original,Joshua Alexander,02/01/1897,8984 9090 6370,True,True,True,True
img_801.png,original,Thomas Evans,12/12/1884,8004 7070 7649,True,True,True,True
img_802.png,original,,17/02/1898,6055 5188 3386,False,True,True,False
img_803.png,original,,,8845 7731 9675,False,False,True,False
img_805.png,original,John Morales,21/08/1971,1858 2008 6198,True,True,True,True
img_806.png,original,Toni Kerr,82/40/5400,3797 8240 5400,True,True,True,True
img_807.png,original,Nicholas Mccoy,22/02/1979,3873 4909 7338,True,True,True,True
img_808.png,original,Christine Andrews,23/09/2002,3181 6664 6637,True,True,True,True
img_809.png,original,,05/10/1882,,False,True,False,False
img_81.png,original,,07/10/1893,,False,True,False,False
img_810.png,original,Jamie Garcia,21/11/1975,8585 2652 4023,True,True,True,True
img_811.png,original,Christopher Parker,15/02/1968,6957 8708 5577,True,True,True,True
img_812.png,original,Jessica Smith,13/11/1898,7467 1484 2398,True,True,True,True
img_813.png,original,Wanda Lopez,,2860 5057 1092,True,False,True,False
img_814.png,original,Michael Gallagos,25/12/1978,7530 9424 6912,True,True,True,True
img_816.png,original,Shana Randall,23/11/2001,1124 6404 4021,True,True,True,True
img_817.png,original,Justin Brown,26/01/1968,6976 1724 9620,True,True,True,True
img_818.png,original,Sarah Hunt,25/02/1885,8162 1569 4147,True,True,True,True
img_819.png,original,,04/04/1994,4848 4279 8510,False,True,True,False
img_82.png,original,,28/06/1969,8935 1847 7698,False,True,True,False
img_820.png,original,,16/10/2007,,False,True,False,False
img_821.png,original,,13/11/1973,1280 3880 6292,False,True,True,False
img_822.png,original,George Lee,28/11/1890,4805 2833 4431,True,True,True,True
img_824.png,original,Lisa Johnston,03/10/1881,6926 7438 7661,True,True,True,True
img_826.png,original,Rabecea Walker,14/06/2000,,True,True,False,False
img_827.png,original,Wyatt Jones,18/01/1974,6042 4701 9345,True,True,True,True
img_829.png,original,,19/04/1975,,False,True,False,False
img_83.png,original,Richard Ware,19/06/2001,,True,True,False,False
img_831.png,original,Jeffrey Garcia,28/03/2003,8808 9580 9252,True,True,True,True
img_832.png,original,Brianna Terry,18/08/1970,2852 9534 9841,True,True,True,True
img_834.png,original,,30/01/1991,8689 7814 9538,False,True,True,False
img_836.png,original,,08/01/1883,,False,True,False,False
img_838.png,original,,01/11/2008,,False,True,False,False
img_839.png,original,Allen Conrad,21/03/1979,1391 3995 9134,True,True,True,True
img_84.png,original,Charles Chavez,20/11/1974,2432 4857 2662,True,True,True,True
img_840.png,original,Benjamin Andrews,,,True,False,False,False
img_841.png,original,William Brown,18/08/2007,4523 7200 6397,True,True,True,True
img_842.png,original,,,,False,False,False,False
img_843.png,original,JannyCbrien,,4796 6879 1895,True,False,True,False
img_844.png,original,Mark Curry,25/03/1885,3171 3631 5339,True,True,True,True
img_845.png,original,Melissa Price,,3588 3489 6968,True,False,True,False
img_846.png,original,Phillip Fitzgerald,04/05/1891,4573 3716 9414,True,True,True,True
img_847.png,original,Eddie Blair,,2101 1127 2409,True,False,True,False
img_848.png,original,,24/11/1888,,False,True,False,False
img_849.png,original,,10/05/1970,,False,True,False,False
img_85.png,original,Andrew Molina,82/39/8008,,True,True,False,False
img_852.png,original,Michael Mendoza,25/07/1891,,True,True,False,False
img_855.png,original,Kenneth James,13/04/1970,8881 7379 3365,True,True,True,True
img_856.png,original,,21/02/2005,7262 1395 8218,False,True,True,False
img_857.png,original,Antonio Pollins,19/08/1976,8492 4238 9169,True,True,True,True
img_858.png,original,,18/07/1965,,False,True,False,False
img_859.png,original,Karan Williams,01/08/1967,,True,True,False,False
img_86.png,original,Randall Hernandez,29/10/1881,1165 6477 8241,True,True,True,True
img_861.png,original,Cristina Montoya,26/01/1994,1384 4800 7445,True,True,True,True
img_862.png,original,Bnan Watson,08/02/1975,8991 8182 3695,True,True,True,True
img_864.png,original,Katie Gordon,18/01/1974,3898 9375 4172,True,True,True,True
img_865.png,original,,23/05/1893,,False,True,False,False
img_866.png,original,April Mahoney,03/04/1974,7539 7306 1713,True,True,True,True
img_867.png,original,,,4157 2104 1831,False,False,True,False
img_868.png,original,Derrick Scott,17/04/1976,4858 5620 5938,True,True,True,True
img_869.png,original,Michael Smith II,18/09/1882,2976 7648 9788,True,True,True,True
img_87.png,original,Andrea Andrews,03/03/1968,7774 4856 9780,True,True,True,True
img_871.png,original,,51/07/2005,,False,True,False,False
img_873.png,original,,04/07/1889,8289 2477 5230,False,True,True,False
img_874.png,original,Samah Williams,31/07/1884,1234 8008 3170,True,True,True,True
img_875.png,original,,28/11/1967,,False,True,False,False
img_879.png,original,Adam Green,18/11/2007,4553 2895 8584,True,True,True,True
img_88.png,original,,35/16/8488,4790 3516 8488,False,True,True,False
img_881.png,original,,01/04/1888,2278 5588 7765,False,True,True,False
img_882.png,original,Brenda Andrade,20/07/1887,,True,True,False,False
img_883.png,original,Drew Fox,51/05/2007,6597 9564 8651,True,True,True,True
img_885.png,original,,18/09/1973,,False,True,False,False
img_886.png,original,Lisa Coleman,02/02/1887,4845 2418 6320,True,True,True,True
img_887.png,original,Steve Freeman,04/07/2007,1492 8960 7133,True,True,True,True
img_888.png,original,Michael Kennedy,03/09/1884,,True,True,False,False
img_889.png,original,Michael Reed,16/11/1994,3293 4868 2876,True,True,True,True
img_890.png,original,,06/03/1895,8306 8204 4519,False,True,True,False
img_891.png,original,Amanda Garcia,05/12/2005,1528 9285 4487,True,True,True,True
img_892.png,original,Robert Reyes,03/01/2008,3241 6399 4711,True,True,True,True
img_893.png,original,Matthew Buchanan,08/01/2004,,True,True,False,False
img_897.png,original,Brian Medonald,08/11/1972,8958 2599 1050,True,True,True,True
img_898.png,original,,29/04/1882,,False,True,False,False
img_899.png,original,,23/09/1882,,False,True,False,False
img_9.png,original,Megan Raese,24/06/2003,6928 5170 2765,True,True,True,True
img_900.png,original,Melissa Pay,,1690 3515 7670,True,False,True,False
img_901.png,original,Carla Hall,14/03/1888,1840 6905 8673,True,True,True,True
img_902.png,original,Anthony Ward,20/02/1971,8924 6287 8284,True,True,True,True
img_903.png,original,Timothy Gomez,10/01/1884,7480 8292 4421,True,True,True,True
img_904.png,original,,18/02/1973,,False,True,False,False
img_905.png,original,,24/12/1971,,False,True,False,False
img_906.png,original,Denia Martinez,11/05/1897,7217 4857 2609,True,True,True,True
img_907.png,original,,26/02/1969,,False,True,False,False
img_908.png,original,Andrea Gibbs,21/12/2007,,True,True,False,False
img_909.png,original,Rabekah Collins,03/02/2008,7574 5763 1533,True,True,True,True
img_91.png,original,,19/01/1898,8336 5477 3048,False,True,True,False
img_910.png,original,,14/09/2002,2534 8617 8240,False,True,True,False
img_911.png,original,Joshua Barnes,,,True,False,False,False
img_912.png,original,AprilGallaghar,08/05/1887,2984 7839 3191,True,True,True,True
img_913.png,original,Thomas Bradley,14/09/1887,6881 2013 4294,True,True,True,True
img_914.png,original,Gregory Jones,,6162 7747 5648,True,False,True,False
img_915.png,original,,01/04/1971,,False,True,False,False
img_916.png,original,Randall Brawn,29/10/1880,7878 7387 5491,True,True,True,True
img_917.png,original,Robert Munoz,08/02/1981,8728 1990 1053,True,True,True,True
img_918.png,original,,31/01/1977,,False,True,False,False
img_919.png,original,Taylor Briggs MD,08/12/1888,3244 1911 9388,True,True,True,True
img_92.png,original,Luts Johnson,08/11/1884,6097 3408 5689,True,True,True,True
img_921.png,original,,24/01/1888,,False,True,False,False
img_922.png,original,,08/02/1888,,False,True,False,False
img_923.png,original,,16/11/1891,1078 2183 9739,False,True,True,False
img_924.png,original,Justin Kim,08/08/1881,4008 2133 3620,True,True,True,True
img_925.png,original,Kim Jackson,,1617 8036 2135,True,False,True,False
img_926.png,original,Angela Wagner,15/07/1974,7153 8811 9638,True,True,True,True
img_927.png,original,Jessica Harvay,23/04/2002,8287 1908 4463,True,True,True,True
img_929.png,original,Tamara Harris,,7598 8576 1409,True,False,True,False
img_93.png,original,Amanda Graham,80/34/9654,6078 8034 9654,True,True,True,True
img_930.png,original,JamesLee,32/52/3374,4462 3252 3374,True,True,True,True
img_931.png,original,Michael Martin,12/09/1882,1535 4379 2557,True,True,True,True
img_932.png,original,,18/06/1882,6903 5700 3060,False,True,True,False
img_934.png,original,Craig Robertson,26/11/1991,7221 1821 3911,True,True,True,True
img_935.png,original,,17/02/1885,,False,True,False,False
img_936.png,original,Michelle Parkins,28/05/1888,3964 7301 5387,True,True,True,True
img_937.png,original,,12/01/1975,6056 4268 7287,False,True,True,False
img_938.png,original,,23/09/1979,,False,True,False,False
img_939.png,original,Sierra Pamirez,08/02/1890,1412 3344 2358,True,True,True,True
img_94.png,original,David Mathis,13/02/2008,,True,True,False,False
img_940.png,original,Mrs Christina Grimes,01/10/1881,4815 4524 3570,True,True,True,True
img_941.png,original,Grittany Gardner,17/04/1975,6418 9494 3412,True,True,True,True
img_942.png,original,Denisa Johnson,24/02/1994,3025 3827 7252,True,True,True,True
img_943.png,original,Scott Pearson,11/08/2002,2006 5821 3440,True,True,True,True
img_944.png,original,Samuel Herman,17/03/1969,8860 2183 9116,True,True,True,True
img_945.png,original,Omar Fisher,,6975 8410 1787,True,False,True,False
img_946.png,original,Xavier Pittman,01/06/1971,2585 8980 7962,True,True,True,True
img_947.png,original,Brenda Hicks,02/08/1890,,True,True,False,False
img_948.png,original,,04/05/1899,,False,True,False,False
img_949.png,original,Tammy Lee,12/09/2007,1950 2819 4189,True,True,True,True
img_950.png,original,,27/12/1888,6045 7525 1343,False,True,True,False
img_951.png,original,Cathy Poth,13/06/2004,2696 8185 6622,True,True,True,True
img_952.png,original,Michael Mccoy,29/11/1965,7885 2652 7705,True,True,True,True
img_958.png,original,Christopher Dyer,25/01/2008,4131 1889 1587,True,True,True,True
img_96.png,original,Sheila Hines,03/05/1882,6941 2351 7444,True,True,True,True
img_961.png,original,,29/10/1975,,False,True,False,False
img_962.png,original,Kristine Martinez,14/01/1893,,True,True,False,False
img_963.png,original,,,2847 4933 6703,False,False,True,False
img_964.png,original,,,6262 1868 1339,False,False,True,False
img_965.png,original,Michael Lynch,06/07/1895,3424 5170 6816,True,True,True,True
img_966.png,original,Edwin Owen,19/09/2008,4410 4314 9184,True,True,True,True
img_967.png,original,Justin Mckay,02/01/1898,,True,True,False,False
img_968.png,original,,12/06/1893,8523 8714 1168,False,True,True,False
img_969.png,original,Antonio Myers,03/06/2008,1967 4890 3493,True,True,True,True
img_97.png,original,Karan Brooks,12/01/1979,7058 1112 2568,True,True,True,True
img_970.png,original,Duane Brewer,41/05/1895,8287 1840 8400,True,True,True,True
img_973.png,original,Kevin Carlson,29/01/1888,8304 1437 8535,True,True,True,True
img_974.png,original,Jesse Elliott,18/05/1975,6848 9159 4058,True,True,True,True
img_976.png,original,Cynthia Cruz,21/07/1897,,True,True,False,False
img_978.png,original,Anne Hill,,2603 3533 8668,True,False,True,False
img_979.png,original,Carly Nguyen,04/02/1898,1632 5780 9249,True,True,True,True
img_981.png,original,,31/10/2000,,False,True,False,False
img_982.png,original,Dana Martinez,21/04/1888,,True,True,False,False
img_983.png,original,Amy Mecoy,22/08/1965,8182 1085 5612,True,True,True,True
img_984.png,original,aihen Smith,08/05/1994,,True,True,False,False
img_985.png,original,Natasha Brooks,27/10/2000,2100 4869 8588,True,True,True,True
img_986.png,original,James Brown,13/12/1882,4737 6562 9501,True,True,True,True
img_987.png,original,Robert Martinez,08/10/1888,2831 6634 1501,True,True,True,True
img_988.png,original,Cassandra Greene,51/08/2000,3015 8054 5041,True,True,True,True
img_989.png,original,Christopher Hall,10/03/1968,2804 4267 1145,True,True,True,True
img_99.png,original,Roberta Simmons,08/03/1981,7414 9221 3514,True,True,True,True
img_990.png,original,Andrew Kim,,3353 6135 5297,True,False,True,False
img_993.png,original,Craig Patterson,28/08/2001,1314 1218 3163,True,True,True,True
img_994.png,original,Cathy Lang,18/12/1899,7755 9364 2480,True,True,True,True
img_997.png,original,,08/03/2000,,False,True,False,False
img_998.png,original,Jenna Lowe,,,True,False,False,False
img_999.png,original,James Snyder,06/11/1884,4534 1288 5339,True,True,True,True
img_1.png,tampered,,14/00/9080,,False,True,False,False
img_10.png,tampered,,14/10/2003,8563 5593 7470,False,True,True,False
img_100.png,tampered,Karen Washington,26/08/1898,3020 3514 5562,True,True,True,True
img_1000.png,tampered,Morgan dames,,,True,False,False,False
img_1001.png,tampered,Alicia Rivera,12/06/1978,5321 3472 3240,True,True,True,True
img_1002.png,tampered,Lauria Sione,12/04/1869,7671 9790 1662,True,True,True,True
img_1004.png,tampered,CarlosCollier,80/38/4634,,True,True,False,False
img_1005.png,tampered,Andre Schmit,06/09/1880,6324 6395 3172,True,True,True,True
img_1006.png,tampered,,,,False,False,False,False
img_1007.png,tampered,,11/39/8568,7877 1139 8568,False,True,True,False
img_1008.png,tampered,,04/01/2002,,False,True,False,False
img_1009.png,tampered,David Thornton,24/07/1972,1651 8123 1143,True,True,True,True
img_101.png,tampered,,1402200,,False,False,False,False
img_1010.png,tampered,Dwayne Mills,,,True,False,False,False
img_1012.png,tampered,Gateiels Dradiey,22/07/2007,6178 1877 3685,True,True,True,True
img_1013.png,tampered,Hannah Sosa,26/10/1880,8360 7298 9281,True,True,True,True
img_1014.png,tampered,Austin Williams,22/07/1972,4534 7638 2300,True,True,True,True
img_1015.png,tampered,,28/01/1867,4972 5110 3104,False,True,True,False
img_1016.png,tampered,,,,False,False,False,False
img_1018.png,tampered,Derek Horton,19/04/1885,8570 4365 7837,True,True,True,True
img_1019.png,tampered,Mark Haas,12/03/1880,2796 5336 6937,True,True,True,True
img_102.png,tampered,,18/06/2007,,False,True,False,False
img_1020.png,tampered,ChrisChan,14/07/1898,8557 5247 6000,True,True,True,True
img_1021.png,tampered,John Davis,05/10/1965,8981 8420 1224,True,True,True,True
img_1022.png,tampered,Ronald Curtis,08/09/2000,,True,True,False,False
img_1024.png,tampered,,24/11/2004,,False,True,False,False
img_1025.png,tampered,Cynthia Davis,24/08/1892,1841 6288 8120,True,True,True,True
img_1026.png,tampered,,21/12/1895,,False,True,False,False
img_1027.png,tampered,Jessica Price,13/41/7268,1341 7268 3005,True,True,True,True
img_1028.png,tampered,Dr,24/17/1890,2328 5825 1621,True,True,True,True
img_1029.png,tampered,,23/11/1898,,False,True,False,False
img_103.png,tampered,Ashley Cisneros,05/03/2003,1950 9072 7492,True,True,True,True
img_1030.png,tampered,,05/01/9975,,False,True,False,False
img_1032.png,tampered,,06/01/1975,,False,True,False,False
img_1033.png,tampered,,27/06/1888,8350 1764 2380,False,True,True,False
img_1034.png,tampered,Frank Villa,26/08/1898,3168 7615 7617,True,True,True,True
img_1037.png,tampered,Justin Flores,09/19/1977,8862 9249 7883,True,True,True,True
img_1038.png,tampered,,08/01/1968,,False,True,False,False
img_1039.png,tampered,,02/01/2970,6421 6621 9237,False,True,True,False
img_1040.png,tampered,,3709706,,False,False,False,False
img_1041.png,tampered,Justin Harrison,19/03/1882,7402 9672 2731,True,True,True,True
img_1042.png,tampered,,15/89/3741,7722 1589 3741,False,True,True,False
img_1044.png,tampered,Mark Leon,18/03/2007,,True,True,False,False
img_1046.png,tampered,Kathisen Sanchez,25/04/2001,5232 5805 2907,True,True,True,True
img_1047.png,tampered,John Kim,12/03/2007,2266 6872 9288,True,True,True,True
img_1048.png,tampered,,1009215,,False,False,False,False
img_1049.png,tampered,Jason Flores,28/08/1970,8626 2807 2341,True,True,True,True
img_105.png,tampered,,19/02/2002,,False,True,False,False
img_1051.png,tampered,Sarah Hall,,8188 5178 8567,True,False,True,False
img_1052.png,tampered,Vanessa Acesta,26/17/1869,3383 4055 1341,True,True,True,True
img_1055.png,tampered,,01/03/1975,,False,True,False,False
img_1056.png,tampered,,08/08/1891,,False,True,False,False
img_1057.png,tampered,,,8009 9700 8922,False,False,True,False
img_1059.png,tampered,Aaron Wood,11/17/1894,5709 5871 6265,True,True,True,True
img_106.png,tampered,,,,False,False,False,False
img_1060.png,tampered,Stephania Walters,01/07/1978,3305 9813 7769,True,True,True,True
img_1061.png,tampered,,24/11/1702,,False,True,False,False
img_1062.png,tampered,,51/18/8020,8447 5118 8020,False,True,True,False
img_1063.png,tampered,Connie Fomero,25/10/1884,,True,True,False,False
img_1065.png,tampered,,,,False,False,False,False
img_1066.png,tampered,Leslia Gordon,29/04/1972,8897 3212 1420,True,True,True,True
img_1067.png,tampered,,28/12/9978,,False,True,False,False
img_1068.png,tampered,,26/01/1898,,False,True,False,False
img_1069.png,tampered,,23/04/1899,,False,True,False,False
img_107.png,tampered,,,,False,False,False,False
img_1070.png,tampered,,,,False,False,False,False
img_1071.png,tampered,,,,False,False,False,False
img_1072.png,tampered,Morgan Riciwell,02/02/2008,2155 0098 4075,True,True,True,True
img_1073.png,tampered,Cody Atkinson,23/03/2004,6020 1956 7014,True,True,True,True
img_1074.png,tampered,John Smith,20/11/1883,4088 2584 3964,True,True,True,True
img_1075.png,tampered,Christopher Richards,02/02/2008,4773 8458 2920,True,True,True,True
img_1077.png,tampered,Philip Krueger,81/00/9402,7678 8100 9402,True,True,True,True
img_1078.png,tampered,Michael Williams,26/12/1888,7256 7348 5824,True,True,True,True
img_1079.png,tampered,Anthony Hutchinson,25/01/1986,7526 5222 8654,True,True,True,True
img_108.png,tampered,Manuel Miller,16/19/1977,9243 6996 8575,True,True,True,True
img_1080.png,tampered,Sabrina Torres,05/08/1898,5468 9999 7768,True,True,True,True
img_1081.png,tampered,Petar Anderson,12/04/1971,8384 9936 5187,True,True,True,True
img_1082.png,tampered,Dr,23/05/1971,5126 3467 9449,True,True,True,True
img_1083.png,tampered,,,,False,False,False,False
img_1084.png,tampered,Mark Martinez,16/11/1971,,True,True,False,False
img_1086.png,tampered,,24/10/1967,,False,True,False,False
img_1087.png,tampered,Derrick Kaiser,09/11/1979,3562 2824 6927,True,True,True,True
img_109.png,tampered,Kimberly Morales,24/12/1883,1845 6841 3560,True,True,True,True
img_1090.png,tampered,Edward Christian,28/01/1967,,True,True,False,False
img_1091.png,tampered,Kevin Fisher,12/01/1882,8075 5992 9765,True,True,True,True
img_1092.png,tampered,Carria Jackson,18/08/1884,9870 9557 5480,True,True,True,True
img_1093.png,tampered,Julie Valdez,04/08/1888,8533 8149 7365,True,True,True,True
img_1094.png,tampered,,11/01/7282,,False,True,False,False
img_1095.png,tampered,Racha,16/12/1887,8938 7622 4216,True,True,True,True
img_1096.png,tampered,Jessica Wright,20/01/2000,4859 4977 4438,True,True,True,True
img_1097.png,tampered,,02/08/2004,,False,True,False,False
img_1099.png,tampered,Annetta Hendricks,08/08/2000,,True,True,False,False
img_11.png,tampered,,08/09/2001,,False,True,False,False
img_110.png,tampered,Heather Snyder,06/01/1897,6041 4931 2052,True,True,True,True
img_1100.png,tampered,Jorden Watters,,,True,False,False,False
img_1101.png,tampered,,12/01/1975,,False,True,False,False
img_1102.png,tampered,,4032007,,False,False,False,False
img_1103.png,tampered,Melania Jenkins lD,01/08/1971,2585 2610 6819,True,True,True,True
img_1105.png,tampered,,0401209,,False,False,False,False
img_1108.png,tampered,Uachary Buck,23/01/0312,,True,True,False,False
img_1109.png,tampered,James Moore,29/10/1974,,True,True,False,False
img_111.png,tampered,,26/11/1967,3600 9504 1583,False,True,True,False
img_1112.png,tampered,,24/10/2002,,False,True,False,False
img_1113.png,tampered,Robert Zavala,20/05/1884,5251 3704 2903,True,True,True,True
img_1114.png,tampered,,04/08/1965,,False,True,False,False
img_1115.png,tampered,Linda Stevens,10/08/1970,1464 4245 8160,True,True,True,True
img_1116.png,tampered,Robert Rs,20/08/2003,8151 9817 4573,True,True,True,True
img_1117.png,tampered,Richard Woods,14/26/8724,1487 1426 8724,True,True,True,True
img_1118.png,tampered,Gregory Austin,20/06/1890,8795 6847 2935,True,True,True,True
img_1119.png,tampered,Christine Richard,22/12/1865,8557 7828 6070,True,True,True,True
img_1120.png,tampered,,13/04/1775,,False,True,False,False
img_1121.png,tampered,,27/10/1970,,False,True,False,False
img_1122.png,tampered,Jamie Cooper,,,True,False,False,False
img_1123.png,tampered,,1200122,,False,False,False,False
img_1125.png,tampered,,,7299 1679 1729,False,False,True,False
img_1126.png,tampered,Tedd Flaming,,3063 8591 9790,True,False,True,False
img_1127.png,tampered,,06/06/1968,8114 2210 1548,False,True,True,False
img_1128.png,tampered,,02/01/2000,,False,True,False,False
img_1129.png,tampered,,,,False,False,False,False
img_113.png,tampered,,39/07/2007,,False,True,False,False
img_1131.png,tampered,Phyllis Hatnandez,23/10/1885,,True,True,False,False
img_1133.png,tampered,,17/03/1707,,False,True,False,False
img_1135.png,tampered,Lindsay Hartis,22/12/2008,2726 6103 9959,True,True,True,True
img_1138.png,tampered,Anthony Farrell,16/07/1881,8505 5424 1431,True,True,True,True
img_1139.png,tampered,Robert Jones,30/05/2003,4378 7943 5497,True,True,True,True
img_114.png,tampered,,,,False,False,False,False
img_1142.png,tampered,Sara Clayton,21/04/1974,4174 8527 7711,True,True,True,True
img_1144.png,tampered,Jennifer Mitchell,16/12/1899,7768 7866 8027,True,True,True,True
img_1145.png,tampered,,16/12/1984,,False,True,False,False
img_1147.png,tampered,,19/06/1994,6437 6491 3471,False,True,True,False
img_1148.png,tampered,Alex Frazier,17/12/1880,3778 4857 5669,True,True,True,True
img_1149.png,tampered,Annetta Mees,21/06/2004,2881 7280 7761,True,True,True,True
img_1151.png,tampered,Robart Williams,08/10/1868,3897 2661 9748,True,True,True,True
img_1152.png,tampered,,26/11/1888,,False,True,False,False
img_1153.png,tampered,Christopher Bassey,31/01/1889,9575 3271 9671,True,True,True,True
img_1154.png,tampered,Benjamin Davidson,06/06/1976,9550 2968 1580,True,True,True,True
img_1155.png,tampered,Joel Sullivan,06/04/2005,4765 4590 5740,True,True,True,True
img_1156.png,tampered,Uictoel Wagret,,,True,False,False,False
img_1157.png,tampered,Eric Hernandez,10/08/1977,,True,True,False,False
img_1158.png,tampered,,29/12/1885,,False,True,False,False
img_116.png,tampered,,30/06/1977,,False,True,False,False
img_1160.png,tampered,Jonathan Carter,18/04/1975,8378 6235 8139,True,True,True,True
img_1161.png,tampered,Megan Garrett,29/10/1974,,True,True,False,False
img_1162.png,tampered,Todd Johnson,10/09/1965,3992 6215 8893,True,True,True,True
img_1163.png,tampered,,28/03/2008,,False,True,False,False
img_1164.png,tampered,,12/07/9701,,False,True,False,False
img_1165.png,tampered,,,1329 2442 4455,False,False,True,False
img_1166.png,tampered,Ms Andrea Brown,04/06/1881,7396 3821 1561,True,True,True,True
img_1167.png,tampered,,06/04/1898,,False,True,False,False
img_1168.png,tampered,Christopher Baird,26/08/1880,5068 4405 5607,True,True,True,True
img_1169.png,tampered,,06/10/1891,,False,True,False,False
img_117.png,tampered,Rebecea Williams,31/10/1988,8243 8550 6024,True,True,True,True
img_1170.png,tampered,,30/10/2001,,False,True,False,False
img_1171.png,tampered,Shannon Gonzalez,06/02/1972,,True,True,False,False
img_1172.png,tampered,,0074002,,False,False,False,False
img_1173.png,tampered,,07/03/1082,,False,True,False,False
img_1174.png,tampered,,04/08/2975,,False,True,False,False
img_1175.png,tampered,Cols Robinson,21/02/2001,8443 9220 9761,True,True,True,True
img_1176.png,tampered,,11/06/1977,,False,True,False,False
img_1177.png,tampered,Bradley Thompson,08/10/2004,6328 8695 3064,True,True,True,True
img_118.png,tampered,,,,False,False,False,False
img_1181.png,tampered,Jonathan Williams,,6907 2603 8852,True,False,True,False
img_1182.png,tampered,,,,False,False,False,False
img_1183.png,tampered,Charles Cabrera,04/03/1968,3362 1074 3495,True,True,True,True
img_1184.png,tampered,,15/11/2007,8266 2260 8119,False,True,True,False
img_1186.png,tampered,Kenneth Walker,60/39/1885,,True,True,False,False
img_1187.png,tampered,Nicole Johnson,14/06/1880,,True,True,False,False
img_1188.png,tampered,,1804129,,False,False,False,False
img_1189.png,tampered,Christopher Thomas,02/09/2001,,True,True,False,False
img_119.png,tampered,Christopher Rics,17/06/1882,8562 8601 1361,True,True,True,True
img_1190.png,tampered,,19/01/4490,,False,True,False,False
img_1191.png,tampered,,07/01/1976,,False,True,False,False
img_1192.png,tampered,,24/01/1968,3308 6331 5853,False,True,True,False
img_1193.png,tampered,,29/11/1882,4818 1737 1372,False,True,True,False
img_1194.png,tampered,William Mullen,06/04/1869,9831 9852 2485,True,True,True,True
img_1195.png,tampered,Helen Young,20/02/1977,,True,True,False,False
img_1196.png,tampered,Ctvaiogter Torres,24/04/1708,,True,True,False,False
img_1197.png,tampered,Michael Yoder,03/10/2004,6160 5509 3870,True,True,True,True
img_1198.png,tampered,Thomas Hill,29/01/1880,1242 1811 5747,True,True,True,True
img_1199.png,tampered,,27/62/1775,,False,True,False,False
img_12.png,tampered,Rabecea Wilson,,,True,False,False,False
img_120.png,tampered,Christina Sandoval,,3722 3307 8738,True,False,True,False
img_1200.png,tampered,Christian Bright,16/08/1892,5780 2850 5619,True,True,True,True
img_1201.png,tampered,Erin Bates,20/04/1972,4340 4938 6742,True,True,True,True
img_1202.png,tampered,Heather Mata,19/12/1974,2688 2679 1834,True,True,True,True
img_1203.png,tampered,Sean Sims,14/04/1978,2583 4615 6083,True,True,True,True
img_1204.png,tampered,Ann Mcphsreon,25/12/2002,1671 5701 1958,True,True,True,True
img_1205.png,tampered,Casay Hill,93/00/9128,,True,True,False,False
img_1206.png,tampered,Brian King,17/04/1888,8805 9544 2164,True,True,True,True
img_1208.png,tampered,,14/01/2004,7283 1158 3340,False,True,True,False
img_1209.png,tampered,William Wilson,28/03/1978,2154 7656 6534,True,True,True,True
img_121.png,tampered,Sabrina Medina,20/12/2001,4845 5682 8916,True,True,True,True
img_1210.png,tampered,Angela Hines,14/17/1898,4974 7247 2212,True,True,True,True
img_1211.png,tampered,Robert Wallace,05/12/1965,,True,True,False,False
img_1212.png,tampered,Jasmine Cole,20/07/1968,3026 8595 1311,True,True,True,True
img_1214.png,tampered,Lauran Jones,09/04/1970,6490 1286 7807,True,True,True,True
img_1215.png,tampered,Natalie Barrett,13/11/1967,8202 9289 9115,True,True,True,True
img_1216.png,tampered,Ryan Serrano,11/71/2200,3852 8360 4052,True,True,True,True
img_1217.png,tampered,Colleen Olson,20/06/1867,6834 5134 5351,True,True,True,True
img_1218.png,tampered,Kevin Myers,26/02/1898,3077 2254 7765,True,True,True,True
img_1219.png,tampered,,,,False,False,False,False
img_122.png,tampered,Charles Fope,27/06/1882,2754 5275 1229,True,True,True,True
img_1220.png,tampered,Claudia Hodges,10/08/1978,1867 1148 8297,True,True,True,True
img_1221.png,tampered,Sara Davis,24/02/1968,7686 7028 1708,True,True,True,True
img_1222.png,tampered,Kenneth Watson,,7416 1548 2774,True,False,True,False
img_1223.png,tampered,Austin Johnson,11/02/1993,8975 1988 6443,True,True,True,True
img_1224.png,tampered,Banjamin Hardy DDS,,8889 4873 6860,True,False,True,False
img_1225.png,tampered,Tracy Bailey,01/06/1883,,True,True,False,False
img_1229.png,tampered,,06/06/1889,,False,True,False,False
img_1230.png,tampered,Mary Raynolds,13/12/1970,4891 4087 5961,True,True,True,True
img_1231.png,tampered,Ann Back,18/02/1971,9456 1734 4089,True,True,True,True
img_1232.png,tampered,,32/08/4976,,False,True,False,False
img_1233.png,tampered,Kari Gonzales,28/06/1899,2466 4796 2238,True,True,True,True
img_1234.png,tampered,,00/83/1077,,False,True,False,False
img_1235.png,tampered,,29/00/1775,1908 0024 9072,False,True,True,False
img_124.png,tampered,Liss lickay,08/02/1975,6988 7224 1051,True,True,True,True
img_1240.png,tampered,Elizabeth Mejia,23/08/1892,7244 7057 2925,True,True,True,True
img_1241.png,tampered,,16/06/1979,,False,True,False,False
img_1242.png,tampered,Sean Cannon,13/10/1889,1495 9675 9070,True,True,True,True
img_1243.png,tampered,Eric Paul,23/04/1887,,True,True,False,False
img_1244.png,tampered,Kristina Hall,18/07/2000,1011 4005 5872,True,True,True,True
img_1245.png,tampered,Steven Johnson,07/09/1895,3064 3602 6716,True,True,True,True
img_1246.png,tampered,Dr,04/09/1976,2660 5402 3067,True,True,True,True
img_1247.png,tampered,Julie Bolton,16/07/1970,2723 5260 9778,True,True,True,True
img_1248.png,tampered,Julie Richardson,12/82/5071,1282 5071 1989,True,True,True,True
img_1249.png,tampered,,,,False,False,False,False
img_1250.png,tampered,,,,False,False,False,False
img_1252.png,tampered,Alexis Ryan,02/08/1975,2237 3547 7627,True,True,True,True
img_1253.png,tampered,,17/01/4978,,False,True,False,False
img_1254.png,tampered,,,,False,False,False,False
img_1255.png,tampered,Amy Holt,22/12/1888,5285 5934 7285,True,True,True,True
img_1256.png,tampered,,02/04/1992,8225 3870 4511,False,True,True,False
img_1258.png,tampered,Caitlin Bryant,14/08/2001,,True,True,False,False
img_1259.png,tampered,,16/09/1891,,False,True,False,False
img_126.png,tampered,,1402187,,False,False,False,False
img_1260.png,tampered,Stephania Castillo,10/11/1974,8948 6497 9055,True,True,True,True
img_1261.png,tampered,,1106928,2430 7207 0924,False,False,True,False
img_1262.png,tampered,Christopher Gardnar,22/09/1899,2851 8639 8027,True,True,True,True
img_1263.png,tampered,Jennifer West,06/04/1982,4139 2239 1624,True,True,True,True
img_1265.png,tampered,,,,False,False,False,False
img_1266.png,tampered,,00/83/1129,,False,True,False,False
img_1267.png,tampered,April Sanchez,73/76/6101,2439 7376 6101,True,True,True,True
img_1268.png,tampered,Danial Hess,02/09/1886,7586 8832 5968,True,True,True,True
img_1269.png,tampered,Tanya Miller,23/05/2004,8858 8411 6329,True,True,True,True
img_127.png,tampered,Charyl Williams,11/05/2000,6852 5836 7008,True,True,True,True
img_1270.png,tampered,Sandra Ruiz,09/07/2002,4089 9868 2827,True,True,True,True
img_1271.png,tampered,Troy Andarson,26/03/1977,2390 4723 3995,True,True,True,True
img_1272.png,tampered,,04/10/1867,2236 6913 4077,False,True,True,False
img_1273.png,tampered,,12/08/2000,,False,True,False,False
img_1274.png,tampered,Michael Gonzalez,12/04/1969,1549 2631 2278,True,True,True,True
img_1275.png,tampered,,01/01/2002,,False,True,False,False
img_1276.png,tampered,Jason Robinson,24/08/1898,3474 2338 5277,True,True,True,True
img_1277.png,tampered,JeffreyGray,22/06/1890,1923 1408 8432,True,True,True,True
img_1279.png,tampered,Biiley Castro,27/48/5140,,True,True,False,False
img_128.png,tampered,,15/11/1885,,False,True,False,False
img_1280.png,tampered,,2411707,,False,False,False,False
img_1281.png,tampered,Ronnie Quinn,20/32/6325,1359 2032 6325,True,True,True,True
img_1282.png,tampered,Jennifer Landry,26/10/1889,,True,True,False,False
img_1283.png,tampered,Christopher Mortis,01/08/1974,6280 9862 8459,True,True,True,True
img_1284.png,tampered,Theodore Fobinson,22/05/2002,7321 6470 1561,True,True,True,True
img_1285.png,tampered,Daniel Holloway,26/04/1973,5031 2378 2356,True,True,True,True
img_1286.png,tampered,,12/01/9970,,False,True,False,False
img_1287.png,tampered,Michael Garcia,03/08/1897,6878 6410 8955,True,True,True,True
img_1288.png,tampered,Joshua Jackson,26/10/1968,6347 9107 4961,True,True,True,True
img_129.png,tampered,Todd Cabrera,07/12/1977,,True,True,False,False
img_1290.png,tampered,Amara Uoore,17/05/1788,,True,True,False,False
img_1291.png,tampered,Jog Cunningham,22/02/1890,3604 1085 1101,True,True,True,True
img_1292.png,tampered,Lisa Mccall,22/07/1971,7589 7023 3731,True,True,True,True
img_1293.png,tampered,Lisa Mckinney,94/92/7449,2228 9492 7449,True,True,True,True
img_1294.png,tampered,Veronica Lee,17/04/1976,2789 8312 7778,True,True,True,True
img_1295.png,tampered,,,,False,False,False,False
img_1296.png,tampered,Jeffrey Estrada,08/06/1891,8591 6051 6525,True,True,True,True
img_1297.png,tampered,,09/62/2002,,False,True,False,False
img_13.png,tampered,,,,False,False,False,False
img_130.png,tampered,William Franklin,09/05/2004,2387 2165 3070,True,True,True,True
img_1300.png,tampered,,02/40/0022,,False,True,False,False
img_1302.png,tampered,Ryan Lee,04/17/1834,4354 2369 9075,True,True,True,True
img_1305.png,tampered,Alejandro Vasquez,23/04/2007,9208 1863 8177,True,True,True,True
img_1306.png,tampered,James Morris,02/02/1968,1533 8000 6885,True,True,True,True
img_1308.png,tampered,Angelica Baxter,30/07/1974,4933 8800 1288,True,True,True,True
img_1310.png,tampered,,1701170,,False,False,False,False
img_1311.png,tampered,CodyGaines,24/10/1891,5494 6448 7527,True,True,True,True
img_1312.png,tampered,Carrie Howell,12/07/1891,2918 2648 1239,True,True,True,True
img_1315.png,tampered,Andrea Maddox,11/09/1990,3631 9851 7087,True,True,True,True
img_1317.png,tampered,Jennifer Fitzgerald,24/02/1897,8138 3923 1085,True,True,True,True
img_1318.png,tampered,,,,False,False,False,False
img_1319.png,tampered,Thomas Scott,21/05/1977,8040 8614 6058,True,True,True,True
img_132.png,tampered,,14/12/9702,,False,True,False,False
img_1320.png,tampered,,,,False,False,False,False
img_1321.png,tampered,,10/01/1898,2188 1317 9800,False,True,True,False
img_1322.png,tampered,Bryan Patterson,06/08/1968,2061 9830 3995,True,True,True,True
img_1323.png,tampered,Travis Hogan,10/05/2000,8868 3973 9667,True,True,True,True
img_1324.png,tampered,,14/05/1884,1409 2443 4702,False,True,True,False
img_1326.png,tampered,,21/04/2003,1645 5664 5769,False,True,True,False
img_1328.png,tampered,,1408200,,False,False,False,False
img_1329.png,tampered,Kelly White,21/08/1998,3867 3591 8045,True,True,True,True
img_133.png,tampered,,,,False,False,False,False
img_1330.png,tampered,Jassica Franklin,19/02/1981,3248 9928 6140,True,True,True,True
img_1331.png,tampered,Michelle Hunter,13/12/1979,1541 4174 2241,True,True,True,True
img_1332.png,tampered,Jaffray Wilson,19/11/1865,3403 6129 1755,True,True,True,True
img_1333.png,tampered,Sarah Rowe,02/04/1977,5928 2821 3078,True,True,True,True
img_1334.png,tampered,,23/07/2000,,False,True,False,False
img_1335.png,tampered,,,,False,False,False,False
img_1336.png,tampered,,18/09/1977,,False,True,False,False
img_1337.png,tampered,,13/04/1897,,False,True,False,False
img_1338.png,tampered,,,,False,False,False,False
img_1339.png,tampered,Jacob Dutly,24/01/1897,6031 3426 5098,True,True,True,True
img_134.png,tampered,Matthew White,11/12/1974,3351 5196 2922,True,True,True,True
img_1340.png,tampered,,21/02/3975,,False,True,False,False
img_1341.png,tampered,CrstalGutierrez,26/08/1834,9845 1269 6843,True,True,True,True
img_1342.png,tampered,Cynthia Gonzales,16/06/1893,3306 5514 2161,True,True,True,True
img_1343.png,tampered,,71/01/6611,7101 6611 3510,False,True,True,False
img_1344.png,tampered,,16/07/1889,4124 1101 9107,False,True,True,False
img_1345.png,tampered,Larry Brock,26/10/1884,6039 7463 4748,True,True,True,True
img_1349.png,tampered,Crystal Carroll,11/12/1977,6921 9085 3475,True,True,True,True
img_135.png,tampered,Leah Turner,22/08/1888,,True,True,False,False
img_1350.png,tampered,Zachary Lynn,18/05/1892,2631 1845 4668,True,True,True,True
img_1351.png,tampered,,17/03/1974,,False,True,False,False
img_1352.png,tampered,,12/10/1897,,False,True,False,False
img_1353.png,tampered,John Carter,01/05/1881,,True,True,False,False
img_1354.png,tampered,Richard Edwards,17/06/1967,2434 2607 2728,True,True,True,True
img_1355.png,tampered,Sean Mayer,16/03/1971,8884 4800 8679,True,True,True,True
img_1357.png,tampered,,19/12/1994,,False,True,False,False
img_1358.png,tampered,Robin Morgan,17/10/1868,8769 9342 3419,True,True,True,True
img_1359.png,tampered,Lauren Jennings,10/08/2000,6290 4890 6204,True,True,True,True
img_1360.png,tampered,,25/03/1887,6924 4097 4871,False,True,True,False
img_1361.png,tampered,,22/08/2976,,False,True,False,False
img_1362.png,tampered,Gerald Daniels,16/08/1891,6478 4019 4775,True,True,True,True
img_1363.png,tampered,Alejandra Perez,21/01/1882,8157 9719 8283,True,True,True,True
img_1364.png,tampered,,21/12/9788,,False,True,False,False
img_1365.png,tampered,,12/01/0785,,False,True,False,False
img_1368.png,tampered,Fred Maddox,16/03/1971,,True,True,False,False
img_1369.png,tampered,,24/10/1898,,False,True,False,False
img_137.png,tampered,Bonnie Stone,,4867 9479 1557,True,False,True,False
img_1370.png,tampered,Jaech Andenon,00/80/1031,0200 2508 1987,True,True,True,True
img_1371.png,tampered,Drwn Cacerza,44/01/4104,,True,True,False,False
img_1372.png,tampered,Robert Flynn,30/17/1888,6701 6755 5233,True,True,True,True
img_1373.png,tampered,Gary Fields,18/07/1971,,True,True,False,False
img_1374.png,tampered,,13/12/9976,,False,True,False,False
img_1375.png,tampered,,31/03/1265,,False,True,False,False
img_1376.png,tampered,,,,False,False,False,False
img_1379.png,tampered,Shannon Black,01/05/1984,7395 9364 2128,True,True,True,True
img_1382.png,tampered,Duane Harding,26/06/1867,,True,True,False,False
img_1383.png,tampered,,,,False,False,False,False
img_1385.png,tampered,Fernando Watts,11/04/1968,3982 6417 5131,True,True,True,True
img_1387.png,tampered,Douglas Bush,,3307 4305 2288,True,False,True,False
img_1388.png,tampered,Abn Core,2192518,,True,False,False,False
img_1389.png,tampered,,03/01/9974,,False,True,False,False
img_139.png,tampered,,90/11/0978,,False,True,False,False
img_1390.png,tampered,,02/03/1889,7013 1262 6220,False,True,True,False
img_1391.png,tampered,Carol Whitaker,12/11/2005,2332 7788 3425,True,True,True,True
img_1392.png,tampered,Angela Warner,17/04/1898,3067 2842 2335,True,True,True,True
img_1393.png,tampered,,19/08/1991,,False,True,False,False
img_1394.png,tampered,,,,False,False,False,False
img_1395.png,tampered,,,,False,False,False,False
img_1396.png,tampered,James Walton,27/11/1971,2796 3534 7723,True,True,True,True
img_1397.png,tampered,David Martin,29/06/1897,5267 6493 9824,True,True,True,True
img_14.png,tampered,Ashley Williamson,28/07/1975,8469 1219 8283,True,True,True,True
img_1400.png,tampered,Mason Jacobs,10/06/1886,6562 2365 4899,True,True,True,True
img_1401.png,tampered,,21/01/4902,,False,True,False,False
img_1404.png,tampered,,26/08/2004,,False,True,False,False
img_1405.png,tampered,Hannah Mccullough,09/12/1880,3250 2002 7240,True,True,True,True
img_1406.png,tampered,Christine Smith,03/12/2003,,True,True,False,False
img_1407.png,tampered,Kristine Mitchell,19/04/1976,4988 3687 7368,True,True,True,True
img_1408.png,tampered,Mark Alexander,30/01/1897,3878 3954 4339,True,True,True,True
img_1409.png,tampered,,07/12/1973,,False,True,False,False
img_1410.png,tampered,,,,False,False,False,False
img_1411.png,tampered,Jack Little,13/02/1976,8580 8808 6726,True,True,True,True
img_1412.png,tampered,Jack Meclure,05/02/1867,3022 3428 1477,True,True,True,True
img_1413.png,tampered,Brianna Hall,30/03/1894,,True,True,False,False
img_1414.png,tampered,,0708228,,False,False,False,False
img_1416.png,tampered,Samah James,14/09/1984,4092 2824 5938,True,True,True,True
img_1417.png,tampered,Richard Hurst,08/01/1970,8184 5089 2464,True,True,True,True
img_1418.png,tampered,,03/08/1972,8446 2637 2444,False,True,True,False
img_1419.png,tampered,,17/10/7119,4807 8202 1093,False,True,True,False
img_142.png,tampered,,,,False,False,False,False
img_1420.png,tampered,Samuel Torres,14/04/2003,8808 7839 2654,True,True,True,True
img_1421.png,tampered,,20/01/2000,6022 3770 8928,False,True,True,False
img_1422.png,tampered,Lynn Hull,30/07/1984,4472 1085 6608,True,True,True,True
img_1423.png,tampered,Richard Smith,01/06/1992,6850 4888 7608,True,True,True,True
img_1424.png,tampered,,,,False,False,False,False
img_1425.png,tampered,Jarry Bowen,16/04/1893,8258 8471 9725,True,True,True,True
img_1426.png,tampered,Victoria Flores,18/05/2003,,True,True,False,False
img_1427.png,tampered,Eric Chaney,08/06/1978,6836 4852 2779,True,True,True,True
img_1428.png,tampered,Michael Rabinsan,,,True,False,False,False
img_143.png,tampered,Richard Harris,22/07/1972,,True,True,False,False
img_1430.png,tampered,,22/02/1994,9789 2278 5744,False,True,True,False
img_1432.png,tampered,,02/05/3977,,False,True,False,False
img_1433.png,tampered,Kurt Johnson,,8585 1127 3624,True,False,True,False
img_1434.png,tampered,Stephanis Adams,20/03/2000,,True,True,False,False
img_1435.png,tampered,Thomas Doyle,57/71/7049,3766 5771 7049,True,True,True,True
img_1436.png,tampered,Mario Anderson,28/07/1975,,True,True,False,False
img_1437.png,tampered,,,,False,False,False,False
img_1438.png,tampered,,29/05/0997,,False,True,False,False
img_144.png,tampered,,1800729,,False,False,False,False
img_1440.png,tampered,Kevin Woodard,,9923 3048 8422,True,False,True,False
img_1441.png,tampered,Denise Miller,02/01/1978,8528 7342 7284,True,True,True,True
img_1443.png,tampered,Gabriel Price,06/07/1974,6555 3208 3959,True,True,True,True
img_1444.png,tampered,Holly Adams,05/06/1891,,True,True,False,False
img_1445.png,tampered,,27/01/2008,,False,True,False,False
img_1446.png,tampered,Gloria Thomas,08/03/1975,2537 8160 4240,True,True,True,True
img_1448.png,tampered,,04/08/1206,,False,True,False,False
img_145.png,tampered,,11/01/2008,,False,True,False,False
img_1451.png,tampered,Christopher Phillips,08/06/1971,8178 8365 7622,True,True,True,True
img_1452.png,tampered,Allison Escobar,02/08/1893,5068 4088 8782,True,True,True,True
img_1453.png,tampered,Eric Murphy,10/07/2008,1577 6740 6284,True,True,True,True
img_1454.png,tampered,Darren Medaniel,06/09/1974,,True,True,False,False
img_1456.png,tampered,,00/01/9974,,False,True,False,False
img_1458.png,tampered,AshleyCarpentear,,,True,False,False,False
img_1459.png,tampered,Lisa Jones,09/01/2008,4841 9187 3255,True,True,True,True
img_146.png,tampered,Caleb Myers,26/04/1890,6773 5358 6898,True,True,True,True
img_1462.png,tampered,Alexander Pearson,18/08/1972,3587 9966 8318,True,True,True,True
img_1465.png,tampered,,06/06/1897,,False,True,False,False
img_1466.png,tampered,,04/07/1899,,False,True,False,False
img_1467.png,tampered,,25/05/2004,,False,True,False,False
img_1468.png,tampered,,19/11/1895,,False,True,False,False
img_147.png,tampered,,10/09/2007,,False,True,False,False
img_1470.png,tampered,Kebay Jones,08/11/2003,8475 9141 6113,True,True,True,True
img_1471.png,tampered,,22/04/1000,0940 4937 9775,False,True,True,False
img_1472.png,tampered,Cynthia Olson,25/05/8228,8067 2505 8228,True,True,True,True
img_1473.png,tampered,Nicholas Davis,13/07/1867,4386 4438 4210,True,True,True,True
img_1476.png,tampered,,2574540,,False,False,False,False
img_1477.png,tampered,,,,False,False,False,False
img_148.png,tampered,Richard Davis,05/11/1891,3485 9561 4218,True,True,True,True
img_1480.png,tampered,,,,False,False,False,False
img_1481.png,tampered,Micheal Gonzalez,14/02/2003,8996 5721 8717,True,True,True,True
img_1482.png,tampered,dake Murray,1419323,,True,False,False,False
img_1483.png,tampered,Jennifer Bonilta,28/03/1888,7000 8066 6985,True,True,True,True
img_1484.png,tampered,,2201170,,False,False,False,False
img_1485.png,tampered,James Nichols,11/04/1970,1534 1596 9084,True,True,True,True
img_1486.png,tampered,Sargio Bailey,18/05/1888,4584 4000 4778,True,True,True,True
img_1487.png,tampered,,02/06/1965,,False,True,False,False
img_1488.png,tampered,,27/10/1887,2522 6089 4500,False,True,True,False
img_149.png,tampered,,22/02/2000,,False,True,False,False
img_1491.png,tampered,,05/01/9282,,False,True,False,False
img_1493.png,tampered,Laura Jones,14/11/1891,8271 4268 5321,True,True,True,True
img_1495.png,tampered,Susan Roberts,16/12/1884,4907 6543 8834,True,True,True,True
img_1496.png,tampered,,,,False,False,False,False
img_1498.png,tampered,,16/04/2002,,False,True,False,False
img_1499.png,tampered,Jill Jones,24/03/1971,1776 9041 9658,True,True,True,True
img_15.png,tampered,Ashley Halay,18/06/1977,2014 2189 8003,True,True,True,True
img_150.png,tampered,,15/28/7970,1439 1528 7970,False,True,True,False
img_1500.png,tampered,,27/03/1985,2332 8724 9091,False,True,True,False
img_1501.png,tampered,,,,False,False,False,False
img_1503.png,tampered,Clawe Galego,13/01/7242,,True,True,False,False
img_1504.png,tampered,Victoria Flores,16/09/1889,1144 5910 5010,True,True,True,True
img_1505.png,tampered,,22/08/2978,,False,True,False,False
img_1506.png,tampered,,,,False,False,False,False
img_1507.png,tampered,Brian Ho,18/07/2000,7905 5579 8071,True,True,True,True
img_1508.png,tampered,Adam Davis,02/12/1897,,True,True,False,False
img_1509.png,tampered,Joshua Larson,08/06/1880,4136 5274 2437,True,True,True,True
img_151.png,tampered,Lee Johnson,23/08/1881,6973 2040 6380,True,True,True,True
img_1511.png,tampered,Adam Poman,04/03/1895,6290 6501 4083,True,True,True,True
img_1512.png,tampered,Sarah King,04/02/1978,5436 5637 4433,True,True,True,True
img_1513.png,tampered,Christopher Kane,07/12/1882,2804 2825 1804,True,True,True,True
img_1514.png,tampered,Caitlin Weber,14/08/1889,3399 2007 5448,True,True,True,True
img_1516.png,tampered,,,,False,False,False,False
img_1518.png,tampered,Kathy Cowan,12/11/1980,7957 1572 6454,True,True,True,True
img_1519.png,tampered,Daniel Page,20/05/1974,2057 5605 5881,True,True,True,True
img_152.png,tampered,Dr,19/08/1974,4536 1841 9059,True,True,True,True
img_1520.png,tampered,Jordan Graham,29/17/1974,4344 1920 6549,True,True,True,True
img_1521.png,tampered,Devin Wright,11/03/1969,4494 1888 2402,True,True,True,True
img_1524.png,tampered,,00/80/2041,8540 0179 0513,False,True,True,False
img_1526.png,tampered,Quan Uory,39/08/2792,,True,True,False,False
img_1527.png,tampered,Aaron Potter,22/02/2005,1645 6233 2560,True,True,True,True
img_1529.png,tampered,Jessica Jimenez,01/11/1882,6691 9788 9828,True,True,True,True
img_1532.png,tampered,Austin Jackson,10/01/1969,8753 5741 2595,True,True,True,True
img_1533.png,tampered,Dawn ledonakl,02/09/1982,1183 9642 9222,True,True,True,True
img_1534.png,tampered,,,,False,False,False,False
img_1535.png,tampered,,07/04/1976,,False,True,False,False
img_1536.png,tampered,,31/03/2005,,False,True,False,False
img_1537.png,tampered,,16/11/1895,7438 1694 8748,False,True,True,False
img_1538.png,tampered,Stephanis Parker,28/10/1965,,True,True,False,False
img_1539.png,tampered,,28/04/1888,,False,True,False,False
img_154.png,tampered,,00/80/4041,,False,True,False,False
img_1540.png,tampered,Nathaniel Jackson,05/08/1974,4363 2365 1885,True,True,True,True
img_1541.png,tampered,,27/10/1968,,False,True,False,False
img_1542.png,tampered,,01/02/9797,,False,True,False,False
img_1543.png,tampered,,,,False,False,False,False
img_1544.png,tampered,,,,False,False,False,False
img_1545.png,tampered,Ruth Webb,12/01/1898,6571 6233 3161,True,True,True,True
img_1546.png,tampered,,19/08/1965,,False,True,False,False
img_1547.png,tampered,Rita White,30/11/1972,6959 9570 3692,True,True,True,True
img_1548.png,tampered,,14/08/2007,,False,True,False,False
img_1549.png,tampered,,39/04/2979,,False,True,False,False
img_155.png,tampered,Blake Austin,18/12/1971,,True,True,False,False
img_1550.png,tampered,,26/84/8071,2684 8071 1685,False,True,True,False
img_1552.png,tampered,Bill Clayton,13/12/1891,7159 4968 7907,True,True,True,True
img_1553.png,tampered,Vareaa Tyter,,,True,False,False,False
img_1554.png,tampered,,,,False,False,False,False
img_1555.png,tampered,Felicia Hodge,04/09/1977,8692 3688 2338,True,True,True,True
img_1557.png,tampered,Caroline Carter,28/04/1993,8862 6900 7123,True,True,True,True
img_1558.png,tampered,,17/06/9975,7422 0795 0571,False,True,True,False
img_1559.png,tampered,,12/02/1974,,False,True,False,False
img_156.png,tampered,Robert Richardson,13/09/1891,1987 7103 4884,True,True,True,True
img_1560.png,tampered,Miranda Andrews,16/05/1891,1644 2838 6941,True,True,True,True
img_1561.png,tampered,,29/01/1883,,False,True,False,False
img_1562.png,tampered,Patricia Lyons,12/10/1975,2112 7887 5248,True,True,True,True
img_1564.png,tampered,Christopher Johnson,19/05/1892,9189 9206 1764,True,True,True,True
img_1566.png,tampered,,05/01/2005,8215 2400 1921,False,True,True,False
img_1567.png,tampered,Patricia Jones,28/07/1868,4521 6402 4481,True,True,True,True
img_1568.png,tampered,daeph Ries,08/01/9975,,True,True,False,False
img_1569.png,tampered,,11/01/2004,,False,True,False,False
img_157.png,tampered,,03/01/1894,,False,True,False,False
img_1570.png,tampered,,94/12/9979,,False,True,False,False
img_1571.png,tampered,Teresa Smith,24/09/1999,2143 9563 6087,True,True,True,True
img_1575.png,tampered,hetania Jones,30/12/1979,3753 1814 7326,True,True,True,True
img_1578.png,tampered,Donna Mecclain,25/10/3188,,True,True,False,False
img_1579.png,tampered,Jacqueline West,62/38/8944,6925 6238 8944,True,True,True,True
img_158.png,tampered,,09/04/1979,,False,True,False,False
img_1580.png,tampered,,1801188,,False,False,False,False
img_1581.png,tampered,,,,False,False,False,False
img_1582.png,tampered,Wendy Collins,19/03/1881,4049 8781 8214,True,True,True,True
img_1583.png,tampered,,81/08/2797,,False,True,False,False
img_1584.png,tampered,,,,False,False,False,False
img_1586.png,tampered,Marvin Curtis,25/04/1971,6461 7377 9972,True,True,True,True
img_1592.png,tampered,Edward Accsta,21/11/1882,3050 8075 4201,True,True,True,True
img_1593.png,tampered,,10/05/1893,,False,True,False,False
img_1594.png,tampered,John Alvarez,16/12/1978,1655 3311 7784,True,True,True,True
img_1595.png,tampered,,,,False,False,False,False
img_1596.png,tampered,,,,False,False,False,False
img_1597.png,tampered,,,,False,False,False,False
img_1598.png,tampered,James Rush DDS,17/06/1973,9766 3813 9332,True,True,True,True
img_1599.png,tampered,,09/08/2003,,False,True,False,False
img_16.png,tampered,Jeremiah Blake,17/80/8169,,True,True,False,False
img_160.png,tampered,,24/01/1125,,False,True,False,False
img_1600.png,tampered,,16/04/5799,,False,True,False,False
img_1601.png,tampered,Philip Santos,05/12/2005,2001 5708 4923,True,True,True,True
img_1602.png,tampered,,16/02/1891,,False,True,False,False
img_1603.png,tampered,Angela Shaw,25/01/2007,7268 2648 4202,True,True,True,True
img_1604.png,tampered,Eric Smith,07/01/0973,5230 5104 8490,True,True,True,True
img_1606.png,tampered,Lisa Carter,08/05/1898,8042 8898 1454,True,True,True,True
img_1607.png,tampered,Michael Sweeney,18/09/2001,1522 2763 9207,True,True,True,True
img_1608.png,tampered,Jordan Conner,29/08/1888,6780 9711 7808,True,True,True,True
img_1609.png,tampered,,28/06/1968,,False,True,False,False
img_1611.png,tampered,Carlos Garcia,63/14/6554,6314 6554 1665,True,True,True,True
img_1612.png,tampered,Matthew Diaz,16/02/1971,6770 6440 2225,True,True,True,True
img_1613.png,tampered,,71/05/2007,,False,True,False,False
img_1614.png,tampered,,19/01/1265,,False,True,False,False
img_1615.png,tampered,Carmen Kelly,26/06/1968,2728 2125 6962,True,True,True,True
img_1616.png,tampered,,23/08/1976,,False,True,False,False
img_1617.png,tampered,Julia Washington,04/12/2003,4932 8473 3477,True,True,True,True
img_1618.png,tampered,April Thomas,10/08/1880,,True,True,False,False
img_1619.png,tampered,Anna Peed,07/01/1887,7985 7815 7592,True,True,True,True
img_1620.png,tampered,Maria Ross,26/11/1977,7100 8715 9545,True,True,True,True
img_1622.png,tampered,Scott Shay,14/03/1976,6242 1059 8990,True,True,True,True
img_1623.png,tampered,Jonathan Baker,20/03/1898,4287 2547 5745,True,True,True,True
img_1624.png,tampered,,17/17/1885,,False,True,False,False
img_1625.png,tampered,Curtts Hall,14/06/1867,7008 4585 4174,True,True,True,True
img_1626.png,tampered,,11/07/7200,6372 0777 0917,False,True,True,False
img_163.png,tampered,Haley Wong,27/01/2008,3098 1483 6148,True,True,True,True
img_1630.png,tampered,,1042978,,False,False,False,False
img_1631.png,tampered,,,,False,False,False,False
img_1632.png,tampered,,26/10/2003,,False,True,False,False
img_1633.png,tampered,Stephania Nixon,07/06/1972,3550 5627 3086,True,True,True,True
img_1634.png,tampered,UacharyCteyon,,,True,False,False,False
img_1636.png,tampered,Madison Bullock,26/04/1883,5498 1157 3961,True,True,True,True
img_1637.png,tampered,,22/02/7788,,False,True,False,False
img_1638.png,tampered,Kent Frazier,07/11/1967,7347 2441 9334,True,True,True,True
img_1639.png,tampered,,,,False,False,False,False
img_1640.png,tampered,,14/02/1208,,False,True,False,False
img_1641.png,tampered,,12/11/4981,,False,True,False,False
img_1643.png,tampered,Kelly Bowman,12/12/1898,2887 4720 4419,True,True,True,True
img_1645.png,tampered,,09/12/1971,2022 8327 5702,False,True,True,False
img_1646.png,tampered,,,,False,False,False,False
img_1647.png,tampered,Michael Harris,22/11/1974,4401 6203 3391,True,True,True,True
img_1649.png,tampered,Robert Havkins,03/04/1891,7273 4040 6864,True,True,True,True
img_165.png,tampered,Jarry Leblanc,04/01/1898,,True,True,False,False
img_1650.png,tampered,Hannah Stevens,26/11/1982,4867 7256 8308,True,True,True,True
img_1651.png,tampered,Cynthia Walters,27/11/1890,1071 3172 1239,True,True,True,True
img_1652.png,tampered,,02/01/9707,,False,True,False,False
img_1653.png,tampered,,22/07/1702,2714 1139 0072,False,True,True,False
img_1654.png,tampered,,04/04/2975,7004 1657 0032,False,True,True,False
img_1656.png,tampered,Jason Finley,27/08/2002,1221 1974 6642,True,True,True,True
img_1657.png,tampered,,14/02/9707,,False,True,False,False
img_1658.png,tampered,,08/12/1868,,False,True,False,False
img_166.png,tampered,Lori Li,,6480 4663 1691,True,False,True,False
img_1660.png,tampered,,14/00/9978,,False,True,False,False
img_1661.png,tampered,,01/01/0905,,False,True,False,False
img_1662.png,tampered,,26/02/1887,,False,True,False,False
img_1663.png,tampered,Franklin Salazar,24/04/1965,8978 4332 8170,True,True,True,True
img_1664.png,tampered,,29/06/1975,2859 7017 1084,False,True,True,False
img_1665.png,tampered,,39/03/1978,,False,True,False,False
img_1666.png,tampered,LouisCarlson,22/10/1834,9831 4331 7492,True,True,True,True
img_1667.png,tampered,Sarah Wood,21/04/1898,,True,True,False,False
img_1668.png,tampered,Sarah Webb,30/01/1892,5409 5147 9249,True,True,True,True
img_1669.png,tampered,,2206905,,False,False,False,False
img_167.png,tampered,,23/04/1898,,False,True,False,False
img_1670.png,tampered,,02/08/1865,4254 4789 3716,False,True,True,False
img_1671.png,tampered,Tina Larson,16/06/2008,8442 4765 1874,True,True,True,True
img_1672.png,tampered,John Davis,10/06/1899,6333 7365 5273,True,True,True,True
img_1673.png,tampered,RobertGarza,01/03/1885,4220 3055 3310,True,True,True,True
img_1674.png,tampered,Christopher Stevens,90/71/5844,9071 5844 7218,True,True,True,True
img_1676.png,tampered,Debra Arellano,27/08/1965,,True,True,False,False
img_1678.png,tampered,Jutia Johnson,18/04/1978,8128 1804 6241,True,True,True,True
img_1679.png,tampered,William Hubbard,,2600 7117 2063,True,False,True,False
img_168.png,tampered,,16/01/1899,,False,True,False,False
img_1683.png,tampered,Mr,22/04/2000,2785 6082 8237,True,True,True,True
img_1684.png,tampered,Anthony Dickerson,25/10/2000,3728 7849 5509,True,True,True,True
img_1685.png,tampered,William Cortez,28/09/1869,,True,True,False,False
img_1686.png,tampered,Dustin Gutierrez,17/10/1893,7600 1581 3658,True,True,True,True
img_1687.png,tampered,Jeffrey Dunn,12/11/1867,1749 4341 3194,True,True,True,True
img_1688.png,tampered,,,,False,False,False,False
img_1689.png,tampered,,,,False,False,False,False
img_169.png,tampered,,7249175,,False,False,False,False
img_1690.png,tampered,Carmen Williams,29/07/2008,,True,True,False,False
img_1691.png,tampered,,,,False,False,False,False
img_1692.png,tampered,Ruth Frye,23/01/1899,7350 4568 7324,True,True,True,True
img_1694.png,tampered,,23/03/1702,,False,True,False,False
img_1695.png,tampered,,18/01/1897,,False,True,False,False
img_1696.png,tampered,Randy Hurley,08/08/1968,7373 3492 8178,True,True,True,True
img_1698.png,tampered,Justin Ward,16/01/2002,2088 6763 5702,True,True,True,True
img_1699.png,tampered,,12/03/1974,6448 2283 9574,False,True,True,False
img_17.png,tampered,dos Griffin,02/01/1889,7698 3613 5024,True,True,True,True
img_170.png,tampered,,30/03/1866,2278 4572 2315,False,True,True,False
img_1700.png,tampered,,01/06/1280,,False,True,False,False
img_1702.png,tampered,Scott Hernandez,19/05/1973,7153 6175 7769,True,True,True,True
img_1703.png,tampered,Matthew Roberson,02/07/1973,7938 8894 9175,True,True,True,True
img_1704.png,tampered,Melanie Bates,18/03/1892,2768 1879 2731,True,True,True,True
img_1705.png,tampered,Hunter Hartman,13/03/2001,6186 4839 4975,True,True,True,True
img_1706.png,tampered,,09/02/9280,0073 2008 1978,False,True,True,False
img_1707.png,tampered,Roberta Williams,23/05/1898,8984 7088 5774,True,True,True,True
img_1709.png,tampered,Corey Meyer,,,True,False,False,False
img_171.png,tampered,,,,False,False,False,False
img_1711.png,tampered,Melinda Jones,15/06/2000,,True,True,False,False
img_1713.png,tampered,Joshua Barrett,03/10/1892,6831 7531 9643,True,True,True,True
img_1715.png,tampered,,11/04/2000,,False,True,False,False
img_1716.png,tampered,,18/08/1994,,False,True,False,False
img_1717.png,tampered,Donald Todd,21/03/1965,1795 1238 7831,True,True,True,True
img_1718.png,tampered,,16/02/1895,,False,True,False,False
img_1719.png,tampered,,,,False,False,False,False
img_172.png,tampered,Angel Aipsarctet,92/01/0164,,True,True,False,False
img_1720.png,tampered,,48/11/3843,4811 3843 9735,False,True,True,False
img_1721.png,tampered,JamesGates,06/12/1967,7403 2021 4954,True,True,True,True
img_1722.png,tampered,,,,False,False,False,False
img_1723.png,tampered,JamesGalvan,02/12/1885,8848 2554 4364,True,True,True,True
img_1725.png,tampered,,13/03/1862,8869 7852 4898,False,True,True,False
img_1726.png,tampered,,17/08/2779,,False,True,False,False
img_1728.png,tampered,,,7531 6595 9208,False,False,True,False
img_1729.png,tampered,Mitchell Deleon,15/06/1970,1272 6026 1904,True,True,True,True
img_1730.png,tampered,hr,26/11/1868,6894 2002 5856,True,True,True,True
img_1732.png,tampered,Elizabeth Luna,19/04/1973,9163 9483 5528,True,True,True,True
img_1733.png,tampered,,,,False,False,False,False
img_1734.png,tampered,Carmen Payes,07/01/2005,8153 7815 9568,True,True,True,True
img_1735.png,tampered,Grittany Johnson,23/03/1972,2451 5315 6318,True,True,True,True
img_1737.png,tampered,,,,False,False,False,False
img_1738.png,tampered,,67/06/0973,,False,True,False,False
img_174.png,tampered,Kristin Everett,27/11/1868,1521 3334 7627,True,True,True,True
img_1740.png,tampered,,89/21/0200,,False,True,False,False
img_1741.png,tampered,Ashley Burgess,16/07/1978,3053 3271 7778,True,True,True,True
img_1742.png,tampered,Antonio Murphy,03/01/1883,8126 9497 1637,True,True,True,True
img_1743.png,tampered,,29/01/2000,,False,True,False,False
img_1744.png,tampered,Jacob Ortega,14/11/1978,3102 9517 7869,True,True,True,True
img_1745.png,tampered,Matthew Harmon,26/10/1883,4806 1840 7920,True,True,True,True
img_1747.png,tampered,Rachal Nctean,16/10/1899,1905 5167 5633,True,True,True,True
img_1748.png,tampered,Megan Hacdin,8919135,,True,False,False,False
img_175.png,tampered,hrs Destiny Saven,09/07/1888,6587 6049 4626,True,True,True,True
img_1751.png,tampered,Judy Santana,26/03/1888,8097 1535 7602,True,True,True,True
img_1752.png,tampered,Joooph Garnar,20/01/1869,,True,True,False,False
img_1753.png,tampered,Manuel Ande reon,22/09/2002,2115 9861 1279,True,True,True,True
img_1754.png,tampered,Lauren Barry,08/01/1898,8804 1482 6335,True,True,True,True
img_1755.png,tampered,Rhonda Martin,08/10/1893,8097 7404 7153,True,True,True,True
img_1756.png,tampered,,29/24/2920,6901 2924 2920,False,True,True,False
img_1757.png,tampered,Cindy Phillips,18/12/1970,7762 8713 7142,True,True,True,True
img_1758.png,tampered,,30/01/1895,,False,True,False,False
img_1759.png,tampered,Joseph Miller,12/08/1897,9002 3863 1940,True,True,True,True
img_176.png,tampered,,22/08/1208,,False,True,False,False
img_1760.png,tampered,,,,False,False,False,False
img_1761.png,tampered,,22/03/1265,,False,True,False,False
img_1763.png,tampered,Jeffrey Ball,16/07/1868,3765 2461 6204,True,True,True,True
img_1764.png,tampered,,24/12/2002,8318 5089 5604,False,True,True,False
img_1765.png,tampered,Andrew Boyd,11/12/1977,,True,True,False,False
img_1766.png,tampered,,13/04/1975,,False,True,False,False
img_1768.png,tampered,,07/05/9979,,False,True,False,False
img_1769.png,tampered,Maurice Gibson,18/03/1968,8233 4407 5812,True,True,True,True
img_177.png,tampered,Alison Young,21/07/1992,4128 1087 8671,True,True,True,True
img_1770.png,tampered,,24/02/2001,,False,True,False,False
img_1772.png,tampered,,29/04/2004,,False,True,False,False
img_1773.png,tampered,,22/10/2008,4201 8249 9949,False,True,True,False
img_1775.png,tampered,Sua Dominguez,28/09/1970,3943 9551 9382,True,True,True,True
img_1776.png,tampered,April Travis,27/02/1891,3930 9713 6739,True,True,True,True
img_1777.png,tampered,Dr,18/01/1899,,True,True,False,False
img_1778.png,tampered,Jamia Hutchinson,08/12/1978,3564 1835 7734,True,True,True,True
img_1779.png,tampered,,,,False,False,False,False
img_1780.png,tampered,Jorge Pamirez,19/17/1889,,True,True,False,False
img_1781.png,tampered,Karen Morgan,19/03/1887,4219 8312 5959,True,True,True,True
img_1782.png,tampered,SelenaGriffith,17/07/1883,2376 2345 9976,True,True,True,True
img_1783.png,tampered,,03/08/1888,,False,True,False,False
img_1785.png,tampered,Carly Allison,28/04/1875,1058 5503 5767,True,True,True,True
img_1786.png,tampered,Danial Alvarado,31/07/1998,8873 6848 9292,True,True,True,True
img_1787.png,tampered,,1022008,,False,False,False,False
img_1788.png,tampered,,,,False,False,False,False
img_1789.png,tampered,,,,False,False,False,False
img_179.png,tampered,Jose Richardson,23/07/1975,8416 4996 8379,True,True,True,True
img_1791.png,tampered,Amber Taylor,02/02/1892,5328 4156 9111,True,True,True,True
img_1794.png,tampered,Danial Bates,27/10/1889,8153 8606 1663,True,True,True,True
img_1795.png,tampered,,12/12/1971,,False,True,False,False
img_1796.png,tampered,,00/80/7041,,False,True,False,False
img_1797.png,tampered,,24/06/1979,8922 6342 7689,False,True,True,False
img_1798.png,tampered,John Moore,16/08/2005,7308 8654 9349,True,True,True,True
img_180.png,tampered,Jordan Spencer,20/03/1892,8306 7368 4598,True,True,True,True
img_1801.png,tampered,Timothy weaver,10/09/1888,1558 2848 2277,True,True,True,True
img_1802.png,tampered,,29/04/1880,6238 5915 3673,False,True,True,False
img_1803.png,tampered,,22/00/9904,,False,True,False,False
img_1804.png,tampered,Jason Stone,16/12/1892,9848 3156 7200,True,True,True,True
img_1805.png,tampered,,12/07/8779,,False,True,False,False
img_1806.png,tampered,,18/12/1899,,False,True,False,False
img_1807.png,tampered,,11/10/2003,,False,True,False,False
img_181.png,tampered,,,,False,False,False,False
img_1813.png,tampered,,12/01/1606,,False,True,False,False
img_1814.png,tampered,Desiree Thompson,09/17/1868,2897 6034 9289,True,True,True,True
img_1815.png,tampered,Jason Kim,17/11/1894,6920 9655 4230,True,True,True,True
img_1816.png,tampered,,01/04/1797,,False,True,False,False
img_1817.png,tampered,hlark Coopar,09/09/1892,7831 2817 3330,True,True,True,True
img_1818.png,tampered,,1602200,,False,False,False,False
img_1820.png,tampered,Timothy Morris,18/05/1977,4113 1714 2788,True,True,True,True
img_1821.png,tampered,,,,False,False,False,False
img_1822.png,tampered,Donald Costa,07/02/1898,6349 3327 2264,True,True,True,True
img_1824.png,tampered,,18/10/5189,3828 7870 3338,False,True,True,False
img_1825.png,tampered,,16/04/1974,3868 8859 9504,False,True,True,False
img_1826.png,tampered,,04/03/1888,7737 4330 7215,False,True,True,False
img_1827.png,tampered,AnthonyCook,11/12/2001,7426 3002 6724,True,True,True,True
img_1828.png,tampered,Kim Salas,23/01/1880,4739 7182 1615,True,True,True,True
img_183.png,tampered,,08/08/1887,,False,True,False,False
img_1831.png,tampered,Dillon Nelson,27/01/1968,6776 2767 3671,True,True,True,True
img_1832.png,tampered,Karen Ball,19/12/1976,3158 6198 3724,True,True,True,True
img_1834.png,tampered,,11/08/2004,,False,True,False,False
img_1835.png,tampered,Evan Davis,03/10/1976,8261 3738 9439,True,True,True,True
img_1836.png,tampered,Diane Conner,07/01/1888,1905 9317 2489,True,True,True,True
img_1837.png,tampered,Donald Summers,22/28/8358,6571 2228 8358,True,True,True,True
img_1838.png,tampered,Nicole Cervantes,03/05/1882,7434 2607 5809,True,True,True,True
img_1839.png,tampered,Angeta loan,,,True,False,False,False
img_184.png,tampered,Vanessa Jones,01/17/1881,3370 8149 5898,True,True,True,True
img_1840.png,tampered,oye Zhang,07/02/2008,4288 3083 4162,True,True,True,True
img_1843.png,tampered,,,,False,False,False,False
img_1844.png,tampered,Courtney Walker,26/01/1867,8012 3062 7599,True,True,True,True
img_1848.png,tampered,Michael Boone,15/10/1898,1466 6850 1768,True,True,True,True
img_1849.png,tampered,,25/02/2005,,False,True,False,False
img_185.png,tampered,,05/11/2004,7839 2136 6548,False,True,True,False
img_1851.png,tampered,Ronald Miranda,12/04/2004,6460 4257 6993,True,True,True,True
img_1853.png,tampered,,13/12/9708,,False,True,False,False
img_1854.png,tampered,Kenneth Armstrong,01/14/1871,1496 1371 4101,True,True,True,True
img_1857.png,tampered,Steven Brown,23/03/2004,,True,True,False,False
img_1858.png,tampered,James Morales,10/11/1898,4556 9614 1392,True,True,True,True
img_1859.png,tampered,,41/05/1882,,False,True,False,False
img_186.png,tampered,Kyla Davila,21/01/1968,4476 6037 3177,True,True,True,True
img_1860.png,tampered,Jarry Back,31/10/1974,,True,True,False,False
img_1861.png,tampered,Victoria French,02/12/2008,7494 3777 1649,True,True,True,True
img_1862.png,tampered,,06/02/1972,,False,True,False,False
img_1864.png,tampered,Rabecea Gibson,28/02/1973,,True,True,False,False
img_1865.png,tampered,,,,False,False,False,False
img_1867.png,tampered,,,,False,False,False,False
img_1868.png,tampered,Jennifer Hines,20/05/1893,9150 2143 5522,True,True,True,True
img_1869.png,tampered,Blake Brawn,28/12/2003,4471 4969 9264,True,True,True,True
img_1870.png,tampered,Monica Smith,24/11/1968,3384 3460 1440,True,True,True,True
img_1871.png,tampered,Shari Baird,13/12/1889,,True,True,False,False
img_1872.png,tampered,Dennis Lopez,07/04/1880,8502 4255 5271,True,True,True,True
img_1873.png,tampered,Joseph Young,16/06/1971,5542 3009 4522,True,True,True,True
img_1874.png,tampered,Mrs Kim Cooper,26/10/1890,6075 6385 6461,True,True,True,True
img_1876.png,tampered,Austin Cooper,07/05/1975,8520 8301 5381,True,True,True,True
img_1877.png,tampered,,0087976,0391 0701 3776,False,False,True,False
img_1878.png,tampered,,41/01/2000,,False,True,False,False
img_1879.png,tampered,,81/05/9997,,False,True,False,False
img_188.png,tampered,Michsal Ford,09/05/1984,8085 4743 9635,True,True,True,True
img_1880.png,tampered,Levi Dickson,11/10/1973,,True,True,False,False
img_1881.png,tampered,Jillian Ramirez,28/10/1882,1092 5723 9911,True,True,True,True
img_1882.png,tampered,Shawn HoMD,18/05/1970,,True,True,False,False
img_1883.png,tampered,Podrwy Seach,,,True,False,False,False
img_1885.png,tampered,Chad Martin,12/12/1882,4826 5711 7435,True,True,True,True
img_1886.png,tampered,PetsrGrham,2091884,3015 4694 9768,True,False,True,False
img_1887.png,tampered,Michael Thompson,14/04/1883,6301 2370 9285,True,True,True,True
img_1888.png,tampered,James Eaton,08/12/1898,6011 4518 1684,True,True,True,True
img_189.png,tampered,Mr,18/04/1970,8762 7870 7580,True,True,True,True
img_1890.png,tampered,,9724007,,False,False,False,False
img_1891.png,tampered,Sharon Lewis,16/08/2004,,True,True,False,False
img_1892.png,tampered,lan Novak,09/02/2002,9748 9170 8490,True,True,True,True
img_1893.png,tampered,Jessica Diaz,11/04/1968,8976 5850 9729,True,True,True,True
img_1894.png,tampered,,16/12/9978,,False,True,False,False
img_1895.png,tampered,,,,False,False,False,False
img_1897.png,tampered,,01/11/1899,3578 1360 5075,False,True,True,False
img_1898.png,tampered,Tami Ayate,81/62/2007,,True,True,False,False
img_1899.png,tampered,,03/05/1982,,False,True,False,False
img_19.png,tampered,Morgan Jackson,,,True,False,False,False
img_190.png,tampered,Laure Lee,29/01/1975,7682 7793 4078,True,True,True,True
img_1901.png,tampered,Vincent Jimenez,,,True,False,False,False
img_1902.png,tampered,,,,False,False,False,False
img_1903.png,tampered,Prohp Jusrer,04/04/2265,8785 0129 6181,True,True,True,True
img_1905.png,tampered,,03/02/1831,,False,True,False,False
img_1906.png,tampered,,28/09/2004,,False,True,False,False
img_1907.png,tampered,,14/00/3200,,False,True,False,False
img_1908.png,tampered,,31/08/9703,,False,True,False,False
img_191.png,tampered,Austin Jones,03/04/2000,6385 7052 9426,True,True,True,True
img_1910.png,tampered,,29/01/1975,,False,True,False,False
img_1911.png,tampered,,30/04/2003,,False,True,False,False
img_1912.png,tampered,,18/10/1970,6737 7800 5565,False,True,True,False
img_1913.png,tampered,Paula Wade,07/10/5197,2878 1273 2415,True,True,True,True
img_1914.png,tampered,,23/09/2008,,False,True,False,False
img_1915.png,tampered,,1705282,,False,False,False,False
img_1916.png,tampered,Anoeta emey,70/01/7705,7001 7705 1932,True,True,True,True
img_1917.png,tampered,Teresa core,14/09/1977,,True,True,False,False
img_1918.png,tampered,,19/01/1976,,False,True,False,False
img_1919.png,tampered,,,,False,False,False,False
img_192.png,tampered,William Buchanan,3945775,,True,False,False,False
img_1920.png,tampered,Debra Perez DVM,14/06/1899,7408 1380 2307,True,True,True,True
img_1921.png,tampered,,08/02/1976,7881 4418 3213,False,True,True,False
img_1922.png,tampered,Joanna Long,07/11/1890,7876 7895 9831,True,True,True,True
img_1923.png,tampered,,,,False,False,False,False
img_1924.png,tampered,,19/01/0694,,False,True,False,False
img_1925.png,tampered,Brandi Lopsz,11/12/1971,6408 7510 4497,True,True,True,True
img_1926.png,tampered,,3108209,,False,False,False,False
img_1927.png,tampered,Corey Osborne,18/06/1888,,True,True,False,False
img_1929.png,tampered,Victor Newman,07/04/1984,,True,True,False,False
img_1930.png,tampered,Connie dams,67/42/9001,3371 6742 9001,True,True,True,True
img_1931.png,tampered,Kenneth Cooper,17/05/1880,3757 1004 3208,True,True,True,True
img_1933.png,tampered,,,,False,False,False,False
img_1934.png,tampered,Steven Danials,18/10/5198,4254 4396 8640,True,True,True,True
img_1937.png,tampered,Michael Guerra,47/62/7998,3084 4762 7998,True,True,True,True
img_1938.png,tampered,Jessica Lee,11/08/1998,,True,True,False,False
img_1939.png,tampered,,2207779,,False,False,False,False
img_194.png,tampered,,04/04/2008,,False,True,False,False
img_1940.png,tampered,,04/01/1992,1016 7077 5664,False,True,True,False
img_1941.png,tampered,Andrew Smith,08/03/1987,8352 5203 9545,True,True,True,True
img_1942.png,tampered,,26/11/1897,6753 5829 4660,False,True,True,False
img_1944.png,tampered,,08/01/9975,,False,True,False,False
img_1945.png,tampered,,23/11/1994,,False,True,False,False
img_1947.png,tampered,,14/01/1968,9866 5373 1722,False,True,True,False
img_1949.png,tampered,,21/11/1883,4157 9371 9027,False,True,True,False
img_195.png,tampered,ShetyCenty,,,True,False,False,False
img_1951.png,tampered,Steven Jackson,16/08/1890,,True,True,False,False
img_1953.png,tampered,Amanda Anderson,20/11/1967,,True,True,False,False
img_1954.png,tampered,Chatter Varese,24/03/2975,,True,True,False,False
img_1955.png,tampered,,40/01/1320,,False,True,False,False
img_1956.png,tampered,Dr,,8856 3548 3358,True,False,True,False
img_1957.png,tampered,Danial Sullivan,22/09/2000,8622 8873 5688,True,True,True,True
img_1958.png,tampered,Saah Boyd,10/04/1994,8086 5015 2483,True,True,True,True
img_1959.png,tampered,Kim Martinez,06/01/2005,,True,True,False,False
img_196.png,tampered,Elizabeth Morton,30/06/1979,8440 8071 3038,True,True,True,True
img_1961.png,tampered,Julie Harvey,26/05/1972,4934 4075 4245,True,True,True,True
img_1962.png,tampered,Mark Mendez,10/01/1885,8938 6006 3323,True,True,True,True
img_1963.png,tampered,,6081977,,False,False,False,False
img_1964.png,tampered,Christina Johnson,13/07/1895,3784 2474 5221,True,True,True,True
img_1965.png,tampered,Dana Makdonado,27/01/1994,6282 8379 3559,True,True,True,True
img_1966.png,tampered,,1022004,,False,False,False,False
img_1969.png,tampered,John Flavers,19/03/1977,1991 5561 6556,True,True,True,True
img_1971.png,tampered,,,1398 5787 1757,False,False,True,False
img_1973.png,tampered,,18/01/0904,,False,True,False,False
img_1974.png,tampered,George Williams,21/08/1892,7239 5253 4738,True,True,True,True
img_1975.png,tampered,Victoria Smith,,3838 1293 4176,True,False,True,False
img_1976.png,tampered,,,4989 0919 2752,False,False,True,False
img_1977.png,tampered,Jeffrey Black,07/06/1893,1748 9425 9340,True,True,True,True
img_1978.png,tampered,Debra Nobia,48/94/9603,4894 9603 1178,True,True,True,True
img_1979.png,tampered,James Harris,24/09/1884,4828 1159 5983,True,True,True,True
img_198.png,tampered,,13/05/1890,,False,True,False,False
img_1980.png,tampered,Amy Martin,28/03/1976,3833 5514 2969,True,True,True,True
img_1981.png,tampered,,28/12/9209,,False,True,False,False
img_1983.png,tampered,Jordan Martin,13/11/1973,8851 4872 9438,True,True,True,True
img_1984.png,tampered,Justin Fisher,22/04/1889,8396 7768 9268,True,True,True,True
img_1985.png,tampered,Katie Boyd,14/10/1892,4888 9753 6354,True,True,True,True
img_1987.png,tampered,Samah Wiley,10/08/1885,7598 7666 2339,True,True,True,True
img_1988.png,tampered,,23/02/1980,,False,True,False,False
img_1989.png,tampered,Kaihleen Cooke,21/12/2004,3136 7248 7295,True,True,True,True
img_199.png,tampered,fshley Villanueva,24/02/1888,,True,True,False,False
img_1990.png,tampered,,,,False,False,False,False
img_1991.png,tampered,James Smith,18/05/1897,8407 7766 1861,True,True,True,True
img_1992.png,tampered,Debra Schwartz,19/09/1971,,True,True,False,False
img_1993.png,tampered,,9879720,,False,False,False,False
img_1994.png,tampered,James Romero,04/09/1890,1868 3667 6921,True,True,True,True
img_1997.png,tampered,,,,False,False,False,False
img_2.png,tampered,Richael Torres,30/07/1891,8236 9797 6129,True,True,True,True
img_20.png,tampered,,41/01/1400,,False,True,False,False
img_2000.png,tampered,,04/02/9265,,False,True,False,False
img_2001.png,tampered,,12/00/9973,,False,True,False,False
img_2002.png,tampered,Jonathan Robertson,01/03/1887,2586 2688 9848,True,True,True,True
img_2003.png,tampered,,6009973,,False,False,False,False
img_2004.png,tampered,Erik Peynolds,29/01/1887,5940 6160 4731,True,True,True,True
img_2005.png,tampered,,14/03/2265,,False,True,False,False
img_2006.png,tampered,,31/10/1968,7394 1700 8707,False,True,True,False
img_2008.png,tampered,,,,False,False,False,False
img_2009.png,tampered,John Thompean,19/09/1973,1314 4700 9179,True,True,True,True
img_2012.png,tampered,Jettrey Ball,30/12/1888,3278 4527 9628,True,True,True,True
img_2013.png,tampered,Wanda Hunt,04/07/1972,7330 5639 5365,True,True,True,True
img_2016.png,tampered,,16/09/1884,,False,True,False,False
img_2017.png,tampered,Erika Warren,24/04/1888,3551 5113 2958,True,True,True,True
img_2018.png,tampered,,29/12/2003,,False,True,False,False
img_2019.png,tampered,,23/12/2002,,False,True,False,False
img_202.png,tampered,David Wise,18/01/1984,1861 5088 1542,True,True,True,True
img_2020.png,tampered,,28/11/2002,4412 9888 9795,False,True,True,False
img_2022.png,tampered,,,,False,False,False,False
img_2023.png,tampered,Jill Freaman,05/02/1893,8993 1608 5473,True,True,True,True
img_2024.png,tampered,Tamer Prete,14/01/0199,,True,True,False,False
img_2025.png,tampered,Nicholas Wallace,24/09/1898,6859 1003 7599,True,True,True,True
img_2026.png,tampered,,18/02/1985,,False,True,False,False
img_2027.png,tampered,Jennifer Gonzales,15/12/1883,4278 4823 3738,True,True,True,True
img_2028.png,tampered,Sheryl Rodriguez,18/07/1867,3201 8018 7153,True,True,True,True
img_2029.png,tampered,Jamie Walsh,24/03/2008,7171 7822 6603,True,True,True,True
img_203.png,tampered,Melanis Reed,62/72/5765,3186 6272 5765,True,True,True,True
img_2030.png,tampered,,,,False,False,False,False
img_2031.png,tampered,,21/07/2001,,False,True,False,False
img_2032.png,tampered,,17/06/1888,,False,True,False,False
img_2033.png,tampered,Timothy Paul,23/06/1891,9943 2573 2288,True,True,True,True
img_2034.png,tampered,,28/06/1895,,False,True,False,False
img_2035.png,tampered,,17/01/0412,,False,True,False,False
img_2038.png,tampered,Mary Hara,,,True,False,False,False
img_2039.png,tampered,Emma David,08/05/1974,1504 6678 2994,True,True,True,True
img_204.png,tampered,Yesania Hernandez,09/12/2007,7461 7829 8587,True,True,True,True
img_2040.png,tampered,Phyllis Sanders,13/09/1889,6114 8017 1092,True,True,True,True
img_2042.png,tampered,,,,False,False,False,False
img_2045.png,tampered,,,,False,False,False,False
img_2047.png,tampered,,29/03/1967,,False,True,False,False
img_2049.png,tampered,Kayla Martinez,26/08/1885,3739 5864 5490,True,True,True,True
img_205.png,tampered,Kristen Vaga,05/01/1971,,True,True,False,False
img_2050.png,tampered,Emily hiyers,14/10/1978,1427 8847 7431,True,True,True,True
img_2051.png,tampered,,,,False,False,False,False
img_2052.png,tampered,Lisa Rogers,11/05/1883,4769 4816 4623,True,True,True,True
img_2053.png,tampered,,,,False,False,False,False
img_2054.png,tampered,,17/10/1974,,False,True,False,False
img_2055.png,tampered,,51/09/2004,6124 9599 9238,False,True,True,False
img_2056.png,tampered,Juan Brayn,08/10/1883,1231 4910 4354,True,True,True,True
img_2057.png,tampered,Erin Smith,12/08/1984,1914 2479 8126,True,True,True,True
img_2058.png,tampered,,01/02/1893,6395 2374 3867,False,True,True,False
img_2059.png,tampered,Lee Moore,19/17/1978,,True,True,False,False
img_206.png,tampered,Charles Sanchez,16/05/1971,9435 7393 7985,True,True,True,True
img_2060.png,tampered,,01/02/9973,0791 3289 7419,False,True,True,False
img_2061.png,tampered,Linda Roberts,08/08/2002,,True,True,False,False
img_2062.png,tampered,Judith Hill,14/10/1882,3541 3802 9542,True,True,True,True
img_2063.png,tampered,,08/12/9775,,False,True,False,False
img_2064.png,tampered,,,8115 1131 3487,False,False,True,False
img_2065.png,tampered,,08/12/1868,,False,True,False,False
img_2066.png,tampered,,07/05/9977,,False,True,False,False
img_2067.png,tampered,Dr,28/10/2002,8784 4332 2579,True,True,True,True
img_2068.png,tampered,Gloria Hansen,,,True,False,False,False
img_2069.png,tampered,Douglas Garrett,29/17/1897,,True,True,False,False
img_207.png,tampered,,01/02/9280,,False,True,False,False
img_2071.png,tampered,,31/10/1883,6959 3705 5248,False,True,True,False
img_2072.png,tampered,,29/07/1860,,False,True,False,False
img_2074.png,tampered,,,,False,False,False,False
img_2075.png,tampered,,07/03/1975,,False,True,False,False
img_2076.png,tampered,,,,False,False,False,False
img_2077.png,tampered,Tim Cochran,17/11/1882,2037 4354 3813,True,True,True,True
img_2079.png,tampered,Scott Avila,12/17/1889,2765 5432 7647,True,True,True,True
img_208.png,tampered,Sydney Ewing,26/11/2001,5485 7554 4681,True,True,True,True
img_2080.png,tampered,Eric Frey,22/10/1971,3113 4284 6118,True,True,True,True
img_2081.png,tampered,,12/01/0978,,False,True,False,False
img_2082.png,tampered,Lori Johnson,21/10/2004,4093 2047 2243,True,True,True,True
img_2083.png,tampered,Mary Withers,4701220,,True,False,False,False
img_2084.png,tampered,,17/62/1973,,False,True,False,False
img_2085.png,tampered,William Jones,02/10/1973,1792 1372 9003,True,True,True,True
img_2086.png,tampered,,21/12/1965,3777 7797 6181,False,True,True,False
img_2087.png,tampered,,43/14/9200,,False,True,False,False
img_2089.png,tampered,ArialGonzalez,,6053 4496 5680,True,False,True,False
img_2090.png,tampered,Jamie Ramirez,27/11/2008,,True,True,False,False
img_2091.png,tampered,Courtney hilocoy,28/02/1888,5206 2893 9592,True,True,True,True
img_2093.png,tampered,,,,False,False,False,False
img_2094.png,tampered,,16/11/2003,,False,True,False,False
img_2095.png,tampered,Heather Oneal,08/06/1972,3878 6914 4881,True,True,True,True
img_2097.png,tampered,,24/04/1887,,False,True,False,False
img_2098.png,tampered,,25/74/3513,1092 2574 3513,False,True,True,False
img_2099.png,tampered,Tiffany Frost,14/10/1869,4838 1497 3723,True,True,True,True
img_210.png,tampered,Patricia Jones,13/05/1891,,True,True,False,False
img_2100.png,tampered,Victoria Pocales,,2308 2184 2713,True,False,True,False
img_2101.png,tampered,,26/06/2007,,False,True,False,False
img_2102.png,tampered,Albert Willis,03/09/1895,7281 8275 1934,True,True,True,True
img_2103.png,tampered,Michael Koch,02/08/1973,7227 6850 9914,True,True,True,True
img_2104.png,tampered,Brad Robbins,09/04/2001,6248 3973 1486,True,True,True,True
img_2105.png,tampered,Julia Campbell,16/07/1887,1322 2685 6020,True,True,True,True
img_2106.png,tampered,,27/11/1968,,False,True,False,False
img_2107.png,tampered,Jonathan Pamsay,19/04/1991,,True,True,False,False
img_2108.png,tampered,,07/10/9978,,False,True,False,False
img_2109.png,tampered,Eduardo Acavedo,18/11/1973,,True,True,False,False
img_211.png,tampered,Jared Graham,07/10/1890,6904 2507 5394,True,True,True,True
img_2110.png,tampered,William Gatvan,26/05/1897,1850 9957 3489,True,True,True,True
img_2112.png,tampered,JillWeber,30/10/1885,9951 2242 9787,True,True,True,True
img_2113.png,tampered,,,,False,False,False,False
img_2114.png,tampered,,18/08/1988,,False,True,False,False
img_2115.png,tampered,Valerie Gordon,13/01/1979,3113 2763 4908,True,True,True,True
img_2116.png,tampered,,,,False,False,False,False
img_2117.png,tampered,Ecidie Wilson,09/12/1898,8358 1816 2379,True,True,True,True
img_2118.png,tampered,Richard Collins,24/01/1971,4738 7859 4367,True,True,True,True
img_2119.png,tampered,David Casa,30/01/1975,1536 6856 6489,True,True,True,True
img_212.png,tampered,Brandon Brown,30/10/1971,3944 4637 8318,True,True,True,True
img_2121.png,tampered,Leroy Harrison,24/10/1893,9700 7088 6025,True,True,True,True
img_2124.png,tampered,,22/02/2007,,False,True,False,False
img_2125.png,tampered,James Marsh,19/02/1891,,True,True,False,False
img_2126.png,tampered,,14/07/1883,8856 1845 5665,False,True,True,False
img_2127.png,tampered,Melissa Lee,10/04/2008,3275 8307 8770,True,True,True,True
img_2128.png,tampered,Justin Bray,14/02/2001,,True,True,False,False
img_2129.png,tampered,,,,False,False,False,False
img_213.png,tampered,,18/10/1868,,False,True,False,False
img_2131.png,tampered,Stephane Ranchasd,24/11/2008,,True,True,False,False
img_2132.png,tampered,Matthew Mendoza,20/07/1881,4321 3392 2019,True,True,True,True
img_2133.png,tampered,David Bakiwin,,7128 1331 4971,True,False,True,False
img_2134.png,tampered,Meghan Russo,12/11/1970,6043 8002 5204,True,True,True,True
img_2135.png,tampered,,,,False,False,False,False
img_2137.png,tampered,Une Verge,72/31/0079,7231 0079 7841,True,True,True,True
img_2138.png,tampered,,23/03/2007,,False,True,False,False
img_2139.png,tampered,,23/08/1969,,False,True,False,False
img_214.png,tampered,Micholas Barnes,09/07/1867,7663 5371 4885,True,True,True,True
img_2141.png,tampered,John Johncon,08/01/1970,8808 9276 7308,True,True,True,True
img_2142.png,tampered,,03/09/1883,8852 3206 4943,False,True,True,False
img_2143.png,tampered,Christopher Atkins,04/08/1882,9143 4857 4425,True,True,True,True
img_2144.png,tampered,,21/04/1889,,False,True,False,False
img_2145.png,tampered,,32/06/9975,1245 1963 6700,False,True,True,False
img_2146.png,tampered,,,,False,False,False,False
img_2147.png,tampered,Jason Wagner,07/12/1882,8485 6902 5466,True,True,True,True
img_2148.png,tampered,,23/03/2007,6970 6892 0480,False,True,True,False
img_2149.png,tampered,Jeremy Reed,11/02/2007,4189 7538 9883,True,True,True,True
img_215.png,tampered,Samantha Patngquer,,,True,False,False,False
img_2152.png,tampered,Pamela Woods,14/01/8306,,True,True,False,False
img_2153.png,tampered,Veronica Navarro,17/11/1997,4206 1583 7542,True,True,True,True
img_2154.png,tampered,,28/01/1889,6558 6418 3740,False,True,True,False
img_2155.png,tampered,Tammy Jones,28/07/1888,6569 4433 2458,True,True,True,True
img_2157.png,tampered,Alexis Moore,27/10/1189,6133 6931 6088,True,True,True,True
img_2159.png,tampered,Brandon James,26/10/1896,7985 6571 3079,True,True,True,True
img_216.png,tampered,Antonio Gonzalez,26/06/1867,6897 1216 5231,True,True,True,True
img_2160.png,tampered,,25/94/2911,,False,True,False,False
img_2161.png,tampered,Joshua hlochure,27/01/2003,8696 3679 8735,True,True,True,True
img_2162.png,tampered,Thomas Barber,,5258 6160 5159,True,False,True,False
img_2163.png,tampered,,,,False,False,False,False
img_2164.png,tampered,Eddie Foster,14/06/1999,3595 8394 5323,True,True,True,True
img_2165.png,tampered,,,,False,False,False,False
img_2166.png,tampered,ScottGuzman,23/04/1998,8804 8476 7247,True,True,True,True
img_2167.png,tampered,Pairick Mayer,25/10/1984,5370 1808 1176,True,True,True,True
img_2168.png,tampered,KimberlyGareia,07/05/1868,7232 1904 2025,True,True,True,True
img_217.png,tampered,Jennifer Morris DVM,31/05/1973,2252 3912 1061,True,True,True,True
img_2170.png,tampered,Jess,18/08/2002,8572 5413 8274,True,True,True,True
img_2171.png,tampered,Lawrence Best,10/01/2007,4861 1478 6283,True,True,True,True
img_2173.png,tampered,Richard Dixon,07/08/1889,7764 2894 6884,True,True,True,True
img_2175.png,tampered,Melissa Evans,24/06/1888,9084 2170 5379,True,True,True,True
img_2176.png,tampered,John King,27/10/2003,4117 7737 3632,True,True,True,True
img_2177.png,tampered,,17/04/1894,,False,True,False,False
img_2178.png,tampered,Sarah Floyd,09/01/1883,2208 4875 5645,True,True,True,True
img_2179.png,tampered,MichaelGalvan,06/07/1978,9729 2485 5367,True,True,True,True
img_218.png,tampered,Jacob Velez,23/05/1975,6472 6418 3964,True,True,True,True
img_2180.png,tampered,Katie Howard,30/04/1970,8540 3270 3838,True,True,True,True
img_2181.png,tampered,,09/11/1895,,False,True,False,False
img_2182.png,tampered,Maria Parsons,,,True,False,False,False
img_2183.png,tampered,,14/08/2002,,False,True,False,False
img_2184.png,tampered,David Williams,04/05/1974,1250 6295 7180,True,True,True,True
img_2185.png,tampered,Michael Whitney,14/05/1871,6467 1592 8682,True,True,True,True
img_2187.png,tampered,,23/03/1887,,False,True,False,False
img_2189.png,tampered,Barbara Lea,16/11/1887,1128 8417 9024,True,True,True,True
img_219.png,tampered,Riche,11/11/2000,1800 8783 9932,True,True,True,True
img_2190.png,tampered,Soon Lopes,,,True,False,False,False
img_2191.png,tampered,,4072007,,False,False,False,False
img_2192.png,tampered,,27/03/2370,,False,True,False,False
img_2193.png,tampered,Robert Robbins,02/10/2007,,True,True,False,False
img_2195.png,tampered,Jeffrey Alexander,18/17/2008,6743 2834 7039,True,True,True,True
img_2196.png,tampered,Hannah Evans DVM,14/12/2001,6808 3582 3408,True,True,True,True
img_2197.png,tampered,,25/12/9978,,False,True,False,False
img_2198.png,tampered,Christopher Smith,30/03/1968,3792 5102 4334,True,True,True,True
img_2199.png,tampered,,,2687 4865 6780,False,False,True,False
img_220.png,tampered,,79/31/3725,,False,True,False,False
img_2200.png,tampered,Michelle Lopez,01/06/1896,9905 4276 3090,True,True,True,True
img_2201.png,tampered,,10/01/0167,,False,True,False,False
img_2202.png,tampered,Suzanne Fomero,03/17/1887,8495 6429 1244,True,True,True,True
img_2203.png,tampered,Mr,27/03/1972,8625 7065 4075,True,True,True,True
img_2204.png,tampered,Julia Thomas,,3347 1632 7020,True,False,True,False
img_2205.png,tampered,Ashley Faulkner,11/12/2004,4167 8839 9247,True,True,True,True
img_2206.png,tampered,Brooke Brown,,8942 4488 1398,True,False,True,False
img_2207.png,tampered,Barbara Campbell,01/03/1993,2160 2985 8088,True,True,True,True
img_2208.png,tampered,,29/06/1880,,False,True,False,False
img_2209.png,tampered,,04/02/1889,4155 9114 8793,False,True,True,False
img_221.png,tampered,,0419979,,False,False,False,False
img_2210.png,tampered,,05/08/1968,,False,True,False,False
img_2212.png,tampered,Covaigter Ruore,23/90/0997,,True,True,False,False
img_2213.png,tampered,,18/17/1891,,False,True,False,False
img_2214.png,tampered,Teresa Robinson,51/08/1970,4062 5131 8883,True,True,True,True
img_2215.png,tampered,Jennifer Morgan,08/04/1973,8965 8011 5485,True,True,True,True
img_2216.png,tampered,,,,False,False,False,False
img_2218.png,tampered,,32/07/8255,,False,True,False,False
img_2219.png,tampered,,27/04/1999,1780 3168 1993,False,True,True,False
img_2223.png,tampered,Sandra Miller,29/12/2000,2485 6475 7811,True,True,True,True
img_2225.png,tampered,Sandra Wilkerson,16/02/1968,7357 1777 2045,True,True,True,True
img_2226.png,tampered,Eric Roos,42/73/3831,3950 4273 3831,True,True,True,True
img_2227.png,tampered,,29/12/2005,,False,True,False,False
img_2228.png,tampered,NicholasGrean,26/01/2005,2384 5780 5408,True,True,True,True
img_2229.png,tampered,Nancy Lewis,24/07/1978,,True,True,False,False
img_223.png,tampered,Danial Cooper,12/01/2004,3993 3052 1532,True,True,True,True
img_2230.png,tampered,,12/07/8200,,False,True,False,False
img_2232.png,tampered,Saah Lambert,10/10/1885,4587 3828 2507,True,True,True,True
img_2233.png,tampered,Garrett Hamilton,,4189 5238 2628,True,False,True,False
img_2234.png,tampered,Michael Bryant,19/02/1880,6834 9272 6450,True,True,True,True
img_2236.png,tampered,Kenneth Olson MD,29/07/1971,2355 4803 5855,True,True,True,True
img_2237.png,tampered,,19/12/1888,1708 1873 9961,False,True,True,False
img_2238.png,tampered,Matthew Nawman,15/11/1978,7380 4970 4816,True,True,True,True
img_2239.png,tampered,JessicaGreen,27/11/1975,4025 2103 6495,True,True,True,True
img_224.png,tampered,John Milter,05/08/1974,2139 4305 6859,True,True,True,True
img_2240.png,tampered,Hatey Hardin,16/08/2005,5331 2404 1677,True,True,True,True
img_2243.png,tampered,Angela Kirby,05/02/1978,1984 2775 5708,True,True,True,True
img_2244.png,tampered,Michael Hemmandez,14/09/1892,8323 2410 9633,True,True,True,True
img_2245.png,tampered,,22/00/7265,,False,True,False,False
img_2246.png,tampered,Peter Carr,03/09/1973,6308 3123 4774,True,True,True,True
img_2247.png,tampered,,,,False,False,False,False
img_2249.png,tampered,Corey Young,02/02/1885,8485 2249 5281,True,True,True,True
img_225.png,tampered,Albert Bradley,29/12/1898,7244 1055 5779,True,True,True,True
img_2250.png,tampered,,22/08/1200,,False,True,False,False
img_2251.png,tampered,,12/01/9775,,False,True,False,False
img_2252.png,tampered,,24/11/1893,4033 2015 6259,False,True,True,False
img_2253.png,tampered,,,8243 4787 3809,False,False,True,False
img_2254.png,tampered,,,,False,False,False,False
img_2255.png,tampered,,,,False,False,False,False
img_2257.png,tampered,Kim Thomas,23/08/1988,1384 6828 5442,True,True,True,True
img_2258.png,tampered,Alexandra Lozano,18/09/1982,3879 5250 4252,True,True,True,True
img_2259.png,tampered,,05/08/1975,,False,True,False,False
img_226.png,tampered,Stephen Barrett,02/10/1979,4191 7180 1668,True,True,True,True
img_2260.png,tampered,Robert Barnes,13/04/1892,4857 2609 3355,True,True,True,True
img_2262.png,tampered,,25/04/1980,,False,True,False,False
img_2263.png,tampered,,08/07/1882,3038 9933 3059,False,True,True,False
img_2264.png,tampered,,,,False,False,False,False
img_2266.png,tampered,,,,False,False,False,False
img_2267.png,tampered,Jacqueline Woods,02/08/1973,2210 4928 4942,True,True,True,True
img_2268.png,tampered,Jody Frazier,22/04/2005,1353 7045 6114,True,True,True,True
img_227.png,tampered,Michael Morgan,09/02/1975,2469 9889 4954,True,True,True,True
img_2270.png,tampered,Gregory Roberts,25/02/1893,6782 7110 5777,True,True,True,True
img_2271.png,tampered,kcoph Chan,27/10/1898,,True,True,False,False
img_2272.png,tampered,,16/08/2002,,False,True,False,False
img_2273.png,tampered,,23/04/1883,4108 2671 1385,False,True,True,False
img_2274.png,tampered,,05/12/9975,,False,True,False,False
img_2275.png,tampered,,,,False,False,False,False
img_2276.png,tampered,JenniferCole,01/06/1978,4991 5782 2699,True,True,True,True
img_2277.png,tampered,,03/12/1896,,False,True,False,False
img_2278.png,tampered,Christopher Brown,05/11/2007,9284 2192 4328,True,True,True,True
img_228.png,tampered,Amy Simon MD,10/06/1881,6088 4155 3441,True,True,True,True
img_2281.png,tampered,Stephanis Hahn,03/02/1880,2264 3390 4748,True,True,True,True
img_2283.png,tampered,Dr,30/12/1972,8249 9107 9332,True,True,True,True
img_2284.png,tampered,Sephane Nick,,,True,False,False,False
img_2285.png,tampered,Charles Stewart,29/12/1887,,True,True,False,False
img_2286.png,tampered,,,,False,False,False,False
img_2287.png,tampered,,00/83/1032,,False,True,False,False
img_2288.png,tampered,,06/02/1898,4498 7238 5527,False,True,True,False
img_2289.png,tampered,,,,False,False,False,False
img_229.png,tampered,Justin Lambert,16/07/2001,2308 1424 1069,True,True,True,True
img_2290.png,tampered,Kara Murphy,25/09/1882,8008 5400 3848,True,True,True,True
img_2291.png,tampered,William Cenantes,08/07/1885,8205 6497 4485,True,True,True,True
img_2292.png,tampered,Gateiel Burpiny oe,,,True,False,False,False
img_2294.png,tampered,Marcus Martinez,19/03/1898,6808 1424 9288,True,True,True,True
img_2295.png,tampered,hlegan King,38/20/8181,3820 8181 1402,True,True,True,True
img_2296.png,tampered,Glenda Ctort,14/01/0178,4420 0128 9975,True,True,True,True
img_2297.png,tampered,Glo Harper,02/03/1979,,True,True,False,False
img_2298.png,tampered,,19/09/1899,,False,True,False,False
img_2299.png,tampered,Jill Bake,14/04/2004,3551 1293 2057,True,True,True,True
img_23.png,tampered,Alice Whitehead,24/09/1994,3768 6720 4810,True,True,True,True
img_230.png,tampered,Veronica Burns,10/06/1887,8890 8415 7875,True,True,True,True
img_2300.png,tampered,Liss Stevenson,,5182 7857 1274,True,False,True,False
img_2301.png,tampered,David Turner,10/11/1978,3232 6613 2565,True,True,True,True
img_2302.png,tampered,John Mocarthy,20/11/2001,6448 2092 3167,True,True,True,True
img_2303.png,tampered,,28/17/1888,,False,True,False,False
img_2304.png,tampered,Anthony Jones,03/04/1888,,True,True,False,False
img_2306.png,tampered,,00/01/4120,8437 8727 7992,False,True,True,False
img_2308.png,tampered,Henry Hendricks,11/05/1972,9590 5406 4687,True,True,True,True
img_231.png,tampered,,04/10/2005,,False,True,False,False
img_2310.png,tampered,Paul Dalgado,88/33/8748,,True,True,False,False
img_2312.png,tampered,,25/03/1969,,False,True,False,False
img_2313.png,tampered,,,,False,False,False,False
img_2314.png,tampered,Danial Silva,10/08/1898,8102 6151 9451,True,True,True,True
img_2316.png,tampered,Michael Moon,28/04/1992,8214 9029 3083,True,True,True,True
img_2317.png,tampered,Rebecea Anderson,18/04/1883,7402 1421 1104,True,True,True,True
img_2318.png,tampered,,,,False,False,False,False
img_2319.png,tampered,,27/10/1893,8037 8077 9682,False,True,True,False
img_232.png,tampered,,02/10/2001,,False,True,False,False
img_2321.png,tampered,Nicholas Thompson,18/12/2008,9244 9153 9635,True,True,True,True
img_2322.png,tampered,,22/02/1778,,False,True,False,False
img_2323.png,tampered,Amy Craig,14/08/1894,6453 4148 7428,True,True,True,True
img_2325.png,tampered,,,,False,False,False,False
img_2326.png,tampered,Traci Chandler,27/10/1976,,True,True,False,False
img_2327.png,tampered,Ryan Lawson,29/09/1809,,True,True,False,False
img_2328.png,tampered,,27/06/9973,,False,True,False,False
img_2329.png,tampered,,2412200,,False,False,False,False
img_233.png,tampered,,28/02/1972,4419 9538 2910,False,True,True,False
img_2330.png,tampered,Willan Livers,,,True,False,False,False
img_2332.png,tampered,,14/04/2004,4813 7502 4089,False,True,True,False
img_2333.png,tampered,Tameny Paditia,,2897 7000 9141,True,False,True,False
img_2335.png,tampered,Mary Morton,83/84/8480,7462 8384 8480,True,True,True,True
img_2336.png,tampered,,,,False,False,False,False
img_2337.png,tampered,Georpa Witlame,,,True,False,False,False
img_2338.png,tampered,Jutie Milter,07/03/1899,4224 2598 3707,True,True,True,True
img_2339.png,tampered,,11/51/0000,0327 1151 0000,False,True,True,False
img_2340.png,tampered,,14/04/1890,,False,True,False,False
img_2344.png,tampered,,12/09/1868,3915 4727 5789,False,True,True,False
img_2345.png,tampered,,40/01/3170,,False,True,False,False
img_2346.png,tampered,,30/11/1889,8391 4022 1670,False,True,True,False
img_2347.png,tampered,Kenneth Todd,25/01/1968,2751 3632 1034,True,True,True,True
img_2348.png,tampered,Bailey Burke,11/12/1895,4338 9369 6697,True,True,True,True
img_2349.png,tampered,Corey Patton,11/10/1974,8972 3160 9787,True,True,True,True
img_235.png,tampered,,94/01/5444,,False,True,False,False
img_2350.png,tampered,,32/04/9972,,False,True,False,False
img_2351.png,tampered,Jannifer Norris,10/04/1891,1003 2738 6359,True,True,True,True
img_2353.png,tampered,Gary Pena,28/04/1867,3248 9421 3976,True,True,True,True
img_2354.png,tampered,,20/07/7200,,False,True,False,False
img_2355.png,tampered,,08/07/1973,,False,True,False,False
img_2356.png,tampered,Lisa Sharman,16/04/1977,9836 7466 8715,True,True,True,True
img_2357.png,tampered,,01/12/1865,,False,True,False,False
img_2358.png,tampered,RicardoGordon,17/12/1881,9386 5390 9703,True,True,True,True
img_2359.png,tampered,Amber Lee,08/07/2007,6233 2032 2645,True,True,True,True
img_236.png,tampered,Mr,12/01/1888,8060 8899 9354,True,True,True,True
img_2360.png,tampered,hrs Margaret Johnson,19/02/1978,7461 3239 2998,True,True,True,True
img_2361.png,tampered,Jacob Mortis,13/09/1883,8241 4082 2708,True,True,True,True
img_2362.png,tampered,,25/11/2001,6000 8675 1438,False,True,True,False
img_2363.png,tampered,Michalle Svanson,15/02/1970,8988 7380 4651,True,True,True,True
img_2364.png,tampered,Shana Thomas,41/71/3071,2368 4171 3071,True,True,True,True
img_2365.png,tampered,AlexGreen,30/08/1969,1837 2791 7547,True,True,True,True
img_2366.png,tampered,Tanya Maldonado,71/03/1973,6567 9771 3408,True,True,True,True
img_237.png,tampered,,,,False,False,False,False
img_2370.png,tampered,,06/11/1967,1940 4335 5804,False,True,True,False
img_2371.png,tampered,Leslia Gonzalez,,3756 9774 2509,True,False,True,False
img_2373.png,tampered,Samantha Jones,19/08/1890,,True,True,False,False
img_2374.png,tampered,Keith Moore,13/04/1973,,True,True,False,False
img_2375.png,tampered,,39/02/2974,,False,True,False,False
img_2376.png,tampered,,,,False,False,False,False
img_2377.png,tampered,,25/08/1897,,False,True,False,False
img_2378.png,tampered,,,,False,False,False,False
img_238.png,tampered,Thomas Jefferson,08/04/2003,7418 5018 7990,True,True,True,True
img_2380.png,tampered,,27/07/2008,,False,True,False,False
img_2382.png,tampered,Brandon Peterson,01/03/1976,2049 2393 4042,True,True,True,True
img_2383.png,tampered,,22/05/9797,,False,True,False,False
img_2385.png,tampered,,87/19/6291,1490 8719 6291,False,True,True,False
img_2386.png,tampered,Sandra Morsa,02/07/1897,3822 2439 9791,True,True,True,True
img_2387.png,tampered,Katie Paterson,05/06/1898,6731 4251 4711,True,True,True,True
img_2388.png,tampered,Karan Moore,23/08/1887,4998 5447 6125,True,True,True,True
img_2389.png,tampered,Michael Knapp,22/03/2002,2631 1349 5508,True,True,True,True
img_239.png,tampered,,19/07/1880,,False,True,False,False
img_2391.png,tampered,Donna Patrick,28/05/1887,6021 3289 2585,True,True,True,True
img_2392.png,tampered,Timothy Raynatds,20/08/1971,8289 3856 4291,True,True,True,True
img_2393.png,tampered,Cynthia Marin,23/12/1888,1063 8414 4482,True,True,True,True
img_2396.png,tampered,,71/02/2001,8699 4715 7995,False,True,True,False
img_2397.png,tampered,,19/01/0787,,False,True,False,False
img_2398.png,tampered,Danial White,26/08/1867,9874 6112 3517,True,True,True,True
img_2399.png,tampered,Nicole Bradshaw,23/02/1893,3077 2533 6554,True,True,True,True
img_240.png,tampered,Una Perget,,,True,False,False,False
img_2400.png,tampered,,,,False,False,False,False
img_2401.png,tampered,,12/00/7282,,False,True,False,False
img_2402.png,tampered,Richard Robbins,14/05/1833,4120 1079 7742,True,True,True,True
img_2403.png,tampered,James Poxe,11/04/1968,,True,True,False,False
img_2404.png,tampered,Matthew Randolph,23/12/1968,3877 9603 1690,True,True,True,True
img_2405.png,tampered,Olivia Gardner,24/06/1899,8017 1564 5903,True,True,True,True
img_2406.png,tampered,Craig Black,03/11/1891,3194 6963 8858,True,True,True,True
img_2407.png,tampered,Tony Milter,20/31/9076,1530 2031 9076,True,True,True,True
img_2408.png,tampered,Kenneth Barry,30/05/1977,3280 1285 4812,True,True,True,True
img_2409.png,tampered,,,,False,False,False,False
img_241.png,tampered,Benjamin Patel,01/02/2003,3397 8113 3826,True,True,True,True
img_2410.png,tampered,Kimberly Kelly,26/08/1970,7413 9735 7854,True,True,True,True
img_2411.png,tampered,,12/01/9974,,False,True,False,False
img_2412.png,tampered,,17/04/1968,,False,True,False,False
img_2413.png,tampered,Linda Ponos,10/11/2001,4456 9898 5485,True,True,True,True
img_2414.png,tampered,Connie Collins,30/06/1883,5985 6591 8123,True,True,True,True
img_2415.png,tampered,Tim Hall,16/08/1974,7038 5208 1295,True,True,True,True
img_2417.png,tampered,Eric Peterson,24/07/1880,8506 5518 6817,True,True,True,True
img_2419.png,tampered,Laure Pierce,28/12/1890,8939 1169 4569,True,True,True,True
img_242.png,tampered,Robert Perez,25/03/1968,8570 5216 7913,True,True,True,True
img_2420.png,tampered,Benjamin Montes,27/07/1890,2148 1873 7265,True,True,True,True
img_2421.png,tampered,,23/08/2005,6484 1530 8347,False,True,True,False
img_2423.png,tampered,,21/03/1200,,False,True,False,False
img_2425.png,tampered,,12/08/1892,4246 8061 3034,False,True,True,False
img_2426.png,tampered,Justin Herrera,16/11/2005,1488 5041 3961,True,True,True,True
img_2427.png,tampered,Tim Johnson,,3355 8540 5434,True,False,True,False
img_2428.png,tampered,,17/03/1973,6307 6449 2554,False,True,True,False
img_243.png,tampered,CtvaiogterGrdin,,,True,False,False,False
img_2430.png,tampered,Steve Miller,01/07/1880,4357 6805 9699,True,True,True,True
img_2431.png,tampered,Tammie Turner,16/12/1892,,True,True,False,False
img_2432.png,tampered,Greg Miller,04/10/1891,5995 6178 9954,True,True,True,True
img_2433.png,tampered,Catherine Glenn,43/84/6132,7052 4384 6132,True,True,True,True
img_2434.png,tampered,AmberCain,28/05/1969,3448 6445 7367,True,True,True,True
img_2435.png,tampered,Willia Jones,20/12/1891,8531 3083 3488,True,True,True,True
img_2436.png,tampered,Craig Reed,04/11/1971,,True,True,False,False
img_2438.png,tampered,Amy Donowan,23/10/1973,,True,True,False,False
img_2439.png,tampered,Richard Hawkins,01/08/1974,3861 8939 2335,True,True,True,True
img_2440.png,tampered,,05/04/1898,,False,True,False,False
img_2441.png,tampered,John Turner,,8821 5880 1248,True,False,True,False
img_2443.png,tampered,hrs Whitnay hickay,18/01/1868,7834 7597 1084,True,True,True,True
img_2444.png,tampered,Jocelyn Craveford,12/03/1971,,True,True,False,False
img_2445.png,tampered,Heather Weaver,04/09/1904,4948 2200 9493,True,True,True,True
img_2446.png,tampered,,,,False,False,False,False
img_2447.png,tampered,Randy Chambers,02/11/1892,2162 3320 3929,True,True,True,True
img_2448.png,tampered,Coury Cruz,32/03/2000,,True,True,False,False
img_2449.png,tampered,Jaeph James,14/34/9977,,True,True,False,False
img_245.png,tampered,,06/01/9975,,False,True,False,False
img_2450.png,tampered,Kevin Young,14/08/2003,,True,True,False,False
img_2451.png,tampered,Cassandra Hariman,,,True,False,False,False
img_2452.png,tampered,,04/01/2005,,False,True,False,False
img_2453.png,tampered,,24/07/1788,,False,True,False,False
img_2456.png,tampered,,24/12/9978,,False,True,False,False
img_2457.png,tampered,,22/12/1889,8598 5565 6916,False,True,True,False
img_2458.png,tampered,Carl Walton,11/02/1982,,True,True,False,False
img_246.png,tampered,Amanda Jenkins,28/17/1887,8476 1714 5413,True,True,True,True
img_2460.png,tampered,,,,False,False,False,False
img_2461.png,tampered,Samantha Burns,18/07/1892,8253 6519 6598,True,True,True,True
img_2462.png,tampered,Megan Reeves,05/10/1985,1435 8130 5063,True,True,True,True
img_2463.png,tampered,Dawn Ramirez,20/10/1978,6825 6124 1223,True,True,True,True
img_2464.png,tampered,,,,False,False,False,False
img_2465.png,tampered,,0208170,,False,False,False,False
img_2469.png,tampered,,,7522 7608 3597,False,False,True,False
img_247.png,tampered,,10/01/0061,,False,True,False,False
img_2470.png,tampered,Andrea Banson,30/10/1978,2548 5818 4370,True,True,True,True
img_2471.png,tampered,Terry Howe,61/79/0221,,True,True,False,False
img_2472.png,tampered,,04/08/2975,,False,True,False,False
img_2473.png,tampered,,17/02/1971,,False,True,False,False
img_2474.png,tampered,Angel Parsons,,3800 4977 5289,True,False,True,False
img_2475.png,tampered,Omar Smith,03/17/1885,6557 5978 4620,True,True,True,True
img_2476.png,tampered,,,,False,False,False,False
img_2477.png,tampered,,16/09/1888,,False,True,False,False
img_248.png,tampered,Stephanis Miles,11/04/1977,2942 9984 4035,True,True,True,True
img_2480.png,tampered,,26/12/1890,,False,True,False,False
img_2481.png,tampered,Jessica Martin,,6977 4843 2142,True,False,True,False
img_2483.png,tampered,Manuel Gardner,01/11/2002,8166 6525 3122,True,True,True,True
img_2484.png,tampered,Michelle Hamilton MD,26/12/1888,3874 2868 5043,True,True,True,True
img_2486.png,tampered,,08/01/2008,,False,True,False,False
img_2488.png,tampered,,30/01/2007,,False,True,False,False
img_2489.png,tampered,,04/01/1867,,False,True,False,False
img_249.png,tampered,Tiffany Mendoza,30/05/1895,7322 1443 6387,True,True,True,True
img_2491.png,tampered,,10/09/1978,,False,True,False,False
img_2493.png,tampered,Jassica Sandars,21/03/1971,6778 6101 4115,True,True,True,True
img_2494.png,tampered,Mark Hill,16/06/1894,8156 8696 9079,True,True,True,True
img_2496.png,tampered,,04/01/1788,,False,True,False,False
img_2498.png,tampered,,08/11/7297,,False,True,False,False
img_2499.png,tampered,,51/09/1882,,False,True,False,False
img_25.png,tampered,Pamela Armstrong,18/10/1977,,True,True,False,False
img_250.png,tampered,,12/05/1884,,False,True,False,False
img_2500.png,tampered,Samantha Roman,10/03/1868,5476 2595 9199,True,True,True,True
img_2502.png,tampered,Christian Goodman,21/12/1834,9906 5048 7418,True,True,True,True
img_2503.png,tampered,,02/00/1979,,False,True,False,False
img_2504.png,tampered,,20/04/2000,,False,True,False,False
img_2505.png,tampered,James Meyers,19/07/1969,8027 6848 5307,True,True,True,True
img_2506.png,tampered,,,,False,False,False,False
img_2507.png,tampered,,05/11/1976,8861 5556 8762,False,True,True,False
img_2508.png,tampered,Laura Murray,,2808 2663 1767,True,False,True,False
img_2509.png,tampered,Laura Moyer,16/09/1884,,True,True,False,False
img_251.png,tampered,Brian Munoz,22/04/2002,2877 2372 5632,True,True,True,True
img_2510.png,tampered,,27/04/1971,,False,True,False,False
img_2511.png,tampered,,28/06/1994,,False,True,False,False
img_2514.png,tampered,Jeoqueline Lies,05/12/2008,,True,True,False,False
img_2515.png,tampered,Jennifer Wallace,21/11/2008,,True,True,False,False
img_2516.png,tampered,Samantha Barttett,23/08/1893,6980 8653 4951,True,True,True,True
img_2518.png,tampered,,,6061 9235 2927,False,False,True,False
img_2519.png,tampered,,01/07/4970,,False,True,False,False
img_252.png,tampered,Nathaniel Ortiz,14/05/1891,6239 2611 3085,True,True,True,True
img_2520.png,tampered,Jonathan Reed,02/01/1976,7274 4035 3145,True,True,True,True
img_2521.png,tampered,,,,False,False,False,False
img_2522.png,tampered,,18/08/1884,,False,True,False,False
img_2523.png,tampered,,03/04/1989,,False,True,False,False
img_2525.png,tampered,,24/03/1287,,False,True,False,False
img_2526.png,tampered,,03/08/2004,,False,True,False,False
img_2528.png,tampered,,72/74/0064,7274 0064 1774,False,True,True,False
img_2529.png,tampered,Susan Aguirre,07/12/1883,2062 4808 8167,True,True,True,True
img_253.png,tampered,Abigail Zimmerman,13/02/2005,,True,True,False,False
img_2531.png,tampered,Brandi Lawson,28/01/1970,4839 2638 9813,True,True,True,True
img_2534.png,tampered,daeph Colinas,22/01/0694,,True,True,False,False
img_2535.png,tampered,Kristin Hart MD,28/06/1897,5464 8431 6324,True,True,True,True
img_2536.png,tampered,Christina Watson,21/04/1889,4097 6959 6260,True,True,True,True
img_2537.png,tampered,,17/03/2001,,False,True,False,False
img_2538.png,tampered,Joanna dores,03/01/2001,,True,True,False,False
img_2539.png,tampered,Caleb Brennan,19/12/1889,2085 1166 9688,True,True,True,True
img_254.png,tampered,,,,False,False,False,False
img_2540.png,tampered,,,,False,False,False,False
img_2541.png,tampered,,,4967 1917 7052,False,False,True,False
img_2542.png,tampered,Russell Rush,05/04/1893,8477 4250 6272,True,True,True,True
img_2543.png,tampered,,,,False,False,False,False
img_2545.png,tampered,Thomas Anderson,25/10/1865,4335 7463 4479,True,True,True,True
img_2547.png,tampered,,09/01/2004,,False,True,False,False
img_2548.png,tampered,Jacob Feyes,01/02/1888,4031 1505 1542,True,True,True,True
img_2549.png,tampered,April Mueller,14/08/1898,,True,True,False,False
img_255.png,tampered,hr,06/12/1896,,True,True,False,False
img_2550.png,tampered,Michels Brown,31/10/2005,1561 4859 3272,True,True,True,True
img_2551.png,tampered,Alison Soto,06/05/1891,3838 1869 4719,True,True,True,True
img_2552.png,tampered,,,1262 6598 7457,False,False,True,False
img_2553.png,tampered,Christine Burns,05/08/1895,8278 4815 5121,True,True,True,True
img_2554.png,tampered,Anna Juarez,24/09/1883,3897 2555 4907,True,True,True,True
img_2555.png,tampered,Jesse Simpeon,09/12/1898,,True,True,False,False
img_2557.png,tampered,Andrew Lee,28/01/1889,,True,True,False,False
img_2560.png,tampered,,,,False,False,False,False
img_2562.png,tampered,David Banson,20/12/1967,8498 5718 9111,True,True,True,True
img_2563.png,tampered,,,,False,False,False,False
img_2566.png,tampered,Michael Garcia,18/09/1888,7115 1122 9978,True,True,True,True
img_2568.png,tampered,,14/09/1979,4166 9425 9708,False,True,True,False
img_2569.png,tampered,Tyler Hernandez,06/08/1967,8887 2589 7175,True,True,True,True
img_257.png,tampered,Monica Lopez MID,09/03/1975,4525 1820 5421,True,True,True,True
img_2570.png,tampered,Troy Saker,31/08/1972,9449 4179 6171,True,True,True,True
img_2571.png,tampered,David Smith PhD,31/08/2004,4491 5707 8904,True,True,True,True
img_2572.png,tampered,Ashley Riddle,02/03/1834,1556 3104 8735,True,True,True,True
img_2573.png,tampered,Joe Mejia,52/52/7547,6865 5252 7547,True,True,True,True
img_2574.png,tampered,Susan Wood,17/10/1882,2034 7744 9931,True,True,True,True
img_2575.png,tampered,,31/10/2005,,False,True,False,False
img_2576.png,tampered,Denisa Price,01/03/1992,2584 6975 7909,True,True,True,True
img_2577.png,tampered,,32/01/2004,7190 0284 5972,False,True,True,False
img_2578.png,tampered,,4031702,1371 2505 8500,False,False,True,False
img_2579.png,tampered,Patrick Rhodes,05/10/1968,6272 2868 7962,True,True,True,True
img_258.png,tampered,Sandra Alexander,09/11/1968,,True,True,False,False
img_2581.png,tampered,,26/04/2005,,False,True,False,False
img_2583.png,tampered,Edwin Collins,24/03/1887,4004 3595 5578,True,True,True,True
img_2584.png,tampered,Anthony Alten,25/01/1974,,True,True,False,False
img_2585.png,tampered,,20/06/1865,8828 6705 1505,False,True,True,False
img_2586.png,tampered,,,6952 6954 7705,False,False,True,False
img_2588.png,tampered,,,,False,False,False,False
img_2589.png,tampered,Jillian Martinez,12/12/1885,2745 4888 9795,True,True,True,True
img_259.png,tampered,Randy Short,21/08/1893,3705 9165 2802,True,True,True,True
img_2590.png,tampered,,8099300,,False,False,False,False
img_2591.png,tampered,Michael Hudson,24/06/1977,8891 7385 8125,True,True,True,True
img_2592.png,tampered,Taylor Buck,,1809 1725 1990,True,False,True,False
img_2594.png,tampered,Dr,27/08/1968,1305 1498 1993,True,True,True,True
img_2595.png,tampered,Robert Morrison,24/03/2005,1934 2912 9448,True,True,True,True
img_2596.png,tampered,,06/05/1881,,False,True,False,False
img_2599.png,tampered,David Murphy,01/08/1973,2707 9363 4364,True,True,True,True
img_26.png,tampered,Ariana Hurst,31/03/1888,9339 5095 9587,True,True,True,True
img_260.png,tampered,Hoty Vincent,27/70/8097,,True,True,False,False
img_2600.png,tampered,Heather Reed,06/03/1971,5361 9914 1527,True,True,True,True
img_2601.png,tampered,Veronica Rubio,29/08/2004,6451 8031 8038,True,True,True,True
img_2602.png,tampered,,21/03/2002,,False,True,False,False
img_2603.png,tampered,Deborah Walker,13/10/1898,8150 8749 8931,True,True,True,True
img_2604.png,tampered,,17/03/1973,,False,True,False,False
img_2608.png,tampered,,14/02/1895,,False,True,False,False
img_2609.png,tampered,,25/03/1968,6366 9898 7069,False,True,True,False
img_2610.png,tampered,Danial Evans,03/03/2001,8539 7420 5355,True,True,True,True
img_2611.png,tampered,,28/05/1869,,False,True,False,False
img_2613.png,tampered,Matthew King,04/09/1975,2562 6024 1802,True,True,True,True
img_2614.png,tampered,Michael Schmidt,21/08/1866,1013 6899 5643,True,True,True,True
img_2615.png,tampered,Randall Rogers,14/08/1891,6892 8071 6062,True,True,True,True
img_2616.png,tampered,Zachary Lave,13/08/1972,9877 7285 5582,True,True,True,True
img_2617.png,tampered,Dustin Davis,02/05/1898,,True,True,False,False
img_2618.png,tampered,Uchete Turret,,,True,False,False,False
img_2619.png,tampered,Kara Hernandez,,6367 3626 8639,True,False,True,False
img_262.png,tampered,Kyle Smith,42/97/8112,1044 4297 8112,True,True,True,True
img_2621.png,tampered,,10/04/1978,8974 7689 3237,False,True,True,False
img_2622.png,tampered,Kevin Krueger,13/03/2001,8584 6567 8920,True,True,True,True
img_2623.png,tampered,Anthony Hayes,23/10/1880,8435 9057 1774,True,True,True,True
img_2624.png,tampered,Antonio Knight DDS,18/08/1860,6075 6955 2669,True,True,True,True
img_2625.png,tampered,Amber Williams,08/01/1869,4397 6329 8961,True,True,True,True
img_2626.png,tampered,Cindy Williams,19/12/2003,6960 9848 4204,True,True,True,True
img_2627.png,tampered,Chelsea Smith,05/01/1883,,True,True,False,False
img_2628.png,tampered,Amy Pobinson,17/08/1971,3870 6780 3277,True,True,True,True
img_2629.png,tampered,David Back,02/08/2000,2947 4836 4603,True,True,True,True
img_263.png,tampered,Nicholas Moss,16/06/2003,8178 1314 6775,True,True,True,True
img_2630.png,tampered,Patricia Davis,14/08/1976,9227 6024 5073,True,True,True,True
img_2631.png,tampered,Kristia Solomon,14/02/2002,6358 5338 6368,True,True,True,True
img_2632.png,tampered,,07/06/9976,,False,True,False,False
img_2633.png,tampered,Kurt Davidson,16/12/1894,5205 5795 5312,True,True,True,True
img_2634.png,tampered,Matthew Hernandez,24/04/1992,3137 5187 2318,True,True,True,True
img_2635.png,tampered,,32/08/2002,,False,True,False,False
img_2636.png,tampered,,06/01/9209,,False,True,False,False
img_2637.png,tampered,Jonathan Williamson,16/12/2000,7332 2543 5219,True,True,True,True
img_2638.png,tampered,Steven Smith,19/05/1968,1063 4803 7655,True,True,True,True
img_2639.png,tampered,Laura Sims,23/20/7816,3220 2320 7816,True,True,True,True
img_2641.png,tampered,,32/00/7971,,False,True,False,False
img_2642.png,tampered,Aaron Coleman,18/04/2003,2993 6272 9878,True,True,True,True
img_2643.png,tampered,,,,False,False,False,False
img_2644.png,tampered,,11/12/2000,,False,True,False,False
img_2645.png,tampered,Cindy Hamilton,14/04/1880,2834 7627 9970,True,True,True,True
img_2646.png,tampered,Rachel French,13/11/4893,7603 6989 8044,True,True,True,True
img_2647.png,tampered,Robert Johnson,08/02/1882,7048 8071 1526,True,True,True,True
img_2648.png,tampered,Martha Allen,,2663 7317 7568,True,False,True,False
img_265.png,tampered,Albert Porter,16/10/1886,7089 2235 1133,True,True,True,True
img_2650.png,tampered,,00/80/1077,,False,True,False,False
img_2651.png,tampered,Alexa West,25/12/1881,3978 2233 1884,True,True,True,True
img_2653.png,tampered,Robert Deleon,17/12/1887,7870 9028 9183,True,True,True,True
img_2654.png,tampered,,21/05/1895,,False,True,False,False
img_2655.png,tampered,,,2539 8269 1934,False,False,True,False
img_2656.png,tampered,,00/80/7041,,False,True,False,False
img_2657.png,tampered,,12/07/3973,,False,True,False,False
img_2660.png,tampered,Brandy Rivera,01/01/1888,8471 8182 7068,True,True,True,True
img_2662.png,tampered,Christopher Torres,22/10/2003,7178 5754 8257,True,True,True,True
img_2663.png,tampered,,22/11/1977,,False,True,False,False
img_2664.png,tampered,Janus Hardy,,,True,False,False,False
img_2666.png,tampered,Bobby Wabetar,25/02/1882,2217 5920 8645,True,True,True,True
img_2667.png,tampered,,23/12/1975,,False,True,False,False
img_2668.png,tampered,Taylor Collins,06/05/1868,4430 5678 7743,True,True,True,True
img_2669.png,tampered,Scott Montoya,31/03/1968,7948 3876 9179,True,True,True,True
img_2670.png,tampered,,27/06/2003,1837 2154 9922,False,True,True,False
img_2672.png,tampered,,02/01/2871,,False,True,False,False
img_2673.png,tampered,Elizabeth Herman,12/11/2008,6939 4826 6337,True,True,True,True
img_2674.png,tampered,Travis Townsand,28/09/2005,4408 9305 3510,True,True,True,True
img_2676.png,tampered,Jutia Davies,12/05/1982,,True,True,False,False
img_2677.png,tampered,,4126872,,False,False,False,False
img_2679.png,tampered,Nicole Garrison,10/08/1889,8868 4952 7619,True,True,True,True
img_268.png,tampered,Cheryl Lean,18/06/1883,9352 3628 4451,True,True,True,True
img_2680.png,tampered,Robert Torres,11/09/1977,4857 9035 8975,True,True,True,True
img_2681.png,tampered,,0201970,,False,False,False,False
img_2682.png,tampered,Christopher York,16/03/1974,,True,True,False,False
img_2683.png,tampered,Hayley Hamilton,17/12/1885,1925 6681 7349,True,True,True,True
img_2684.png,tampered,,,,False,False,False,False
img_2685.png,tampered,,27/02/1883,,False,True,False,False
img_2687.png,tampered,,21/08/9977,8154 6981 3504,False,True,True,False
img_2688.png,tampered,Amy Weaver,28/90/7992,3638 2890 7992,True,True,True,True
img_2689.png,tampered,Kalhlsen Welch PhD,,8866 5201 1987,True,False,True,False
img_2690.png,tampered,Jess,11/07/2007,7083 4088 7488,True,True,True,True
img_2691.png,tampered,Melinda Levy,,6261 1339 5892,True,False,True,False
img_2692.png,tampered,Nicole Brown,31/12/1897,6806 4093 9378,True,True,True,True
img_2693.png,tampered,,43/14/1179,4314 1179 7069,False,True,True,False
img_2694.png,tampered,,09/07/3972,,False,True,False,False
img_2695.png,tampered,Carla awn,19/11/2000,8503 6848 5210,True,True,True,True
img_2696.png,tampered,Erica Milter,03/08/1897,4242 6763 8273,True,True,True,True
img_2697.png,tampered,,25/03/9972,,False,True,False,False
img_2698.png,tampered,,,,False,False,False,False
img_27.png,tampered,Thomas Martinsz,12/08/1885,5055 8778 9173,True,True,True,True
img_270.png,tampered,Yolanda Norman MD,03/10/1978,2812 2123 2107,True,True,True,True
img_2701.png,tampered,,14/14/2001,,False,True,False,False
img_2705.png,tampered,Elizabeth Stewart,18/04/1890,6795 3860 9342,True,True,True,True
img_2706.png,tampered,,30/12/1998,,False,True,False,False
img_2707.png,tampered,Joy Rich,48/64/6102,1108 4864 6102,True,True,True,True
img_2708.png,tampered,Un Sucy Carers UO,27/04/1975,,True,True,False,False
img_2709.png,tampered,,30/03/1996,,False,True,False,False
img_271.png,tampered,,08/01/1976,,False,True,False,False
img_2710.png,tampered,Ronald Bull,16/09/1893,9197 8167 1781,True,True,True,True
img_2711.png,tampered,,,,False,False,False,False
img_2713.png,tampered,,,,False,False,False,False
img_2715.png,tampered,Jessica Huynh,18/08/1885,1366 8087 3171,True,True,True,True
img_2716.png,tampered,,31/08/2979,,False,True,False,False
img_2717.png,tampered,,28/07/2007,,False,True,False,False
img_2718.png,tampered,Molly Ferguson,24/08/1978,,True,True,False,False
img_272.png,tampered,CrstalGonzalez,21/04/1880,,True,True,False,False
img_2721.png,tampered,,,,False,False,False,False
img_2722.png,tampered,Brian Dennis,,8597 8069 9698,True,False,True,False
img_2724.png,tampered,,,,False,False,False,False
img_2725.png,tampered,John Gonzalez,22/05/2002,5750 5403 7828,True,True,True,True
img_2726.png,tampered,Elizabeth Moguire,22/10/1968,4448 8393 4632,True,True,True,True
img_2727.png,tampered,,58/76/8420,,False,True,False,False
img_2728.png,tampered,Laurba Conner,,7165 4629 5353,True,False,True,False
img_2729.png,tampered,Brandi Alvarez,28/05/2001,4308 1870 7431,True,True,True,True
img_273.png,tampered,Jasus Rojas,23/05/1898,,True,True,False,False
img_2730.png,tampered,,,,False,False,False,False
img_2731.png,tampered,,07/00/2978,,False,True,False,False
img_2734.png,tampered,Jacob Cortez,06/08/1976,8090 2661 6915,True,True,True,True
img_2735.png,tampered,,17/06/9973,,False,True,False,False
img_2736.png,tampered,,,8905 1579 7912,False,False,True,False
img_2737.png,tampered,Ana Moguire,18/11/2005,1858 2398 1748,True,True,True,True
img_2738.png,tampered,Nicholas Mendoza,04/06/1895,8804 7748 3789,True,True,True,True
img_2739.png,tampered,Tina Bridges,04/07/1897,,True,True,False,False
img_274.png,tampered,,02/02/1975,,False,True,False,False
img_2740.png,tampered,Nicholas Henry,04/08/1898,8747 3910 2709,True,True,True,True
img_2741.png,tampered,Timethy Singh,28/08/1865,2969 8416 2927,True,True,True,True
img_2742.png,tampered,,21/03/1885,,False,True,False,False
img_2743.png,tampered,John Atkinson,14/09/1994,6034 2885 6131,True,True,True,True
img_2744.png,tampered,Asbecca Reyes,24/02/1882,7666 8000 5739,True,True,True,True
img_2745.png,tampered,Joshua Williamson,06/02/1831,2160 9027 6452,True,True,True,True
img_2746.png,tampered,Pobert Bailey,66/53/9142,8455 6653 9142,True,True,True,True
img_2747.png,tampered,Nicols Noble,26/02/1978,6830 3389 5523,True,True,True,True
img_2748.png,tampered,,,,False,False,False,False
img_275.png,tampered,Christina Mcdonald,18/02/1881,5884 5776 8271,True,True,True,True
img_2750.png,tampered,Larry Johnson,28/02/2001,,True,True,False,False
img_2751.png,tampered,Justin Richardson,16/03/1892,2104 3059 3867,True,True,True,True
img_2752.png,tampered,Nicole Flores,16/05/1967,6731 8789 1951,True,True,True,True
img_2753.png,tampered,,05/10/1999,1669 5411 1209,False,True,True,False
img_2754.png,tampered,ir,09/11/1880,,True,True,False,False
img_2755.png,tampered,Frank Martinez,71/09/1999,8984 3631 5603,True,True,True,True
img_2756.png,tampered,Benjamin Patel,74/12/8628,7177 7412 8628,True,True,True,True
img_2757.png,tampered,RobertWu,07/10/1892,4522 4608 8112,True,True,True,True
img_2758.png,tampered,Uachary Ford,07/04/2008,,True,True,False,False
img_2759.png,tampered,Blake Lopez,03/10/1868,3202 7334 2682,True,True,True,True
img_2761.png,tampered,MarioCastillo,27/17/1897,2430 9387 8807,True,True,True,True
img_2762.png,tampered,Madison Erickson,18/10/1973,8927 8032 2207,True,True,True,True
img_2763.png,tampered,Travis Zimmerman,10/02/2008,,True,True,False,False
img_2764.png,tampered,Amanda Thompson,06/08/2003,4451 1077 7020,True,True,True,True
img_2765.png,tampered,Richard Garcia,20/02/1883,6898 7275 7504,True,True,True,True
img_2766.png,tampered,,31/03/2004,,False,True,False,False
img_2767.png,tampered,Todd Qvan,01/09/1985,1934 5629 1219,True,True,True,True
img_2768.png,tampered,,,,False,False,False,False
img_2769.png,tampered,Donald Duran,16/06/1970,4555 4398 6058,True,True,True,True
img_277.png,tampered,,0001010,,False,False,False,False
img_2770.png,tampered,Molly Byant,01/03/1898,,True,True,False,False
img_2771.png,tampered,Robert Kennedy,14/12/1968,7402 9922 3216,True,True,True,True
img_2773.png,tampered,,25/01/1907,6400 1180 7191,False,True,True,False
img_2774.png,tampered,Richard Hammond,,,True,False,False,False
img_2775.png,tampered,,01/04/2775,,False,True,False,False
img_2776.png,tampered,Dakota Park,30/05/1887,2380 6890 6682,True,True,True,True
img_2778.png,tampered,Samantha Morgan,03/11/1971,,True,True,False,False
img_2779.png,tampered,Adam Edwards,19/05/1965,6005 5630 7435,True,True,True,True
img_278.png,tampered,,21/08/2008,,False,True,False,False
img_2780.png,tampered,,13/06/1883,1950 7055 4412,False,True,True,False
img_2781.png,tampered,Anita Hansan,06/04/2004,5002 2449 8345,True,True,True,True
img_2782.png,tampered,Sarah Franklin,62/14/7716,6214 7716 2220,True,True,True,True
img_2783.png,tampered,Daniel Day,14/08/1898,8062 8054 8424,True,True,True,True
img_2784.png,tampered,,16/08/1884,,False,True,False,False
img_2785.png,tampered,John Brayn,05/02/2001,8832 9140 4865,True,True,True,True
img_2786.png,tampered,Lucas Johnson,20/08/1891,,True,True,False,False
img_2787.png,tampered,Metissa Smith,18/17/1978,2064 6256 4669,True,True,True,True
img_2789.png,tampered,,,,False,False,False,False
img_279.png,tampered,Jennifar Davis,87/22/7894,4861 8722 7894,True,True,True,True
img_2791.png,tampered,Shannon Carpanter,13/01/1980,,True,True,False,False
img_2792.png,tampered,David Jimenez,22/10/1881,,True,True,False,False
img_2793.png,tampered,James Tories,24/02/2001,1878 9960 5912,True,True,True,True
img_2794.png,tampered,Harold Price,24/02/1975,6476 3737 3785,True,True,True,True
img_2795.png,tampered,Jim Morrison,12/06/1898,1572 1830 6589,True,True,True,True
img_2797.png,tampered,Metisss Gomez,18/03/1867,,True,True,False,False
img_2799.png,tampered,Andrew Phillips,,5897 8407 2476,True,False,True,False
img_28.png,tampered,,0202008,,False,False,False,False
img_2801.png,tampered,Samuel Johnson,24/02/1895,3797 7231 8993,True,True,True,True
img_2802.png,tampered,Timothy Frye,16/03/1970,9344 8609 8201,True,True,True,True
img_2803.png,tampered,Carol Jones,11/07/1978,2152 9942 3889,True,True,True,True
img_2804.png,tampered,Ryan Wiggins,09/12/1890,4024 1623 2814,True,True,True,True
img_2805.png,tampered,,27/12/9702,,False,True,False,False
img_2806.png,tampered,Danial Yoder,18/12/2005,,True,True,False,False
img_2807.png,tampered,Sue Young,11/10/1884,3802 2572 2403,True,True,True,True
img_2808.png,tampered,,00/80/4122,,False,True,False,False
img_2809.png,tampered,AnnaGlenn,14/07/1881,2148 4386 4503,True,True,True,True
img_281.png,tampered,,22/00/2008,,False,True,False,False
img_2811.png,tampered,,13/11/9973,,False,True,False,False
img_2812.png,tampered,Drtany houyen,04/03/9977,,True,True,False,False
img_2813.png,tampered,Adam Smith,08/11/1975,,True,True,False,False
img_2815.png,tampered,Lori Mack,25/06/1893,1530 8827 2179,True,True,True,True
img_2816.png,tampered,,,,False,False,False,False
img_2817.png,tampered,,,7623 8498 2260,False,False,True,False
img_2818.png,tampered,Jeremah Ranget,32/07/2008,,True,True,False,False
img_2819.png,tampered,Sean Barger,01/02/1880,1435 1404 7258,True,True,True,True
img_2820.png,tampered,Christopher Wong,03/07/1885,4831 6739 3340,True,True,True,True
img_2821.png,tampered,Ronald Graham,03/08/1897,,True,True,False,False
img_2822.png,tampered,,28/12/1887,8181 7885 5238,False,True,True,False
img_2824.png,tampered,,31/05/9994,,False,True,False,False
img_2825.png,tampered,,07/10/1977,,False,True,False,False
img_2826.png,tampered,Shawn Lambeit,14/17/1890,6732 1119 5899,True,True,True,True
img_2829.png,tampered,,,,False,False,False,False
img_283.png,tampered,,02/08/1979,,False,True,False,False
img_2830.png,tampered,Jessica Banson,23/05/1904,3453 4504 8400,True,True,True,True
img_2831.png,tampered,Jess,29/07/2001,8769 2072 8120,True,True,True,True
img_2832.png,tampered,,02/08/1883,,False,True,False,False
img_2833.png,tampered,Jamie Smith,06/04/1968,1450 1790 3210,True,True,True,True
img_2834.png,tampered,,18/03/1968,,False,True,False,False
img_2835.png,tampered,,05/01/1904,,False,True,False,False
img_2837.png,tampered,Carla Roberts,06/07/2003,,True,True,False,False
img_2839.png,tampered,Sue Lynch,,3071 1053 4109,True,False,True,False
img_284.png,tampered,Danial Garcia,62/78/9871,8031 6278 9871,True,True,True,True
img_2840.png,tampered,,,,False,False,False,False
img_2841.png,tampered,,29/03/2001,,False,True,False,False
img_2842.png,tampered,,28/03/2002,,False,True,False,False
img_2843.png,tampered,,29/08/2004,,False,True,False,False
img_2844.png,tampered,Andtea Gonzalez,10/04/1904,4728 4816 7431,True,True,True,True
img_2845.png,tampered,,18/04/1287,,False,True,False,False
img_2847.png,tampered,,27/11/1975,,False,True,False,False
img_2848.png,tampered,,22/01/0708,,False,True,False,False
img_2849.png,tampered,,18/02/1897,8049 1675 6057,False,True,True,False
img_2850.png,tampered,NicholasCollins,04/03/1973,5455 4448 7153,True,True,True,True
img_2851.png,tampered,John Adkins,85/31/8348,3465 8531 8348,True,True,True,True
img_2852.png,tampered,DonnaCole,30/08/1978,8012 3072 9402,True,True,True,True
img_2853.png,tampered,,04/08/2720,,False,True,False,False
img_2856.png,tampered,,04/01/1890,,False,True,False,False
img_2857.png,tampered,Samah Hall,20/05/1895,8601 1230 8337,True,True,True,True
img_2858.png,tampered,,27/07/1965,,False,True,False,False
img_2859.png,tampered,,,,False,False,False,False
img_286.png,tampered,John Richards,14/10/1970,1455 6465 1257,True,True,True,True
img_2860.png,tampered,Natalie Haas,71/07/2002,9837 2369 8159,True,True,True,True
img_2862.png,tampered,Hannah Allison,11/11/2003,,True,True,False,False
img_2863.png,tampered,,07/00/9972,,False,True,False,False
img_2864.png,tampered,,09/04/1882,,False,True,False,False
img_2865.png,tampered,Miss Mary Montoya,01/10/2005,,True,True,False,False
img_2866.png,tampered,Uchete fantago,,,True,False,False,False
img_2868.png,tampered,Steven Olson,06/11/1897,7426 9887 9693,True,True,True,True
img_2869.png,tampered,Glenn Wright,18/04/1883,6041 2855 5468,True,True,True,True
img_287.png,tampered,Vicki Hamilton,30/08/2005,7734 9306 1523,True,True,True,True
img_2870.png,tampered,Anthony Miller,09/04/2003,3050 3904 7510,True,True,True,True
img_2871.png,tampered,Samah Clay,43/23/9727,2933 4323 9727,True,True,True,True
img_2873.png,tampered,Daniella Higgins,13/01/1984,7864 4575 5348,True,True,True,True
img_2874.png,tampered,Colin Alexander,27/12/1887,1815 7081 5963,True,True,True,True
img_2875.png,tampered,Linda Carter,,1785 8048 6452,True,False,True,False
img_2876.png,tampered,Scott Davis,06/08/1971,9833 9414 5911,True,True,True,True
img_2877.png,tampered,,20/05/1977,,False,True,False,False
img_2878.png,tampered,,21/00/9702,6274 2275 1395,False,True,True,False
img_2879.png,tampered,HeatherGonzalez,20/10/1999,6421 2472 6592,True,True,True,True
img_288.png,tampered,Stacey Kellar,47/11/2007,2474 3318 4963,True,True,True,True
img_2880.png,tampered,,20/07/1889,,False,True,False,False
img_2881.png,tampered,Robert Brown,16/17/1886,8780 4110 7142,True,True,True,True
img_2883.png,tampered,Paul Ali,26/05/1891,4380 8632 9887,True,True,True,True
img_2884.png,tampered,Mark Hernandez,28/04/2000,1442 4227 1380,True,True,True,True
img_2885.png,tampered,,,,False,False,False,False
img_2886.png,tampered,,4081979,,False,False,False,False
img_2887.png,tampered,,,,False,False,False,False
img_2888.png,tampered,Nicholas Matthaws,,,True,False,False,False
img_2889.png,tampered,Eric Ochoa,19/01/1974,,True,True,False,False
img_289.png,tampered,Paul Prait,13/06/1883,2959 6243 6883,True,True,True,True
img_2890.png,tampered,Charyl Fry,22/09/1965,3945 8349 6693,True,True,True,True
img_2891.png,tampered,Jared Rodriguez,07/11/1968,1621 8412 2229,True,True,True,True
img_2892.png,tampered,Robert Bush,24/09/1892,8196 4783 2116,True,True,True,True
img_2893.png,tampered,Christina Moore,11/11/2005,7263 5110 1152,True,True,True,True
img_2894.png,tampered,Jacqueline Saundars,66/82/9750,8219 6682 9750,True,True,True,True
img_2895.png,tampered,Thomas Chavez,20/04/2004,1331 8222 6021,True,True,True,True
img_2896.png,tampered,,85/41/6798,8541 6798 0797,False,True,True,False
img_2897.png,tampered,Autumn Watson,11/07/1970,1308 4855 6551,True,True,True,True
img_2899.png,tampered,,,,False,False,False,False
img_29.png,tampered,Marie Blair,13/05/2008,1090 4883 7852,True,True,True,True
img_290.png,tampered,,29/02/9972,,False,True,False,False
img_2900.png,tampered,Michslte Brown,10/03/1974,3901 6101 8698,True,True,True,True
img_2901.png,tampered,,16/12/1882,,False,True,False,False
img_2902.png,tampered,Katie Sewart MD,05/17/1891,7063 9509 8075,True,True,True,True
img_2905.png,tampered,RobertLee,14/10/1978,2117 9292 9393,True,True,True,True
img_2906.png,tampered,,10/07/1886,,False,True,False,False
img_2907.png,tampered,,07/11/1888,8909 3877 4841,False,True,True,False
img_2909.png,tampered,Melissa Warner,25/11/1880,4502 5369 9304,True,True,True,True
img_291.png,tampered,Candice Grear,17/01/1998,8078 1364 8659,True,True,True,True
img_2910.png,tampered,Ann Howard,18/10/1888,8461 5276 7374,True,True,True,True
img_2912.png,tampered,,08/01/1280,,False,True,False,False
img_2913.png,tampered,Michelle Franco,14/10/1882,8351 9473 5044,True,True,True,True
img_2915.png,tampered,,32/03/2974,,False,True,False,False
img_2917.png,tampered,Jacob Edwards,16/08/1977,1897 7300 2809,True,True,True,True
img_2918.png,tampered,,38/40/9850,,False,True,False,False
img_2919.png,tampered,Robert Burnett,11/10/1975,7939 3712 4735,True,True,True,True
img_292.png,tampered,,,,False,False,False,False
img_2920.png,tampered,,13/09/1886,7723 1680 6529,False,True,True,False
img_2922.png,tampered,James Schneider,19/11/1976,6454 2566 8176,True,True,True,True
img_2923.png,tampered,,,,False,False,False,False
img_2924.png,tampered,Anthony Brown,,5892 8682 9914,True,False,True,False
img_2925.png,tampered,,19/04/2003,8035 6315 1941,False,True,True,False
img_2926.png,tampered,Bernard Johnson,02/08/1887,4853 4398 9712,True,True,True,True
img_2927.png,tampered,,11/01/9287,,False,True,False,False
img_293.png,tampered,,0207170,,False,False,False,False
img_2930.png,tampered,,,,False,False,False,False
img_2932.png,tampered,John Morrison,10/10/1984,,True,True,False,False
img_2933.png,tampered,Diana Mendoza,10/03/1895,8691 8874 3805,True,True,True,True
img_2934.png,tampered,Mathes Garis,01/01/2008,,True,True,False,False
img_2935.png,tampered,,90/01/2170,,False,True,False,False
img_2937.png,tampered,,,,False,False,False,False
img_2938.png,tampered,,,,False,False,False,False
img_2939.png,tampered,Damon Scatt,28/04/1886,4780 5569 4789,True,True,True,True
img_294.png,tampered,Jennifer Boyer,48/85/9210,7411 4885 9210,True,True,True,True
img_2940.png,tampered,,21/01/6247,,False,True,False,False
img_2945.png,tampered,,28/02/2003,8279 7493 8011,False,True,True,False
img_2947.png,tampered,Terry Cola,39/30/3165,3930 3165 8420,True,True,True,True
img_2948.png,tampered,Tara Clarke,17/11/1977,2557 6528 9148,True,True,True,True
img_295.png,tampered,Joan Pierce,26/05/2008,1067 7593 3622,True,True,True,True
img_2950.png,tampered,Courtnay Torres,07/10/1887,2226 2331 6760,True,True,True,True
img_2951.png,tampered,Jennifer Nicholson ID,,4824 1429 1169,True,False,True,False
img_2952.png,tampered,,21/06/9973,,False,True,False,False
img_2953.png,tampered,Jeffrey Miller,21/08/2007,1555 6559 9976,True,True,True,True
img_2954.png,tampered,,,,False,False,False,False
img_2956.png,tampered,,04/06/1288,,False,True,False,False
img_2957.png,tampered,William Hicks,07/01/1883,2921 2408 1413,True,True,True,True
img_2958.png,tampered,,03/06/1880,,False,True,False,False
img_2959.png,tampered,Keith Parker,13/04/2000,6834 1931 5123,True,True,True,True
img_296.png,tampered,Dr,19/04/1975,6843 8882 3054,True,True,True,True
img_2960.png,tampered,Lisa Baker,18/05/2000,,True,True,False,False
img_2961.png,tampered,Marvin Whitaker,26/06/1888,7160 2988 3571,True,True,True,True
img_2962.png,tampered,Donald Mccarthy,16/03/1975,9842 8701 3313,True,True,True,True
img_2963.png,tampered,Dr,12/02/1974,,True,True,False,False
img_2964.png,tampered,Matthew Rogers,05/12/1974,8958 6938 6897,True,True,True,True
img_2965.png,tampered,Samantha Romero,03/09/1970,6861 3568 1318,True,True,True,True
img_2966.png,tampered,,,,False,False,False,False
img_2968.png,tampered,,14/08/1972,,False,True,False,False
img_2969.png,tampered,,32/04/1288,,False,True,False,False
img_297.png,tampered,Joy Thompson,13/09/2007,2021 8769 1121,True,True,True,True
img_2970.png,tampered,Christina Powers,13/08/1882,7952 1738 5689,True,True,True,True
img_2971.png,tampered,Sharyl Wiltiams,02/12/1988,7784 1843 1725,True,True,True,True
img_2972.png,tampered,Michael Dawson,26/11/1881,3739 7035 7501,True,True,True,True
img_2973.png,tampered,,25/12/2008,,False,True,False,False
img_2974.png,tampered,Carlos Jennings,15/12/4895,6731 2887 7877,True,True,True,True
img_2975.png,tampered,,11/02/4087,,False,True,False,False
img_2976.png,tampered,Ryan Bauer,14/11/2007,,True,True,False,False
img_2977.png,tampered,Michael Davis,01/05/1891,7275 6533 1858,True,True,True,True
img_2978.png,tampered,,,6049 4003 2307,False,False,True,False
img_2979.png,tampered,MatthewGaines,30/09/1890,8482 7021 9942,True,True,True,True
img_298.png,tampered,Andrews Miller,12/94/6775,,True,True,False,False
img_2980.png,tampered,,,,False,False,False,False
img_2981.png,tampered,,31/08/1890,,False,True,False,False
img_2982.png,tampered,,,6721 8988 7582,False,False,True,False
img_2983.png,tampered,Theresa Hill,07/08/1867,5030 5431 1540,True,True,True,True
img_2984.png,tampered,,,,False,False,False,False
img_2985.png,tampered,,,,False,False,False,False
img_2986.png,tampered,Jarry Robbins,21/03/1984,6704 5598 5593,True,True,True,True
img_2987.png,tampered,Darrell Richardson,21/02/2002,6831 4110 4316,True,True,True,True
img_2988.png,tampered,,14/07/1882,,False,True,False,False
img_2989.png,tampered,Louis Jones,24/11/1968,4461 2537 2760,True,True,True,True
img_2991.png,tampered,,10/03/1969,2989 1453 9829,False,True,True,False
img_2992.png,tampered,,02/92/9972,,False,True,False,False
img_2993.png,tampered,Robert Johnson,01/09/1971,1692 1663 7510,True,True,True,True
img_2995.png,tampered,Christopher Thomas,10/04/1974,7674 3885 2938,True,True,True,True
img_2996.png,tampered,,26/11/1968,,False,True,False,False
img_2998.png,tampered,Heather Williams,58/13/8288,7750 5813 8288,True,True,True,True
img_2999.png,tampered,Melissa Duran,23/05/2007,7088 6395 9310,True,True,True,True
img_3.png,tampered,Danial Brown,,8098 3528 3592,True,False,True,False
img_30.png,tampered,Tina Collins,19/07/1888,4851 9999 2724,True,True,True,True
img_300.png,tampered,Travis Jones,27/03/2004,9547 7144 6353,True,True,True,True
img_301.png,tampered,,,,False,False,False,False
img_302.png,tampered,,6047975,,False,False,False,False
img_303.png,tampered,Tara Harris,29/10/2004,3122 4770 1498,True,True,True,True
img_304.png,tampered,,,,False,False,False,False
img_305.png,tampered,,,,False,False,False,False
img_306.png,tampered,Joseph Cakiwell,01/05/1888,2534 4333 8263,True,True,True,True
img_307.png,tampered,,08/04/2004,7560 5494 1675,False,True,True,False
img_308.png,tampered,,11/08/1997,7838 5145 8538,False,True,True,False
img_309.png,tampered,Katherine Yang,26/10/1898,6984 5599 1248,True,True,True,True
img_31.png,tampered,,,,False,False,False,False
img_310.png,tampered,,13/01/2001,,False,True,False,False
img_311.png,tampered,Casey Nguyen,17/11/1885,,True,True,False,False
img_312.png,tampered,,,,False,False,False,False
img_313.png,tampered,Ashley Davis,12/09/1976,6432 9308 4008,True,True,True,True
img_314.png,tampered,,02/01/9973,,False,True,False,False
img_315.png,tampered,,04/01/1895,,False,True,False,False
img_316.png,tampered,,30/07/2005,6141 1162 5927,False,True,True,False
img_318.png,tampered,Mr,14/13/6933,,True,True,False,False
img_319.png,tampered,Suzanne Heath,06/03/2003,,True,True,False,False
img_32.png,tampered,Christine Winters,02/04/1889,4152 7759 2942,True,True,True,True
img_320.png,tampered,Deborah Meclure,19/01/2007,8384 9504 6823,True,True,True,True
img_321.png,tampered,,08/01/7288,1491 1695 8279,False,True,True,False
img_322.png,tampered,David Middleton,22/05/1894,8195 9873 6594,True,True,True,True
img_323.png,tampered,Andres Fitzgerald,01/07/1897,7808 8362 1897,True,True,True,True
img_324.png,tampered,,22/12/1970,6504 4083 5421,False,True,True,False
img_325.png,tampered,Jody Diaz,19/02/1882,7405 7535 8734,True,True,True,True
img_326.png,tampered,,80/01/3102,,False,True,False,False
img_327.png,tampered,Dana Strickland,25/11/1978,,True,True,False,False
img_328.png,tampered,,22/94/3674,2294 3674 9572,False,True,True,False
img_329.png,tampered,Donna Rich,30/12/1894,7696 5777 7037,True,True,True,True
img_33.png,tampered,Stephen Carcd,04/03/9978,,True,True,False,False
img_330.png,tampered,,,,False,False,False,False
img_332.png,tampered,,20/02/2001,,False,True,False,False
img_333.png,tampered,Helen Watkins,22/03/1898,8389 9996 3520,True,True,True,True
img_334.png,tampered,Jonathan Cox,25/01/2007,3593 9823 8950,True,True,True,True
img_335.png,tampered,HeatherCurtis,12/09/1969,,True,True,False,False
img_336.png,tampered,Pn Ales,14/01/7997,,True,True,False,False
img_337.png,tampered,Andrew Zamora,06/05/1970,6851 6353 1961,True,True,True,True
img_338.png,tampered,Surah Perez,25/10/1975,7552 4540 3621,True,True,True,True
img_339.png,tampered,Alyssa Woods,28/07/1978,6731 1401 4581,True,True,True,True
img_34.png,tampered,Jordan Hayden,17/17/1897,,True,True,False,False
img_341.png,tampered,,29/12/1978,1292 4017 3339,False,True,True,False
img_343.png,tampered,Julia Hopkins,08/01/1977,1551 3954 1752,True,True,True,True
img_344.png,tampered,,16/07/1970,,False,True,False,False
img_345.png,tampered,Leslia Russell,09/11/1895,,True,True,False,False
img_346.png,tampered,,,,False,False,False,False
img_347.png,tampered,,17/12/1881,,False,True,False,False
img_348.png,tampered,Chad Podriguez,01/12/1883,8778 1504 9573,True,True,True,True
img_349.png,tampered,Jessica Wade,16/12/1885,3328 3200 5331,True,True,True,True
img_35.png,tampered,Theresa Simmons,05/10/2003,1355 4829 6304,True,True,True,True
img_350.png,tampered,,16/09/1865,7456 3863 5522,False,True,True,False
img_351.png,tampered,Cindy Rosa,07/02/1895,2602 9434 5468,True,True,True,True
img_352.png,tampered,,17/00/9309,,False,True,False,False
img_354.png,tampered,,17/07/7097,,False,True,False,False
img_355.png,tampered,Fred Warren,22/04/1973,3423 1268 3239,True,True,True,True
img_356.png,tampered,Matthew Horton,18/02/1897,9982 2469 2598,True,True,True,True
img_36.png,tampered,,11/04/1991,,False,True,False,False
img_360.png,tampered,Christopher Parks,07/08/2007,8162 8922 2547,True,True,True,True
img_363.png,tampered,Jarry Hokder,12/06/1895,4887 6783 3626,True,True,True,True
img_365.png,tampered,,01/07/1893,,False,True,False,False
img_366.png,tampered,,27/12/1896,8068 3600 2840,False,True,True,False
img_367.png,tampered,Shaun Smith,29/05/1983,,True,True,False,False
img_368.png,tampered,Melinda Cartar,,,True,False,False,False
img_369.png,tampered,Kimberly Fintey,,6181 2685 7242,True,False,True,False
img_37.png,tampered,Teresa Collins,03/06/1975,4275 7111 6943,True,True,True,True
img_370.png,tampered,Eric Schroeder,,,True,False,False,False
img_371.png,tampered,David Nguyen,02/10/1994,1354 2668 5490,True,True,True,True
img_372.png,tampered,,01/12/1992,,False,True,False,False
img_373.png,tampered,,07/10/9973,,False,True,False,False
img_375.png,tampered,,20/01/5575,,False,True,False,False
img_376.png,tampered,Nichola Kim,05/12/2004,6036 4252 8578,True,True,True,True
img_377.png,tampered,Lary Yourg Ov,13/84/0501,,True,True,False,False
img_378.png,tampered,Charles May,30/10/2007,8853 2956 4613,True,True,True,True
img_379.png,tampered,Samantha Johnson,16/10/1973,5448 4634 7692,True,True,True,True
img_38.png,tampered,Cynthia Davis,13/04/1974,1267 3744 6269,True,True,True,True
img_380.png,tampered,Javier Millar,11/12/1979,3762 5415 9524,True,True,True,True
img_381.png,tampered,Richard Collins,27/01/2003,8424 8738 6575,True,True,True,True
img_383.png,tampered,,29/04/1281,,False,True,False,False
img_384.png,tampered,,16/05/9974,,False,True,False,False
img_385.png,tampered,Sonia Fojas,21/05/2000,,True,True,False,False
img_387.png,tampered,,,,False,False,False,False
img_388.png,tampered,,,,False,False,False,False
img_389.png,tampered,Justin Cootey,,,True,False,False,False
img_39.png,tampered,Brenda Porter MD,11/54/3040,1154 3040 8688,True,True,True,True
img_390.png,tampered,Ronald Le,12/03/2000,1328 5091 7726,True,True,True,True
img_391.png,tampered,Suzanne Todd,24/07/1971,4980 2002 7151,True,True,True,True
img_392.png,tampered,,08/01/2978,,False,True,False,False
img_393.png,tampered,Uichete Hare,,,True,False,False,False
img_394.png,tampered,Rabecca Williams,11/07/2005,4178 2218 3488,True,True,True,True
img_395.png,tampered,Christine Barnett,19/11/2005,,True,True,False,False
img_399.png,tampered,,07/06/1978,,False,True,False,False
img_4.png,tampered,Patricia Gomez,06/03/1978,3928 6988 5916,True,True,True,True
img_400.png,tampered,Scott Mitchell,01/10/1865,8578 1454 4510,True,True,True,True
img_401.png,tampered,Tracey Rise,27/02/1968,7091 4806 4990,True,True,True,True
img_402.png,tampered,,03/01/4707,,False,True,False,False
img_404.png,tampered,,,,False,False,False,False
img_406.png,tampered,,39/02/9265,,False,True,False,False
img_407.png,tampered,Crvaiogher Henan,24/12/9778,,True,True,False,False
img_408.png,tampered,Katherine Brewer PhD,20/03/1898,8799 6176 2631,True,True,True,True
img_409.png,tampered,Elizabeth Mason,03/09/1976,1069 4765 8576,True,True,True,True
img_41.png,tampered,Brett Mcdania,16/06/2002,9171 3159 2283,True,True,True,True
img_410.png,tampered,Brian Walker,21/01/1890,4474 9751 2833,True,True,True,True
img_411.png,tampered,Phillip Lee,25/03/1975,1724 8731 5065,True,True,True,True
img_412.png,tampered,,03/04/2005,,False,True,False,False
img_414.png,tampered,Laure Sanchez,23/03/1893,7839 1367 4482,True,True,True,True
img_415.png,tampered,Robin Atkinson,20/05/1882,7778 2433 1693,True,True,True,True
img_416.png,tampered,Michael Hariman,23/06/2002,,True,True,False,False
img_417.png,tampered,Karina Mata,12/05/1962,1808 3822 2788,True,True,True,True
img_418.png,tampered,Shana Craig,,5345 6055 6611,True,False,True,False
img_42.png,tampered,Eileen Randolph,20/06/1899,,True,True,False,False
img_420.png,tampered,,04/01/1968,,False,True,False,False
img_421.png,tampered,Elizabeth Taylor,,7578 2077 4970,True,False,True,False
img_422.png,tampered,,23/12/1978,,False,True,False,False
img_424.png,tampered,Cindy Carlson,03/12/1968,,True,True,False,False
img_425.png,tampered,,2102174,,False,False,False,False
img_426.png,tampered,,12/00/7976,,False,True,False,False
img_428.png,tampered,Wendy Lopez,80/82/5775,4887 8082 5775,True,True,True,True
img_429.png,tampered,Summer Ellis,30/07/1897,4826 4022 7485,True,True,True,True
img_43.png,tampered,Christopher Whitney,51/05/1885,3134 3106 3025,True,True,True,True
img_431.png,tampered,Seth Palmer,12/01/2002,1592 4467 3400,True,True,True,True
img_432.png,tampered,Karan Harper,28/03/1880,6581 1872 3958,True,True,True,True
img_433.png,tampered,,13/06/1984,,False,True,False,False
img_434.png,tampered,,08/01/2209,,False,True,False,False
img_435.png,tampered,,03/08/1984,8878 9840 7432,False,True,True,False
img_437.png,tampered,,13/07/1979,,False,True,False,False
img_438.png,tampered,Christian Padilla,30/03/2002,4167 1208 1752,True,True,True,True
img_439.png,tampered,Connie Ward DDS,22/11/1895,3366 7408 6171,True,True,True,True
img_44.png,tampered,,30/06/1973,,False,True,False,False
img_441.png,tampered,,12/05/1995,1042 1852 3995,False,True,True,False
img_443.png,tampered,Septane Adte,32/08/9975,7042 5799 5194,True,True,True,True
img_444.png,tampered,Marcus Pose,06/05/1890,,True,True,False,False
img_445.png,tampered,Frank Wright,16/06/1868,4960 5411 9768,True,True,True,True
img_446.png,tampered,,20/03/2004,,False,True,False,False
img_447.png,tampered,Maria Villa,20/10/1887,,True,True,False,False
img_448.png,tampered,Bradley Harrell,20/08/1977,8898 4798 3914,True,True,True,True
img_45.png,tampered,Courtnay Payna,84/24/3732,8424 3732 2965,True,True,True,True
img_450.png,tampered,hare Sims,10/10/1869,6012 7673 2110,True,True,True,True
img_451.png,tampered,Mike Burgess,11/05/1865,8788 7868 6981,True,True,True,True
img_452.png,tampered,,18/11/1976,,False,True,False,False
img_453.png,tampered,Emily Rice,10/01/1892,3372 2701 5752,True,True,True,True
img_454.png,tampered,Danialts Anderson,11/12/1880,2106 6349 8458,True,True,True,True
img_456.png,tampered,Amy Price,30/12/1891,1032 5256 7402,True,True,True,True
img_457.png,tampered,Tarra Porerg,,,True,False,False,False
img_458.png,tampered,Lisa Morton,20/02/1995,6852 5738 5657,True,True,True,True
img_459.png,tampered,Kristina Iledaniet,23/09/2003,2766 2500 6537,True,True,True,True
img_46.png,tampered,Kathben Haynes,13/03/1871,6420 9507 5219,True,True,True,True
img_460.png,tampered,Patricia Miller,16/06/1895,9807 7472 8808,True,True,True,True
img_461.png,tampered,Michelle King,13/02/1995,8389 3168 9314,True,True,True,True
img_462.png,tampered,Brian Herrera,08/01/1897,3050 4416 3621,True,True,True,True
img_463.png,tampered,,,,False,False,False,False
img_464.png,tampered,,,6463 1865 4459,False,False,True,False
img_465.png,tampered,Kristen Stephens,22/17/1965,7627 4142 4551,True,True,True,True
img_466.png,tampered,Alicia Garcia,22/02/1881,4051 2808 1608,True,True,True,True
img_467.png,tampered,,,,False,False,False,False
img_468.png,tampered,Kaihleen Pogers,29/01/2003,1432 8521 7573,True,True,True,True
img_469.png,tampered,Johnny Dah,01/01/7709,,True,True,False,False
img_47.png,tampered,,20/01/2005,,False,True,False,False
img_471.png,tampered,Liss Gutierrez,11/07/1867,7773 5468 3132,True,True,True,True
img_472.png,tampered,,25/10/1884,,False,True,False,False
img_473.png,tampered,David Cabrera,24/02/1979,4817 6431 7889,True,True,True,True
img_474.png,tampered,Kevin Holt,02/08/1984,2630 7390 7278,True,True,True,True
img_476.png,tampered,Tiffany James,20/10/1894,7118 2308 5705,True,True,True,True
img_477.png,tampered,Carl Herman DVhI,22/12/2004,6788 2172 3596,True,True,True,True
img_478.png,tampered,,21/04/1775,3691 2219 1547,False,True,True,False
img_479.png,tampered,David Cotaman,10/02/1869,4043 7627 2345,True,True,True,True
img_480.png,tampered,Jared Hill,16/01/1885,1665 2766 6938,True,True,True,True
img_482.png,tampered,Lawrence Rubio,17/10/1891,8539 9862 2337,True,True,True,True
img_483.png,tampered,,07/11/2004,,False,True,False,False
img_484.png,tampered,Tracey Henry,02/02/1982,4078 2857 8127,True,True,True,True
img_485.png,tampered,Mark Hale,02/07/1868,8408 5791 7350,True,True,True,True
img_486.png,tampered,,12/04/1206,,False,True,False,False
img_487.png,tampered,AshleyOrtiz,05/12/1883,2909 6884 2055,True,True,True,True
img_488.png,tampered,,,,False,False,False,False
img_489.png,tampered,Barbora Smith,21/07/1888,,True,True,False,False
img_49.png,tampered,Christopher Boyd,12/08/2008,1808 4567 8983,True,True,True,True
img_490.png,tampered,Amanda Johnson,15/12/1888,,True,True,False,False
img_491.png,tampered,,29/04/1881,,False,True,False,False
img_492.png,tampered,Lori Brawn MD,06/12/1897,4725 3716 5578,True,True,True,True
img_494.png,tampered,CoryGeorgs,05/05/1882,7432 6327 5050,True,True,True,True
img_495.png,tampered,Candace Davis,02/04/1885,4062 1401 1602,True,True,True,True
img_496.png,tampered,Jade Uareung UO,14/12/2000,,True,True,False,False
img_497.png,tampered,,04/01/2891,,False,True,False,False
img_498.png,tampered,Frances Richardson,27/04/2005,7858 7964 4657,True,True,True,True
img_499.png,tampered,,18/01/0317,,False,True,False,False
img_5.png,tampered,,06/12/2001,3243 9871 3081,False,True,True,False
img_50.png,tampered,,,,False,False,False,False
img_501.png,tampered,Michael Russell,23/10/1976,1560 2832 8978,True,True,True,True
img_502.png,tampered,Wendy Dean,30/11/1970,,True,True,False,False
img_503.png,tampered,Deborah Conrad,11/17/1885,9125 7721 2622,True,True,True,True
img_505.png,tampered,Linda Turner,30/11/1975,9762 2862 1056,True,True,True,True
img_506.png,tampered,,,,False,False,False,False
img_507.png,tampered,Daniel Novak,20/12/2001,8163 5092 2133,True,True,True,True
img_508.png,tampered,Courtney Johnson,,7407 6287 6042,True,False,True,False
img_509.png,tampered,JamesAnderson,07/12/1869,1608 9059 9255,True,True,True,True
img_51.png,tampered,Mark Williams,08/10/1898,3564 5872 5380,True,True,True,True
img_510.png,tampered,,25/01/1182,1734 6087 8160,False,True,True,False
img_511.png,tampered,,2203170,,False,False,False,False
img_512.png,tampered,,08/01/9979,,False,True,False,False
img_513.png,tampered,,20/06/1881,,False,True,False,False
img_514.png,tampered,Taylor Rodriguez,02/11/1967,2140 7158 2148,True,True,True,True
img_515.png,tampered,Lisa Mason,20/12/1994,8301 1375 4963,True,True,True,True
img_516.png,tampered,Jacqueline Berry,03/01/2002,2725 9836 4609,True,True,True,True
img_517.png,tampered,Valarie Dillon,28/08/1891,5832 8898 2531,True,True,True,True
img_518.png,tampered,,,,False,False,False,False
img_520.png,tampered,,,,False,False,False,False
img_521.png,tampered,,12/01/0551,,False,True,False,False
img_523.png,tampered,Sean Bag,19/12/1881,8352 3000 7033,True,True,True,True
img_524.png,tampered,,,,False,False,False,False
img_525.png,tampered,Megan Martin,07/04/1976,1383 8389 4938,True,True,True,True
img_527.png,tampered,,17/08/1893,,False,True,False,False
img_528.png,tampered,,,,False,False,False,False
img_529.png,tampered,,,,False,False,False,False
img_53.png,tampered,Craig Princa,16/02/1974,6890 1235 3677,True,True,True,True
img_530.png,tampered,CaitlinGonzalez,06/02/1885,6074 6801 3018,True,True,True,True
img_531.png,tampered,Andrea White,22/03/2008,1307 9944 1404,True,True,True,True
img_533.png,tampered,,30/07/1868,,False,True,False,False
img_534.png,tampered,,22/40/9973,,False,True,False,False
img_535.png,tampered,Chad Levy,21/08/1897,6705 1191 8394,True,True,True,True
img_536.png,tampered,,19/11/1984,2286 7382 1458,False,True,True,False
img_537.png,tampered,,04/11/1891,,False,True,False,False
img_538.png,tampered,,,4873 2295 4147,False,False,True,False
img_539.png,tampered,,15/02/1975,,False,True,False,False
img_54.png,tampered,,2162200,,False,False,False,False
img_540.png,tampered,MatthewGreen,23/05/1892,8458 6770 1911,True,True,True,True
img_542.png,tampered,,04/03/1974,,False,True,False,False
img_543.png,tampered,,23/12/1899,8407 7281 5890,False,True,True,False
img_544.png,tampered,,32/02/1979,,False,True,False,False
img_545.png,tampered,David Gray,06/01/1977,8300 8820 9017,True,True,True,True
img_547.png,tampered,Debra Frye,07/04/1893,6355 2266 2051,True,True,True,True
img_548.png,tampered,Dakota Frazier,14/06/1898,3867 1732 5062,True,True,True,True
img_549.png,tampered,,13/11/9993,1187 0275 1954,False,True,True,False
img_55.png,tampered,,18/01/1979,3774 9908 4121,False,True,True,False
img_550.png,tampered,Michael Medanial,,3846 1217 2119,True,False,True,False
img_551.png,tampered,,25/04/1974,1950 4271 9210,False,True,True,False
img_553.png,tampered,,32/12/9900,,False,True,False,False
img_555.png,tampered,,29/06/9974,,False,True,False,False
img_558.png,tampered,,,,False,False,False,False
img_559.png,tampered,Diana Jimensz,22/10/1898,,True,True,False,False
img_560.png,tampered,,,,False,False,False,False
img_561.png,tampered,,42/44/3703,8333 4244 3703,False,True,True,False
img_563.png,tampered,Caitlin Parks,,,True,False,False,False
img_564.png,tampered,Kelly Rivera,23/17/1970,5588 1225 8508,True,True,True,True
img_565.png,tampered,,08/01/2791,0070 0398 1743,False,True,True,False
img_566.png,tampered,Robert Horne,07/10/1968,2615 1437 2493,True,True,True,True
img_567.png,tampered,,10/12/1884,,False,True,False,False
img_568.png,tampered,Mark Carlson,08/01/1968,3477 4910 2350,True,True,True,True
img_569.png,tampered,Wendy White,01/01/2971,8784 9037 7188,True,True,True,True
img_57.png,tampered,,17/02/1888,,False,True,False,False
img_570.png,tampered,Garrett Sanchez,,5244 1318 6149,True,False,True,False
img_571.png,tampered,Gregory Blackburn,01/04/1888,6005 4927 4105,True,True,True,True
img_572.png,tampered,Paul Thomas,,6253 1928 8569,True,False,True,False
img_574.png,tampered,,,,False,False,False,False
img_576.png,tampered,,24/01/3081,,False,True,False,False
img_577.png,tampered,,16/14/2003,,False,True,False,False
img_579.png,tampered,,28/09/1887,,False,True,False,False
img_580.png,tampered,,22/09/2007,,False,True,False,False
img_582.png,tampered,Jason Becker,25/08/1896,4804 3512 2766,True,True,True,True
img_584.png,tampered,Elizabeth Stafford,07/02/1888,4841 6274 4684,True,True,True,True
img_585.png,tampered,,26/05/1965,,False,True,False,False
img_586.png,tampered,Richal Russell,18/06/1898,8135 9971 1718,True,True,True,True
img_587.png,tampered,Jessica Smith,11/08/1978,8022 7633 1241,True,True,True,True
img_588.png,tampered,Christopher Henderson,78/94/3337,4362 7894 3337,True,True,True,True
img_589.png,tampered,Wesley Wikson,14/04/1868,9176 5793 6192,True,True,True,True
img_59.png,tampered,,08/08/1886,,False,True,False,False
img_590.png,tampered,Theodore Freeman,06/12/1880,1187 2895 4560,True,True,True,True
img_591.png,tampered,Curtis Harris,10/01/1897,8454 5390 1045,True,True,True,True
img_592.png,tampered,,3901200,1174 7851 1992,False,False,True,False
img_594.png,tampered,,01/01/9979,,False,True,False,False
img_596.png,tampered,,07/05/1968,,False,True,False,False
img_597.png,tampered,Kristin Parks,21/01/1967,8993 7735 9900,True,True,True,True
img_598.png,tampered,,24/09/1885,,False,True,False,False
img_599.png,tampered,Linda lcmahon,07/09/1977,8151 4500 8424,True,True,True,True
img_60.png,tampered,,39/08/4720,,False,True,False,False
img_600.png,tampered,,31/05/9975,7191 6070 1094,False,True,True,False
img_602.png,tampered,Mr,04/02/1974,2997 3643 9160,True,True,True,True
img_604.png,tampered,,27/82/7304,,False,True,False,False
img_605.png,tampered,Jessica Hardin,01/05/1895,5077 1377 5090,True,True,True,True
img_606.png,tampered,Danielle Reynolds,24/08/1889,7543 4344 7585,True,True,True,True
img_607.png,tampered,Diana Mecullough,20/04/1888,,True,True,False,False
img_608.png,tampered,,17/03/1972,,False,True,False,False
img_609.png,tampered,,6031973,,False,False,False,False
img_61.png,tampered,,03/01/1702,,False,True,False,False
img_610.png,tampered,Brittney Ritter,03/10/1866,8452 5887 4028,True,True,True,True
img_611.png,tampered,,41/01/1300,,False,True,False,False
img_612.png,tampered,Teresa Oconnor,21/02/1973,1749 8009 3475,True,True,True,True
img_613.png,tampered,James ond,,0793 2783 1276,True,False,True,False
img_614.png,tampered,MarcusCollins,45/74/3239,4574 3239 5808,True,True,True,True
img_615.png,tampered,Mrs Andrea Wada,23/05/1890,7832 2063 9456,True,True,True,True
img_616.png,tampered,,03/05/1984,,False,True,False,False
img_617.png,tampered,,04/06/9720,,False,True,False,False
img_618.png,tampered,Connor Watts,29/06/1887,4963 5826 9021,True,True,True,True
img_619.png,tampered,Angel Bradshaw,03/17/1889,5973 6578 3802,True,True,True,True
img_62.png,tampered,,21/12/1891,,False,True,False,False
img_620.png,tampered,Kathryn Mata,15/11/1860,1521 2021 9821,True,True,True,True
img_621.png,tampered,Eric Garrison,28/08/1897,1446 6737 2364,True,True,True,True
img_622.png,tampered,Mary Williams,24/03/1882,7992 5473 4820,True,True,True,True
img_623.png,tampered,Christopher Nichols,11/03/1968,,True,True,False,False
img_624.png,tampered,Thomas Pames MD,33/28/7991,6080 3328 7991,True,True,True,True
img_625.png,tampered,,14/02/7788,,False,True,False,False
img_626.png,tampered,Gregory Cress,14/12/2001,,True,True,False,False
img_627.png,tampered,,21/03/2788,,False,True,False,False
img_629.png,tampered,Theres,28/01/2001,1980 1762 8537,True,True,True,True
img_63.png,tampered,William Montoya,16/09/1892,4140 6611 7349,True,True,True,True
img_630.png,tampered,,87/01/2175,,False,True,False,False
img_633.png,tampered,,28/02/1979,,False,True,False,False
img_634.png,tampered,,,,False,False,False,False
img_635.png,tampered,Uctet Cigerza,2208105,,True,False,False,False
img_636.png,tampered,,0419978,3058 2870 7679,False,False,True,False
img_637.png,tampered,Mr,13/04/1972,,True,True,False,False
img_638.png,tampered,Jasmin Powell,17/09/1884,7641 3311 6490,True,True,True,True
img_639.png,tampered,Jennifer Flynn,18/12/1880,5482 7140 7568,True,True,True,True
img_64.png,tampered,Oyen aero,02/00/1720,,True,True,False,False
img_640.png,tampered,Tyler Miller,13/12/1895,,True,True,False,False
img_641.png,tampered,Gilly Dennis,04/08/1893,8795 1931 3494,True,True,True,True
img_642.png,tampered,Tami Garcia,22/07/1867,8370 3521 4735,True,True,True,True
img_643.png,tampered,Danialla Mason,27/05/1973,7969 8333 7721,True,True,True,True
img_644.png,tampered,Michelle Woodard,21/04/2000,6910 2192 5897,True,True,True,True
img_645.png,tampered,William ferg,14/17/1888,5920 9425 3367,True,True,True,True
img_646.png,tampered,Stacy Johnston,05/02/1883,,True,True,False,False
img_648.png,tampered,,00/80/1042,,False,True,False,False
img_649.png,tampered,,16/01/1868,,False,True,False,False
img_65.png,tampered,Lisa Gibson,13/05/1881,7007 1281 6054,True,True,True,True
img_650.png,tampered,Zachary Russell,30/12/2002,2784 8097 8557,True,True,True,True
img_651.png,tampered,,03/08/1973,4789 3318 4505,False,True,True,False
img_652.png,tampered,Gary Hicks,01/17/1881,,True,True,False,False
img_653.png,tampered,David Dominguez,01/02/1834,1435 3760 3400,True,True,True,True
img_654.png,tampered,Karen Griffin,17/02/1970,2134 1325 4025,True,True,True,True
img_655.png,tampered,,22/09/1887,,False,True,False,False
img_657.png,tampered,Aaba Verquer,2004170,,True,False,False,False
img_66.png,tampered,Jos Grant,22/10/1892,2041 4922 8473,True,True,True,True
img_662.png,tampered,,16/07/1898,,False,True,False,False
img_663.png,tampered,Victor Simmons,16/02/1971,7783 7514 9249,True,True,True,True
img_664.png,tampered,Christina Kelly,26/10/1970,8776 8135 7973,True,True,True,True
img_666.png,tampered,,29/08/1977,,False,True,False,False
img_668.png,tampered,Scott Brooks,03/10/1975,,True,True,False,False
img_669.png,tampered,Angetca Nehen,41/61/0005,,True,True,False,False
img_670.png,tampered,Nathan Ellison,07/06/2008,8784 7081 2804,True,True,True,True
img_671.png,tampered,Richard Brown,20/11/3312,2011 3312 1452,True,True,True,True
img_672.png,tampered,Jennifer Baltran,,,True,False,False,False
img_673.png,tampered,,22/01/0070,,False,True,False,False
img_674.png,tampered,,28/08/1969,2087 3248 5664,False,True,True,False
img_675.png,tampered,Joshua Walton,11/12/1970,4742 1856 8923,True,True,True,True
img_676.png,tampered,,28/10/1973,,False,True,False,False
img_677.png,tampered,James Jackson,27/05/1978,4726 3803 2127,True,True,True,True
img_679.png,tampered,Diane Smith,18/05/1893,5765 4965 9838,True,True,True,True
img_68.png,tampered,Michael Thomas,08/12/1989,,True,True,False,False
img_680.png,tampered,,16/10/1868,,False,True,False,False
img_681.png,tampered,,,2904 0695 6122,False,False,True,False
img_683.png,tampered,Christopher Lewis,14/17/1898,9760 2969 8899,True,True,True,True
img_684.png,tampered,,,,False,False,False,False
img_685.png,tampered,Amanda Barrett,09/12/1892,6185 5474 1483,True,True,True,True
img_686.png,tampered,,08/01/1903,,False,True,False,False
img_687.png,tampered,Jessica Joesph,01/07/1978,3418 1305 6179,True,True,True,True
img_688.png,tampered,Barbara Gomez,08/05/2001,,True,True,False,False
img_689.png,tampered,,18/09/2000,,False,True,False,False
img_69.png,tampered,,21/08/2792,,False,True,False,False
img_690.png,tampered,,23/14/1868,,False,True,False,False
img_691.png,tampered,,32/12/9281,,False,True,False,False
img_692.png,tampered,,22/11/1969,,False,True,False,False
img_693.png,tampered,Eduardo Peterson,13/11/2003,5875 6854 5841,True,True,True,True
img_696.png,tampered,,22/06/3206,,False,True,False,False
img_697.png,tampered,,,,False,False,False,False
img_698.png,tampered,Jone Dailey,64/01/1923,,True,True,False,False
img_699.png,tampered,Sherri Williams,03/02/1890,3901 5453 1143,True,True,True,True
img_7.png,tampered,James Ramirez,06/09/1897,7122 5001 5162,True,True,True,True
img_70.png,tampered,Armee Sorcha,24/08/9991,,True,True,False,False
img_701.png,tampered,Claire Gardnar,13/12/1883,,True,True,False,False
img_702.png,tampered,Tora Green,17/08/2281,,True,True,False,False
img_704.png,tampered,,,,False,False,False,False
img_705.png,tampered,,02/10/2008,,False,True,False,False
img_706.png,tampered,,24/11/1897,,False,True,False,False
img_707.png,tampered,,24/04/1206,,False,True,False,False
img_708.png,tampered,Craig Gress,24/04/1885,3437 3264 7164,True,True,True,True
img_709.png,tampered,,,,False,False,False,False
img_71.png,tampered,Michael Shite,,6853 3980 3188,True,False,True,False
img_710.png,tampered,Cody Rhodes,,5836 8347 6662,True,False,True,False
img_711.png,tampered,Scott Torres,06/05/1984,7686 2335 1458,True,True,True,True
img_712.png,tampered,Stephanis Thompson ID,07/01/1893,4307 4838 6551,True,True,True,True
img_713.png,tampered,,,,False,False,False,False
img_715.png,tampered,Mr,28/08/2007,1454 8768 4307,True,True,True,True
img_716.png,tampered,,32/11/7024,0597 3211 7024,False,True,True,False
img_717.png,tampered,,12/12/1978,8779 8523 4374,False,True,True,False
img_718.png,tampered,Petar Landry,17/04/1974,,True,True,False,False
img_719.png,tampered,Christopher Conley,02/01/1885,4193 9833 7141,True,True,True,True
img_72.png,tampered,,14/02/1887,,False,True,False,False
img_720.png,tampered,,,,False,False,False,False
img_721.png,tampered,Uctete Bepon,,,True,False,False,False
img_722.png,tampered,,0041280,,False,False,False,False
img_723.png,tampered,Kristin Salas,16/10/1868,,True,True,False,False
img_724.png,tampered,,,1593 3298 2851,False,False,True,False
img_725.png,tampered,ZacharyContrenas,30/10/1978,5536 4845 3551,True,True,True,True
img_728.png,tampered,Batty Whitehead,04/09/1978,4981 8030 2975,True,True,True,True
img_73.png,tampered,,,0465 2909 2125,False,False,True,False
img_730.png,tampered,AlexanderCampbell,16/05/1881,3880 4629 9437,True,True,True,True
img_731.png,tampered,John Williams,04/11/2001,8097 5838 4722,True,True,True,True
img_732.png,tampered,,53/01/3249,5301 3249 4682,False,True,True,False
img_733.png,tampered,Joon Camptell,36/11/2008,,True,True,False,False
img_734.png,tampered,Christopher Walch,26/01/1974,8538 8161 3164,True,True,True,True
img_735.png,tampered,Anthony Pruitt,10/11/2005,6861 1354 2868,True,True,True,True
img_736.png,tampered,Samantha Patterson,07/04/2004,1040 4076 3638,True,True,True,True
img_737.png,tampered,MaryGarcia,82/72/9342,8272 9342 8241,True,True,True,True
img_738.png,tampered,Robin Johnson,14/03/1868,4304 3650 7287,True,True,True,True
img_739.png,tampered,Matthew Young,12/17/1885,7654 9937 3067,True,True,True,True
img_74.png,tampered,Tont Hunt,28/02/2001,,True,True,False,False
img_740.png,tampered,,21/08/2000,7060 3029 5713,False,True,True,False
img_741.png,tampered,Jaffrey Patel,64/12/7448,1031 6412 7448,True,True,True,True
img_742.png,tampered,,,,False,False,False,False
img_743.png,tampered,,,0052 1417 7908,False,False,True,False
img_744.png,tampered,,24/02/1898,,False,True,False,False
img_745.png,tampered,Amy Gray MID,08/08/1897,2411 6858 9025,True,True,True,True
img_746.png,tampered,,17/29/9904,1729 9904 9527,False,True,True,False
img_747.png,tampered,Anna hloore,01/06/1887,4786 7529 2559,True,True,True,True
img_748.png,tampered,Nathan Hernandez,01/02/1997,8187 9035 4777,True,True,True,True
img_749.png,tampered,Randy Thomas,26/01/1975,8048 9595 5617,True,True,True,True
img_75.png,tampered,,12/03/2004,,False,True,False,False
img_750.png,tampered,,02/12/9974,,False,True,False,False
img_751.png,tampered,,08/01/1001,,False,True,False,False
img_752.png,tampered,Mr,10/07/1897,3760 4274 4467,True,True,True,True
img_753.png,tampered,,24/12/1882,2178 9732 4222,False,True,True,False
img_754.png,tampered,William Baker,08/02/1881,6461 7440 1737,True,True,True,True
img_755.png,tampered,Dr,12/07/2005,1799 7505 1954,True,True,True,True
img_756.png,tampered,Melvin Meclure,10/02/2005,6802 4328 2673,True,True,True,True
img_757.png,tampered,NancyGardner,16/10/1968,1615 6344 5122,True,True,True,True
img_758.png,tampered,Kyla Wood,17/05/1975,4751 9434 5409,True,True,True,True
img_759.png,tampered,,,8290 1158 6900,False,False,True,False
img_760.png,tampered,Barbara Gonzatsz,31/12/1893,6808 6202 8702,True,True,True,True
img_762.png,tampered,,21/07/1888,7303 6844 2078,False,True,True,False
img_763.png,tampered,,00/80/1041,1074 9170 0712,False,True,True,False
img_764.png,tampered,,39/41/3508,3941 3508 4971,False,True,True,False
img_765.png,tampered,Nicholas Miller,,8196 3156 7657,True,False,True,False
img_766.png,tampered,,,,False,False,False,False
img_767.png,tampered,Dr,23/04/1977,1840 1388 4163,True,True,True,True
img_768.png,tampered,,,,False,False,False,False
img_769.png,tampered,Amy Walker,25/05/1972,4143 7814 4394,True,True,True,True
img_77.png,tampered,Alexis Bush,02/10/1970,2599 5662 5342,True,True,True,True
img_772.png,tampered,Kevin Sinmons DDS,16/17/1899,5274 3634 4491,True,True,True,True
img_773.png,tampered,Navid Collins,09/01/1882,8428 3017 3522,True,True,True,True
img_774.png,tampered,,30/01/1898,7320 1122 6560,False,True,True,False
img_775.png,tampered,James Hines,01/11/1890,8052 3597 8358,True,True,True,True
img_776.png,tampered,Dawn Warren,30/05/1994,6582 7603 3968,True,True,True,True
img_777.png,tampered,Crystal Brown,06/05/1968,6086 3177 2288,True,True,True,True
img_78.png,tampered,Eric Gonzales,13/03/1894,6831 7838 2111,True,True,True,True
img_780.png,tampered,Terry Pay,11/04/1970,8973 7302 9368,True,True,True,True
img_781.png,tampered,BrandiColeman,18/10/1883,4201 7877 9184,True,True,True,True
img_782.png,tampered,Amanda Grimes,24/11/1882,3401 5822 9347,True,True,True,True
img_783.png,tampered,Desiree Thomas,15/10/1975,,True,True,False,False
img_784.png,tampered,,24/12/1882,,False,True,False,False
img_787.png,tampered,,,,False,False,False,False
img_788.png,tampered,Carl Wyatt,12/01/1881,8876 2464 1705,True,True,True,True
img_789.png,tampered,Joseph Stone,09/09/1885,7665 1684 1924,True,True,True,True
img_79.png,tampered,Amanda Humphrey,08/06/1893,8200 1591 5953,True,True,True,True
img_790.png,tampered,Julie Brayn,03/12/2003,2277 6428 8165,True,True,True,True
img_791.png,tampered,,13/01/2008,,False,True,False,False
img_793.png,tampered,Alexander King,16/09/2008,6957 4332 7884,True,True,True,True
img_794.png,tampered,,,,False,False,False,False
img_795.png,tampered,,,,False,False,False,False
img_797.png,tampered,Suah Gordon,42/62/8786,1528 4262 8786,True,True,True,True
img_798.png,tampered,Heather Williams MD,26/01/1867,6378 3637 7542,True,True,True,True
img_799.png,tampered,Jamia Porter,18/04/1996,8000 4539 4598,True,True,True,True
img_8.png,tampered,,22/02/1082,,False,True,False,False
img_80.png,tampered,Gary Pollard,22/02/1885,,True,True,False,False
img_800.png,tampered,Joshua Alexander,02/01/1897,8984 9090 6370,True,True,True,True
img_802.png,tampered,Timothy Guerra,17/02/1898,5055 5186 3388,True,True,True,True
img_803.png,tampered,,,8845 7731 9675,False,False,True,False
img_804.png,tampered,Kimberly Campball,29/09/1873,3927 7361 5403,True,True,True,True
img_805.png,tampered,John Morales,21/08/1971,1859 2009 6198,True,True,True,True
img_806.png,tampered,Toni Kerr,82/40/5400,3787 8240 5400,True,True,True,True
img_807.png,tampered,Micholas Mcooy,22/02/1979,3873 4909 7336,True,True,True,True
img_808.png,tampered,Christine Andrews,23/09/2002,3181 6664 6637,True,True,True,True
img_809.png,tampered,,05/10/1882,,False,True,False,False
img_810.png,tampered,Jamia Garcia,21/11/1975,8585 2652 4023,True,True,True,True
img_811.png,tampered,Christopher Parker,16/02/1868,5957 8709 5577,True,True,True,True
img_812.png,tampered,Joma Saath,18/01/4236,,True,True,False,False
img_813.png,tampered,Wanda Lopez,07/08/1887,2860 5057 1092,True,True,True,True
img_814.png,tampered,Uicheel Gateon,28/12/9978,7530 9420 6912,True,True,True,True
img_815.png,tampered,,27/12/1880,8202 5511 3513,False,True,True,False
img_821.png,tampered,,13/11/1973,1280 3880 6292,False,True,True,False
img_822.png,tampered,George Lee,26/11/1890,4805 2983 4431,True,True,True,True
img_823.png,tampered,Brittney Parker,15/09/1896,3839 3417 5442,True,True,True,True
img_824.png,tampered,,,,False,False,False,False
img_825.png,tampered,Barry Thomas,27/08/1895,2765 3774 2871,True,True,True,True
img_826.png,tampered,,14/06/2000,,False,True,False,False
img_827.png,tampered,Wyatt Jones,18/01/1974,6042 4701 9345,True,True,True,True
img_828.png,tampered,Christine Williams,23/02/1880,2247 3148 8615,True,True,True,True
img_829.png,tampered,,19/04/1975,,False,True,False,False
img_83.png,tampered,,,,False,False,False,False
img_830.png,tampered,,3007788,,False,False,False,False
img_831.png,tampered,Jeffrey Garcia,28/03/2003,9808 9590 9252,True,True,True,True
img_833.png,tampered,,32/04/1265,,False,True,False,False
img_834.png,tampered,Harry Dunn,30/01/1891,8689 7871 4953,True,True,True,True
img_836.png,tampered,Alexander Harris,08/01/1883,7329 5783 5793,True,True,True,True
img_837.png,tampered,Dustin Castro,08/10/1888,4005 9158 3220,True,True,True,True
img_838.png,tampered,Nicholas Tucker,01/11/2008,1439 1785 8391,True,True,True,True
img_84.png,tampered,Charles Chavez,20/17/1974,2432 4857 2662,True,True,True,True
img_840.png,tampered,Benjamin Andrews,05/07/1888,2518 8516 2341,True,True,True,True
img_841.png,tampered,,45/23/7200,4523 7200 6997,False,True,True,False
img_842.png,tampered,,07/02/9775,,False,True,False,False
img_843.png,tampered,JannyCbrien,07/04/1888,4796 6879 1895,True,True,True,True
img_844.png,tampered,Mark Curry,25/03/1885,3171 3631 5339,True,True,True,True
img_845.png,tampered,Metissa Price,27/06/1880,3588 3489 6968,True,True,True,True
img_846.png,tampered,Phillip Fitzgerald,04/05/1891,4573 3716 9414,True,True,True,True
img_847.png,tampered,,,,False,False,False,False
img_848.png,tampered,Deborah Robinson,24/11/1886,3886 5302 3482,True,True,True,True
img_85.png,tampered,Andrew Molina,21/08/1898,5587 8239 8008,True,True,True,True
img_850.png,tampered,William Stevens,22/71/7452,6275 2271 7452,True,True,True,True
img_851.png,tampered,Shawn Hamilton,17/02/1998,8895 1737 4444,True,True,True,True
img_852.png,tampered,Michael Mendoza,25/07/1891,,True,True,False,False
img_853.png,tampered,Lindsay Patrick,29/06/1965,8131 1211 4644,True,True,True,True
img_854.png,tampered,,,,False,False,False,False
img_856.png,tampered,,21/02/2005,7262 1395 8218,False,True,True,False
img_857.png,tampered,,39/08/2978,,False,True,False,False
img_859.png,tampered,Karan Williams,01/08/1967,,True,True,False,False
img_86.png,tampered,,29/10/1881,,False,True,False,False
img_860.png,tampered,Timothy Fodriguaz,15/07/1979,,True,True,False,False
img_861.png,tampered,Cristina Montoya,26/01/1994,1384 4800 7445,True,True,True,True
img_862.png,tampered,,09/02/2975,,False,True,False,False
img_864.png,tampered,Katie Gordon,16/01/1974,3898 9375 4172,True,True,True,True
img_865.png,tampered,,23/05/1893,,False,True,False,False
img_867.png,tampered,,77/01/0019,4547 2904 1001,False,True,True,False
img_868.png,tampered,Derrick Scott,17/04/1976,4858 5620 5938,True,True,True,True
img_869.png,tampered,Michael Smith II,16/08/1882,2976 7648 9788,True,True,True,True
img_87.png,tampered,,1437774,,False,False,False,False
img_870.png,tampered,,31/08/2002,,False,True,False,False
img_871.png,tampered,,26/07/2005,,False,True,False,False
img_872.png,tampered,Martin Spencer,,7563 3198 8810,True,False,True,False
img_873.png,tampered,Kelly Smith,04/07/1889,8289 2477 5220,True,True,True,True
img_874.png,tampered,Sarah Williams,31/07/1964,1234 8009 3170,True,True,True,True
img_875.png,tampered,Traci Merritt,28/17/1867,8120 8996 8683,True,True,True,True
img_876.png,tampered,Danialts Nunez,61/25/9098,6737 6125 9098,True,True,True,True
img_877.png,tampered,,18/04/1888,7480 3770 2984,False,True,True,False
img_878.png,tampered,KristopherGraves,12/08/1893,1217 6262 5959,True,True,True,True
img_879.png,tampered,Adam Green,18/11/2007,4553 2895 8584,True,True,True,True
img_88.png,tampered,,,,False,False,False,False
img_881.png,tampered,,01/04/1208,,False,True,False,False
img_883.png,tampered,Drew Fox,51/05/2007,6597 9564 8651,True,True,True,True
img_884.png,tampered,Tylar Jenkins,28/17/1887,5575 7283 6898,True,True,True,True
img_885.png,tampered,,18/09/1973,,False,True,False,False
img_886.png,tampered,Liss Coleman,02/02/1887,4845 2478 6320,True,True,True,True
img_887.png,tampered,,04/07/2007,,False,True,False,False
img_889.png,tampered,Michael Reed,16/17/1894,3293 4858 2876,True,True,True,True
img_89.png,tampered,Michael Nixon,05/10/1880,5769 7324 7029,True,True,True,True
img_890.png,tampered,,06/03/1895,9306 8204 4519,False,True,True,False
img_892.png,tampered,Robert Reyes,03/01/2008,3241 6399 4711,True,True,True,True
img_893.png,tampered,Matthew Buchanan,08/01/2004,,True,True,False,False
img_894.png,tampered,Corey Porter,08/06/1898,1568 2670 7497,True,True,True,True
img_895.png,tampered,,,,False,False,False,False
img_896.png,tampered,Ethan West,33/29/5016,4580 3329 5016,True,True,True,True
img_897.png,tampered,Brian Mcdonald,09/11/1972,9959 2599 1050,True,True,True,True
img_898.png,tampered,Rabecca Clark,29/04/1882,5528 9585 9934,True,True,True,True
img_899.png,tampered,,23/09/1882,,False,True,False,False
img_9.png,tampered,hlegan Reese,24/06/2003,6928 5170 2755,True,True,True,True
img_90.png,tampered,,4041775,,False,False,False,False
img_900.png,tampered,,07/01/1775,1090 4435 7670,False,True,True,False
img_901.png,tampered,,14/03/1208,,False,True,False,False
img_903.png,tampered,,10/01/1984,7490 8292 4421,False,True,True,False
img_904.png,tampered,,14/02/1973,,False,True,False,False
img_907.png,tampered,,28/02/1969,,False,True,False,False
img_91.png,tampered,,19/01/1898,8336 5477 3048,False,True,True,False
img_911.png,tampered,Joshua Barnes,01/06/1989,8917 5015 2726,True,True,True,True
img_914.png,tampered,Gregory Jones,17/01/1888,6162 7747 5648,True,True,True,True
img_915.png,tampered,,01/04/1971,2344 2686 5145,False,True,True,False
img_916.png,tampered,Randall Brawn,29/10/1880,7878 7387 5491,True,True,True,True
img_917.png,tampered,,02/01/1284,,False,True,False,False
img_918.png,tampered,,31/01/9977,,False,True,False,False
img_919.png,tampered,Taylor Briggs MD,08/12/1888,3244 1911 9388,True,True,True,True
img_92.png,tampered,Luts Johnson,08/11/1984,6097 3408 5689,True,True,True,True
img_920.png,tampered,James Zuniga,22/01/1889,7605 3571 1916,True,True,True,True
img_921.png,tampered,Joel Myers,24/01/1888,5256 8872 9832,True,True,True,True
img_922.png,tampered,Ryan Williams,08/02/1888,2558 6538 1823,True,True,True,True
img_923.png,tampered,,16/11/1891,1078 2183 9739,False,True,True,False
img_924.png,tampered,Justin Kim,09/08/1881,4008 2133 3620,True,True,True,True
img_925.png,tampered,Kim Jackson,17/07/1889,1617 8036 2135,True,True,True,True
img_926.png,tampered,Angela Wagner,16/07/1974,,True,True,False,False
img_927.png,tampered,Jessica Harvey,23/04/2002,8287 1809 4463,True,True,True,True
img_93.png,tampered,Amanda Graham,21/08/2008,6078 9034 9654,True,True,True,True
img_930.png,tampered,,,,False,False,False,False
img_931.png,tampered,Michael Martin,12/08/1892,1535 4378 2557,True,True,True,True
img_932.png,tampered,Anthony Jackson,15/06/1892,,True,True,False,False
img_934.png,tampered,Craig Robertson,26/11/1891,7221 1921 3911,True,True,True,True
img_936.png,tampered,Michslte Perkins,28/05/1888,3964 7301 5387,True,True,True,True
img_937.png,tampered,,32/01/9975,,False,True,False,False
img_938.png,tampered,Sandra Allen,23/09/1979,8866 3445 3768,True,True,True,True
img_939.png,tampered,Sierra Ramirez,08/02/1890,1412 3344 2358,True,True,True,True
img_94.png,tampered,David Mathis,13/02/2008,,True,True,False,False
img_940.png,tampered,Mrs Christina Grimes,01/10/1881,,True,True,False,False
img_943.png,tampered,,,,False,False,False,False
img_944.png,tampered,Samuel Herman,17/01/0319,,True,True,False,False
img_945.png,tampered,Omar Fisher,01/01/2008,6975 8410 1797,True,True,True,True
img_947.png,tampered,Brenda Hicks,02/08/1890,,True,True,False,False
img_948.png,tampered,,04/05/0997,,False,True,False,False
img_949.png,tampered,,,1950 2919 4199,False,False,True,False
img_95.png,tampered,,,,False,False,False,False
img_950.png,tampered,,27/12/1888,6045 7525 1343,False,True,True,False
img_951.png,tampered,Cathy Poth,13/08/2004,2896 8185 6622,True,True,True,True
img_952.png,tampered,Michael Mocoy,29/11/1865,7885 2652 7705,True,True,True,True
img_953.png,tampered,,36/01/0064,,False,True,False,False
img_954.png,tampered,,14/01/0709,,False,True,False,False
img_955.png,tampered,Spencer Long,05/06/1882,6797 2881 7150,True,True,True,True
img_956.png,tampered,,02/08/2005,,False,True,False,False
img_957.png,tampered,,27/10/2007,,False,True,False,False
img_959.png,tampered,Erica Orozco,13/02/1882,4074 8790 2862,True,True,True,True
img_96.png,tampered,Sheila Hines,03/05/1892,5941 2351 7444,True,True,True,True
img_960.png,tampered,Amanda Dominguez,04/12/1899,,True,True,False,False
img_961.png,tampered,Henry White,29/10/1975,5443 2538 1377,True,True,True,True
img_962.png,tampered,Kristine Martinsz,14/07/1893,6214 6911 9372,True,True,True,True
img_963.png,tampered,,,,False,False,False,False
img_964.png,tampered,,29/05/1883,,False,True,False,False
img_965.png,tampered,Michael Lynch,06/07/1895,3424 5170 6816,True,True,True,True
img_966.png,tampered,Edwin Oven,43/14/9184,4410 4314 9184,True,True,True,True
img_967.png,tampered,Justin Mckay,02/01/1898,,True,True,False,False
img_968.png,tampered,Ryan Mebride,12/06/1893,,True,True,False,False
img_969.png,tampered,,03/06/2008,1967 4890 3493,False,True,True,False
img_97.png,tampered,Karan Brooks,12/01/1979,7058 1112 2568,True,True,True,True
img_970.png,tampered,,04/05/9975,,False,True,False,False
img_971.png,tampered,Lauran Hotdar,16/09/2003,8852 7668 5188,True,True,True,True
img_972.png,tampered,Jamie Alaxander,13/10/2008,3758 3784 7727,True,True,True,True
img_974.png,tampered,,,6848 9169 4056,False,False,True,False
img_975.png,tampered,Wayne Fisher,29/09/1971,8173 2823 3486,True,True,True,True
img_977.png,tampered,Uichae,,,True,False,False,False
img_978.png,tampered,Anne Hill,,2603 3533 8668,True,False,True,False
img_98.png,tampered,,,8800 3422 7608,False,False,True,False
img_980.png,tampered,,02/41/1725,0241 1725 3046,False,True,True,False
img_981.png,tampered,Jassica Taylor,31/10/2000,6888 7122 6354,True,True,True,True
img_982.png,tampered,Dana Martinez,21/04/1888,6338 4340 8921,True,True,True,True
img_983.png,tampered,Amy Mecoy,22/08/1965,8182 1085 5612,True,True,True,True
img_984.png,tampered,Kaihben Smith,08/05/1894,,True,True,False,False
img_985.png,tampered,Natasha Brooks,27/10/2000,2100 4859 8588,True,True,True,True
img_986.png,tampered,,13/12/9282,,False,True,False,False
img_988.png,tampered,Cassandra Greens,26/08/2000,,True,True,False,False
img_99.png,tampered,Roberta Simmons,08/03/1831,7414 9221 3514,True,True,True,True
img_991.png,tampered,,09/62/2008,,False,True,False,False
img_992.png,tampered,Patricia Jones,22/03/1881,2806 3047 3400,True,True,True,True
img_993.png,tampered,Craig Patterson,28/08/2001,1314 1218 3163,True,True,True,True
img_994.png,tampered,Caty larg,12/01/9979,,True,True,False,False
img_996.png,tampered,,,,False,False,False,False
img_999.png,tampered,James Snyder,06/11/1934,4534 1288 5339,True,True,True,True
